Rk,Player,Age,Team,Pos,G,GS,MP,FG,FGA,FG%,3P,3PA,3P%,2P,2PA,2P%,eFG%,FT,FTA,FT%,ORB,DRB,TRB,AST,STL,BLK,TOV,PF,PTS,Awards,Year
276.0,A.J. Green,25.0,MIL,SG,73.0,7.0,22.7,2.5,5.8,0.429,2.1,5.0,0.427,0.4,0.8,0.443,0.612,0.3,0.4,0.815,0.2,2.1,2.4,1.5,0.5,0.1,0.5,2.2,7.4,,2025
218.0,A.J. Lawson,24.0,TOR,SG,26.0,2.0,18.7,3.1,7.3,0.421,1.3,3.9,0.327,1.8,3.4,0.528,0.508,1.7,2.4,0.683,0.8,2.5,3.3,1.2,0.5,0.2,0.6,1.7,9.1,,2025
217.0,AJ Griffin,19.0,ATL,SF,72.0,12.0,19.5,3.4,7.4,0.465,1.4,3.6,0.39,2.0,3.8,0.536,0.56,0.6,0.7,0.894,0.5,1.6,2.1,1.0,0.6,0.2,0.6,1.2,8.9,,2023
271.0,AJ Johnson,20.0,WAS,SG,22.0,11.0,27.0,3.4,8.8,0.381,1.0,3.9,0.247,2.4,5.0,0.486,0.436,1.4,1.6,0.886,0.4,2.0,2.4,3.1,0.5,0.1,1.4,2.3,9.1,,2025
124.0,Aaron Brooks,30.0,CHI,PG,82.0,21.0,23.0,4.2,10.0,0.421,1.5,3.8,0.387,2.7,6.1,0.442,0.495,1.8,2.1,0.833,0.4,1.6,2.0,3.2,0.7,0.2,1.9,2.3,11.6,,2015
235.0,Aaron Brooks,31.0,CHI,PG,69.0,0.0,16.1,2.7,6.8,0.401,1.0,2.7,0.357,1.8,4.1,0.43,0.471,0.7,0.9,0.766,0.3,1.2,1.5,2.6,0.4,0.1,1.2,1.9,7.1,,2016
316.0,Aaron Gordon,19.0,ORL,PF,47.0,8.0,17.0,2.0,4.4,0.447,0.3,1.0,0.271,1.7,3.4,0.5,0.478,0.9,1.3,0.721,1.0,2.6,3.6,0.7,0.4,0.5,0.8,1.8,5.2,,2015
169.0,Aaron Gordon,20.0,ORL,PF,78.0,37.0,23.9,3.5,7.4,0.473,0.5,1.8,0.296,3.0,5.6,0.531,0.509,1.7,2.5,0.668,2.0,4.5,6.5,1.6,0.8,0.7,0.8,2.0,9.2,,2016
101.0,Aaron Gordon,21.0,ORL,SF,80.0,72.0,28.7,4.9,10.8,0.454,1.0,3.3,0.288,4.0,7.5,0.528,0.499,2.0,2.7,0.719,1.5,3.6,5.1,1.9,0.8,0.5,1.1,2.2,12.7,,2017
43.0,Aaron Gordon,22.0,ORL,PF,58.0,57.0,32.9,6.5,14.9,0.434,2.0,5.9,0.336,4.5,9.0,0.497,0.5,2.7,3.9,0.698,1.5,6.4,7.9,2.3,1.0,0.8,1.8,1.9,17.6,,2018
68.0,Aaron Gordon,23.0,ORL,PF,78.0,78.0,33.8,6.0,13.4,0.449,1.6,4.4,0.349,4.5,9.0,0.499,0.507,2.4,3.2,0.731,1.7,5.7,7.4,3.7,0.7,0.7,2.1,2.2,16.0,,2019
97.0,Aaron Gordon,24.0,ORL,PF,62.0,62.0,32.5,5.4,12.4,0.437,1.2,3.8,0.308,4.2,8.5,0.494,0.484,2.4,3.6,0.674,1.7,5.9,7.7,3.7,0.8,0.6,1.6,2.0,14.4,,2020
135.0,Aaron Gordon,25.0,ORL,PF,25.0,25.0,29.4,5.1,11.7,0.437,1.7,4.5,0.375,3.4,7.2,0.475,0.509,2.6,4.2,0.629,1.6,5.1,6.6,4.2,0.6,0.8,2.7,2.0,14.6,,2021
91.0,Aaron Gordon,26.0,DEN,PF,75.0,75.0,31.7,5.8,11.1,0.52,1.2,3.5,0.335,4.6,7.7,0.605,0.573,2.3,3.1,0.743,1.7,4.2,5.9,2.5,0.6,0.6,1.8,2.0,15.0,,2022
82.0,Aaron Gordon,27.0,DEN,PF,68.0,68.0,30.2,6.3,11.2,0.564,0.9,2.5,0.347,5.4,8.6,0.628,0.603,2.8,4.6,0.608,2.4,4.1,6.6,3.0,0.8,0.8,1.4,1.9,16.3,,2023
109.0,Aaron Gordon,28.0,DEN,PF,73.0,73.0,31.5,5.5,9.8,0.556,0.5,1.9,0.29,4.9,7.9,0.619,0.584,2.4,3.7,0.658,2.4,4.1,6.5,3.5,0.8,0.6,1.4,1.9,13.9,,2024
98.0,Aaron Gordon,29.0,DEN,PF,51.0,42.0,28.4,5.2,9.7,0.531,1.5,3.4,0.436,3.7,6.4,0.582,0.607,2.8,3.5,0.81,1.6,3.3,4.8,3.2,0.5,0.3,1.4,1.6,14.7,,2025
271.0,Aaron Harrison,23.0,DAL,SG,9.0,3.0,25.9,2.1,7.7,0.275,1.0,4.8,0.209,1.1,2.9,0.385,0.341,1.4,1.9,0.765,0.4,2.2,2.7,1.2,1.0,0.2,0.3,3.0,6.7,,2018
187.0,Aaron Holiday,23.0,IND,PG,66.0,33.0,24.5,3.5,8.5,0.414,1.3,3.3,0.394,2.2,5.2,0.427,0.491,1.1,1.3,0.851,0.3,2.0,2.4,3.4,0.8,0.2,1.3,1.8,9.5,,2020
278.0,Aaron Holiday,24.0,IND,PG,66.0,8.0,17.8,2.6,6.6,0.39,1.0,2.8,0.368,1.6,3.8,0.406,0.467,1.0,1.3,0.819,0.2,1.1,1.3,1.9,0.7,0.2,1.0,1.4,7.2,,2021
323.0,Aaron Holiday,25.0,WAS,PG,41.0,14.0,16.2,2.4,5.2,0.467,0.6,1.6,0.343,1.9,3.6,0.524,0.521,0.7,0.9,0.8,0.2,1.4,1.6,1.9,0.6,0.2,1.0,1.5,6.1,,2022
278.0,Aaron Holiday,27.0,HOU,PG,78.0,1.0,16.3,2.4,5.3,0.446,1.1,2.8,0.387,1.3,2.6,0.51,0.547,0.7,0.8,0.921,0.3,1.3,1.6,1.8,0.5,0.1,0.7,1.6,6.6,,2024
222.0,Aaron Jackson,31.0,HOU,PG,1.0,0.0,35.0,3.0,9.0,0.333,1.0,4.0,0.25,2.0,5.0,0.4,0.389,1.0,2.0,0.5,2.0,1.0,3.0,1.0,0.0,0.0,1.0,4.0,8.0,,2018
175.0,Aaron Nesmith,23.0,IND,SF,73.0,60.0,24.9,3.5,8.1,0.427,1.6,4.3,0.366,1.9,3.8,0.496,0.525,1.6,1.9,0.838,0.8,2.9,3.8,1.3,0.8,0.5,1.0,3.2,10.1,,2023
136.0,Aaron Nesmith,24.0,IND,SF,72.0,47.0,27.7,4.4,8.8,0.496,1.9,4.6,0.419,2.4,4.2,0.581,0.606,1.5,1.9,0.781,0.9,2.9,3.8,1.5,0.9,0.7,0.9,3.3,12.2,,2024
146.0,Aaron Nesmith,25.0,IND,SF,45.0,37.0,25.0,4.3,8.4,0.507,1.9,4.3,0.431,2.4,4.1,0.587,0.617,1.6,1.8,0.913,0.8,3.1,4.0,1.2,0.8,0.4,0.8,2.5,12.0,,2025
245.0,Aaron Wiggins,23.0,OKC,SG,50.0,35.0,24.2,3.1,6.7,0.463,0.8,2.8,0.304,2.3,4.0,0.573,0.525,1.2,1.7,0.729,1.0,2.5,3.6,1.4,0.6,0.2,1.1,1.9,8.3,,2022
286.0,Aaron Wiggins,24.0,OKC,SG,70.0,14.0,18.5,2.7,5.2,0.512,0.7,1.7,0.393,2.0,3.4,0.573,0.579,0.8,1.0,0.831,1.0,2.0,3.0,1.1,0.6,0.2,0.8,1.6,6.8,,2023
265.0,Aaron Wiggins,25.0,OKC,SG,78.0,4.0,15.7,2.7,4.8,0.562,0.8,1.6,0.492,1.9,3.2,0.598,0.645,0.7,0.9,0.789,0.8,1.6,2.4,1.1,0.7,0.2,0.7,1.2,6.9,,2024
147.0,Aaron Wiggins,26.0,OKC,SG,76.0,26.0,22.9,4.7,9.6,0.488,1.7,4.5,0.383,3.0,5.1,0.578,0.577,1.0,1.2,0.831,1.1,2.8,3.9,1.8,0.8,0.2,0.9,1.3,12.0,,2025
297.0,Abdel Nader,26.0,OKC,SF,55.0,6.0,15.8,2.2,4.8,0.468,0.9,2.3,0.375,1.4,2.5,0.556,0.559,0.9,1.2,0.773,0.3,1.6,1.8,0.7,0.4,0.4,0.8,1.4,6.3,,2020
355.0,Adem Bona,21.0,PHI,C,58.0,11.0,15.6,2.3,3.3,0.703,0.0,0.0,0.0,2.3,3.3,0.707,0.703,1.2,1.7,0.67,1.6,2.6,4.2,0.5,0.4,1.2,1.1,2.2,5.8,,2025
253.0,Adreian Payne,23.0,MIN,PF,29.0,22.0,24.8,3.1,7.3,0.418,0.0,0.3,0.125,3.0,7.1,0.429,0.42,1.0,1.5,0.659,1.6,3.8,5.4,1.0,0.6,0.3,1.5,2.9,7.2,,2015
324.0,Ajay Mitchell,22.0,OKC,SG,36.0,1.0,16.6,2.5,5.1,0.495,0.6,1.7,0.383,1.9,3.4,0.548,0.557,0.8,1.0,0.829,0.5,1.4,1.9,1.8,0.7,0.1,0.8,1.9,6.5,,2025
63.0,Al Horford,28.0,ATL,C,76.0,76.0,30.5,6.8,12.7,0.538,0.1,0.5,0.306,6.7,12.2,0.547,0.544,1.4,1.9,0.759,1.7,5.4,7.2,3.2,0.9,1.3,1.3,1.6,15.2,,2015
63.0,Al Horford,29.0,ATL,C,82.0,82.0,32.1,6.5,12.8,0.505,1.1,3.1,0.344,5.4,9.7,0.557,0.547,1.3,1.6,0.798,1.8,5.5,7.3,3.2,0.8,1.5,1.3,2.0,15.2,,2016
78.0,Al Horford,30.0,BOS,C,68.0,68.0,32.3,5.6,11.8,0.473,1.3,3.6,0.355,4.3,8.2,0.524,0.527,1.6,2.0,0.8,1.4,5.4,6.8,5.0,0.8,1.3,1.7,2.0,14.0,,2017
106.0,Al Horford,31.0,BOS,C,72.0,72.0,31.6,5.1,10.5,0.489,1.3,3.1,0.429,3.8,7.3,0.514,0.553,1.3,1.7,0.783,1.4,5.9,7.4,4.7,0.6,1.1,1.8,1.9,12.9,,2018
105.0,Al Horford,32.0,BOS,C,68.0,68.0,29.0,5.7,10.6,0.535,1.1,3.0,0.36,4.6,7.6,0.604,0.586,1.1,1.4,0.821,1.8,5.0,6.7,4.2,0.9,1.3,1.5,1.9,13.6,,2019
133.0,Al Horford,33.0,PHI,C,67.0,61.0,30.2,4.8,10.6,0.45,1.5,4.2,0.35,3.3,6.4,0.516,0.52,0.9,1.2,0.763,1.5,5.3,6.8,4.0,0.8,0.9,1.2,2.1,11.9,,2020
101.0,Al Horford,34.0,OKC,C,28.0,28.0,27.9,5.8,12.9,0.45,2.0,5.4,0.368,3.8,7.4,0.51,0.528,0.6,0.8,0.818,1.0,5.7,6.7,3.4,0.9,0.9,1.0,1.7,14.2,,2021
178.0,Al Horford,35.0,BOS,C,69.0,69.0,29.1,3.9,8.2,0.467,1.3,3.8,0.336,2.6,4.4,0.582,0.546,1.2,1.4,0.842,1.6,6.1,7.7,3.4,0.7,1.3,0.9,1.9,10.2,,2022
185.0,Al Horford,36.0,BOS,C,63.0,63.0,30.5,3.6,7.6,0.476,2.3,5.2,0.446,1.3,2.4,0.539,0.627,0.2,0.3,0.714,1.2,5.0,6.2,3.0,0.5,1.0,0.6,1.9,9.8,,2023
211.0,Al Horford,37.0,BOS,C,65.0,33.0,26.8,3.3,6.4,0.511,1.7,4.0,0.419,1.6,2.5,0.658,0.64,0.4,0.5,0.867,1.3,5.1,6.4,2.6,0.6,1.0,0.7,1.4,8.6,,2024
226.0,Al Horford,38.0,BOS,C,60.0,42.0,27.7,3.3,7.7,0.423,1.9,5.2,0.363,1.4,2.5,0.551,0.547,0.6,0.6,0.895,1.3,4.8,6.2,2.1,0.6,0.9,0.8,1.4,9.0,,2025
41.0,Al Jefferson,30.0,CHO,C,65.0,61.0,30.6,7.5,15.5,0.481,0.0,0.1,0.4,7.4,15.5,0.482,0.482,1.7,2.5,0.655,1.5,6.9,8.4,1.7,0.7,1.3,1.0,2.1,16.6,,2015
110.0,Al Jefferson,31.0,CHO,C,47.0,18.0,23.3,5.2,10.7,0.485,0.0,0.0,,5.2,10.7,0.485,0.485,1.5,2.4,0.649,1.2,5.2,6.4,1.5,0.6,0.9,0.7,2.5,12.0,,2016
295.0,Al-Farouq Aminu,24.0,DAL,SF,74.0,3.0,18.5,2.0,4.8,0.412,0.5,1.7,0.274,1.5,3.1,0.485,0.459,1.1,1.6,0.712,1.5,3.1,4.6,0.8,0.9,0.8,0.7,1.9,5.6,,2015
145.0,Al-Farouq Aminu,25.0,POR,SF,82.0,82.0,28.5,3.6,8.8,0.416,1.5,4.3,0.361,2.1,4.5,0.468,0.503,1.4,1.9,0.737,1.2,4.9,6.1,1.7,0.9,0.6,1.5,2.1,10.2,,2016
186.0,Al-Farouq Aminu,26.0,POR,PF,61.0,25.0,29.1,3.0,7.6,0.393,1.1,3.5,0.33,1.9,4.2,0.445,0.468,1.6,2.2,0.706,1.3,6.1,7.4,1.6,1.0,0.7,1.5,1.7,8.7,,2017
184.0,Al-Farouq Aminu,27.0,POR,PF,69.0,67.0,30.0,3.3,8.4,0.395,1.8,4.9,0.369,1.5,3.5,0.432,0.503,0.9,1.2,0.738,1.4,6.2,7.6,1.2,1.1,0.6,1.1,2.0,9.3,,2018
188.0,Al-Farouq Aminu,28.0,POR,PF,81.0,81.0,28.3,3.2,7.3,0.433,1.2,3.5,0.343,2.0,3.9,0.514,0.514,1.9,2.1,0.867,1.4,6.1,7.5,1.3,0.8,0.4,0.9,1.8,9.4,,2019
389.0,Al-Farouq Aminu,29.0,ORL,PF,18.0,2.0,21.1,1.4,4.8,0.291,0.5,2.0,0.25,0.9,2.8,0.32,0.343,1.1,1.6,0.655,1.3,3.5,4.8,1.2,1.0,0.4,0.9,1.5,4.3,,2020
394.0,Al-Farouq Aminu,30.0,ORL,PF,17.0,14.0,21.6,2.1,5.2,0.404,0.4,1.8,0.226,1.7,3.4,0.5,0.444,0.8,1.0,0.824,1.2,4.2,5.4,1.7,1.0,0.5,1.5,1.3,5.5,,2021
227.0,Alan Anderson,32.0,BRK,SG,74.0,19.0,23.6,2.6,5.9,0.443,1.0,2.8,0.348,1.6,3.1,0.53,0.526,1.1,1.4,0.812,0.4,2.3,2.8,1.1,0.8,0.1,0.8,2.0,7.4,,2015
221.0,Alan Williams,24.0,PHO,C,47.0,0.0,15.1,2.9,5.7,0.517,0.0,0.0,0.0,2.9,5.7,0.519,0.517,1.5,2.4,0.625,2.0,4.2,6.2,0.5,0.6,0.7,0.8,2.7,7.4,,2017
77.0,Alec Burks,23.0,UTA,SG,27.0,27.0,33.3,4.5,11.1,0.403,1.0,2.5,0.382,3.5,8.6,0.409,0.447,3.9,4.8,0.822,0.7,3.5,4.2,3.0,0.6,0.2,1.9,2.4,13.9,,2015
86.0,Alec Burks,24.0,UTA,SG,31.0,3.0,25.7,4.4,10.8,0.41,1.0,2.5,0.405,3.4,8.2,0.412,0.458,3.4,4.5,0.752,0.5,3.0,3.5,2.0,0.6,0.1,1.6,2.3,13.3,,2016
248.0,Alec Burks,25.0,UTA,SG,42.0,0.0,15.5,2.4,5.9,0.399,0.6,1.8,0.329,1.8,4.1,0.43,0.45,1.4,1.9,0.769,0.4,2.5,2.9,0.7,0.4,0.1,0.8,1.2,6.7,,2017
236.0,Alec Burks,26.0,UTA,SG,64.0,1.0,16.5,2.7,6.5,0.411,0.7,2.2,0.331,1.9,4.3,0.452,0.467,1.7,1.9,0.863,0.3,2.7,3.0,1.0,0.6,0.1,0.9,1.2,7.7,,2018
206.0,Alec Burks,27.0,UTA,SG,17.0,0.0,15.8,2.8,6.7,0.412,0.9,2.5,0.372,1.8,4.2,0.437,0.482,1.9,2.2,0.868,0.1,1.5,1.6,1.2,0.4,0.2,0.9,1.3,8.4,,2019
88.0,Alec Burks,28.0,PHI,SG,18.0,1.0,20.2,4.3,9.3,0.461,1.8,4.3,0.416,2.5,5.0,0.5,0.557,1.9,2.3,0.829,0.6,2.5,3.1,2.1,0.7,0.0,0.8,1.2,12.2,,2020
131.0,Alec Burks,29.0,NYK,SG,49.0,5.0,25.6,4.3,10.2,0.42,2.1,5.0,0.415,2.2,5.2,0.425,0.522,2.1,2.4,0.856,0.4,4.2,4.6,2.2,0.6,0.3,1.0,2.1,12.7,,2021
139.0,Alec Burks,30.0,NYK,SG,81.0,44.0,28.6,3.5,9.0,0.391,1.9,4.8,0.404,1.6,4.2,0.378,0.499,2.7,3.3,0.822,0.6,4.3,4.9,3.0,1.0,0.3,1.1,2.7,11.7,,2022
123.0,Alec Burks,31.0,DET,SG,51.0,8.0,22.0,3.9,9.0,0.436,1.9,4.7,0.414,2.0,4.3,0.459,0.544,3.0,3.7,0.814,0.4,2.7,3.1,2.2,0.7,0.2,1.1,1.9,12.8,,2023
280.0,Alec Burks,33.0,MIA,SG,49.0,14.0,17.6,2.3,5.5,0.424,1.8,4.2,0.425,0.6,1.3,0.422,0.587,0.8,1.0,0.776,0.3,2.2,2.5,1.1,0.6,0.1,0.6,0.8,7.3,,2025
238.0,Aleksej Pokusevski,19.0,OKC,PF,45.0,28.0,24.2,3.1,9.1,0.341,1.3,4.6,0.28,1.8,4.5,0.403,0.412,0.7,0.9,0.738,0.7,4.0,4.7,2.2,0.4,0.9,2.2,1.3,8.2,,2021
271.0,Aleksej Pokusevski,20.0,OKC,PF,61.0,12.0,20.2,3.0,7.5,0.408,0.9,3.2,0.289,2.1,4.2,0.498,0.47,0.6,0.8,0.7,1.2,4.0,5.2,2.1,0.6,0.6,1.5,1.4,7.6,,2022
238.0,Aleksej Pokusevski,21.0,OKC,PF,34.0,25.0,20.6,3.2,7.3,0.434,1.1,3.1,0.365,2.1,4.3,0.483,0.51,0.6,1.0,0.629,1.3,3.4,4.7,1.9,0.6,1.3,1.3,1.7,8.1,,2023
411.0,Alex Caruso,23.0,LAL,PG,37.0,7.0,15.2,1.4,3.1,0.431,0.4,1.2,0.302,1.0,2.0,0.507,0.487,0.6,0.8,0.7,0.4,1.4,1.8,2.0,0.6,0.3,1.1,1.4,3.6,,2018
194.0,Alex Caruso,24.0,LAL,PG,25.0,4.0,21.2,3.1,6.9,0.445,1.0,2.0,0.48,2.1,4.9,0.431,0.514,2.0,2.6,0.797,0.8,1.9,2.7,3.1,1.0,0.4,1.7,2.2,9.2,,2019
332.0,Alex Caruso,25.0,LAL,PG,64.0,2.0,18.4,1.9,4.5,0.412,0.6,1.9,0.333,1.3,2.7,0.468,0.481,1.1,1.5,0.734,0.3,1.7,1.9,1.9,1.1,0.3,0.8,1.5,5.5,,2020
315.0,Alex Caruso,26.0,LAL,PG,58.0,6.0,21.0,2.3,5.3,0.436,0.9,2.4,0.401,1.3,2.9,0.464,0.526,0.8,1.3,0.645,0.5,2.4,2.9,2.8,1.1,0.3,1.3,1.9,6.4,,2021
280.0,Alex Caruso,27.0,CHI,SG,41.0,18.0,28.0,2.5,6.2,0.398,1.0,3.1,0.333,1.5,3.2,0.462,0.48,1.4,1.8,0.795,0.8,2.8,3.6,4.0,1.7,0.4,1.4,2.6,7.4,,2022
334.0,Alex Caruso,28.0,CHI,PG,67.0,36.0,23.5,1.9,4.3,0.455,0.8,2.3,0.364,1.1,2.0,0.556,0.551,0.9,1.1,0.808,0.6,2.3,2.9,2.9,1.5,0.7,1.1,2.4,5.6,,2023
179.0,Alex Caruso,29.0,CHI,SG,71.0,57.0,28.7,3.6,7.6,0.468,1.9,4.7,0.408,1.6,2.9,0.563,0.593,1.0,1.4,0.76,0.9,3.0,3.8,3.5,1.7,1.0,1.4,2.5,10.1,,2024
294.0,Alex Caruso,30.0,OKC,SG,54.0,3.0,19.3,2.6,5.8,0.446,1.1,3.1,0.353,1.5,2.7,0.556,0.541,0.8,0.9,0.824,0.7,2.2,2.9,2.5,1.6,0.6,0.7,1.9,7.1,,2025
266.0,Alex Len,21.0,PHO,C,69.0,44.0,22.0,2.6,5.1,0.507,0.0,0.0,0.333,2.6,5.1,0.509,0.508,1.1,1.5,0.702,2.1,4.5,6.6,0.5,0.5,1.5,1.1,3.1,6.3,,2015
175.0,Alex Len,22.0,PHO,C,78.0,46.0,23.3,3.4,8.0,0.423,0.0,0.1,0.143,3.4,7.9,0.426,0.424,2.2,3.1,0.728,2.3,5.3,7.6,1.2,0.5,0.8,1.9,2.9,9.0,,2016
205.0,Alex Len,23.0,PHO,C,77.0,34.0,20.3,3.0,6.0,0.497,0.0,0.2,0.25,2.9,5.9,0.503,0.5,1.9,2.7,0.721,2.0,4.6,6.6,0.6,0.5,1.3,1.3,3.1,8.0,,2017
207.0,Alex Len,24.0,PHO,C,69.0,13.0,20.2,3.1,5.5,0.566,0.0,0.0,0.333,3.1,5.4,0.568,0.567,2.3,3.3,0.684,2.5,5.0,7.5,1.2,0.4,0.9,1.1,2.3,8.5,,2018
145.0,Alex Len,25.0,ATL,C,77.0,31.0,20.1,4.2,8.4,0.494,1.0,2.6,0.363,3.2,5.8,0.554,0.551,1.8,2.8,0.648,2.1,3.5,5.5,1.1,0.4,0.9,1.3,2.6,11.1,,2019
232.0,Alex Len,26.0,SAC,C,15.0,3.0,15.0,2.3,3.9,0.593,0.1,0.2,0.667,2.2,3.7,0.589,0.61,1.1,1.6,0.708,2.1,4.0,6.1,0.5,0.2,1.0,1.1,2.3,5.9,,2020
304.0,Alex Len,27.0,WAS,C,57.0,40.0,15.8,2.9,4.7,0.619,0.1,0.3,0.263,2.8,4.4,0.647,0.629,1.2,1.9,0.636,1.4,3.0,4.4,0.8,0.3,1.0,0.8,2.1,7.1,,2021
342.0,Alex Len,28.0,SAC,C,39.0,10.0,15.9,2.4,4.5,0.534,0.2,0.5,0.286,2.3,4.0,0.568,0.551,1.1,1.6,0.651,1.3,2.8,4.1,1.2,0.3,0.6,1.1,2.6,6.0,,2022
131.0,Alex Poythress,23.0,PHI,PF,6.0,1.0,26.2,4.2,9.0,0.463,1.0,3.2,0.316,3.2,5.8,0.543,0.519,1.3,1.7,0.8,1.8,3.0,4.8,0.8,0.5,0.3,0.5,2.3,10.7,,2017
376.0,Alex Reese,25.0,PHI,PF,14.0,0.0,15.3,1.8,3.8,0.472,1.1,2.9,0.366,0.7,0.9,0.833,0.613,0.6,0.9,0.75,0.6,2.7,3.3,0.3,0.7,0.7,0.4,1.5,5.3,,2025
125.0,Alex Sarr,19.0,WAS,C,67.0,67.0,27.1,4.9,12.4,0.394,1.6,5.1,0.308,3.3,7.3,0.454,0.457,1.7,2.5,0.679,1.9,4.6,6.5,2.4,0.7,1.5,1.7,2.2,13.0,,2025
404.0,Alex Stepheson,28.0,MEM,PF,4.0,0.0,15.3,2.0,6.5,0.308,0.0,0.0,,2.0,6.5,0.308,0.308,1.0,2.5,0.4,4.5,2.0,6.5,0.5,0.3,0.8,0.0,2.0,5.0,,2016
142.0,Alexey Shved,26.0,PHI,SG,17.0,0.0,16.8,3.1,7.6,0.4,1.0,3.4,0.298,2.1,4.3,0.479,0.465,2.8,3.4,0.842,0.5,0.8,1.3,2.7,0.8,0.1,1.1,1.2,9.9,,2015
312.0,Alexis Ajinça,28.0,NOP,C,39.0,15.0,15.0,2.3,4.6,0.5,0.0,0.1,0.0,2.3,4.5,0.511,0.5,0.7,1.0,0.725,1.2,3.4,4.5,0.3,0.5,0.6,0.8,2.0,5.3,,2017
141.0,Allen Crabbe,23.0,POR,SG,81.0,8.0,26.0,3.8,8.4,0.459,1.4,3.5,0.393,2.5,4.9,0.506,0.541,1.2,1.4,0.867,0.3,2.3,2.7,1.2,0.8,0.2,0.8,2.4,10.3,,2016
129.0,Allen Crabbe,24.0,POR,SG,79.0,7.0,28.5,3.8,8.2,0.468,1.7,3.8,0.444,2.1,4.4,0.49,0.572,1.3,1.6,0.847,0.2,2.6,2.9,1.2,0.7,0.3,0.8,2.2,10.7,,2017
99.0,Allen Crabbe,25.0,BRK,SG,75.0,68.0,29.3,4.5,11.0,0.407,2.7,7.1,0.378,1.8,3.9,0.461,0.529,1.5,1.8,0.852,0.4,3.9,4.3,1.6,0.6,0.5,1.0,2.2,13.2,,2018
182.0,Allen Crabbe,26.0,BRK,SG,43.0,20.0,26.3,3.2,8.7,0.367,2.3,6.0,0.378,0.9,2.7,0.342,0.499,1.0,1.3,0.732,0.4,3.1,3.4,1.1,0.5,0.3,1.1,2.4,9.6,,2019
153.0,Allonzo Trier,23.0,NYK,SG,64.0,3.0,22.8,3.6,8.1,0.448,0.8,2.1,0.394,2.8,6.0,0.466,0.498,2.8,3.5,0.803,0.5,2.6,3.1,1.9,0.4,0.2,1.8,1.8,10.9,,2019
337.0,Alonzo Gee,28.0,NOP,SF,73.0,38.0,22.4,1.8,3.5,0.518,0.2,0.8,0.283,1.6,2.7,0.59,0.551,0.6,0.9,0.667,0.8,2.5,3.4,1.0,0.9,0.2,0.8,2.3,4.5,,2016
194.0,Alperen Şengün,19.0,HOU,C,72.0,13.0,20.7,3.5,7.3,0.474,0.4,1.6,0.248,3.1,5.7,0.539,0.502,2.3,3.2,0.711,1.9,3.5,5.5,2.6,0.8,0.9,2.0,3.0,9.6,,2022
99.0,Alperen Şengün,20.0,HOU,C,75.0,72.0,28.9,5.9,10.7,0.553,0.3,0.8,0.333,5.6,9.9,0.57,0.565,2.7,3.8,0.715,3.2,5.8,9.0,3.9,0.9,0.9,2.6,3.4,14.8,,2023
41.0,Alperen Şengün,21.0,HOU,C,63.0,63.0,32.5,8.4,15.6,0.537,0.5,1.8,0.297,7.8,13.8,0.567,0.553,3.9,5.6,0.693,2.9,6.4,9.3,5.0,1.2,0.7,2.6,3.3,21.1,,2024
56.0,Alperen Şengün,22.0,HOU,C,76.0,76.0,31.5,7.5,15.0,0.496,0.3,1.2,0.233,7.2,13.9,0.519,0.505,3.9,5.6,0.692,3.4,6.9,10.3,4.9,1.1,0.8,2.6,2.8,19.1,,2025
125.0,Amar'e Stoudemire,32.0,NYK,PF,36.0,14.0,24.0,4.7,8.6,0.543,0.0,0.1,0.0,4.7,8.6,0.549,0.543,2.6,3.5,0.74,2.3,4.5,6.8,1.0,0.6,0.9,1.8,3.1,12.0,,2015
193.0,Amen Thompson,21.0,HOU,SF,62.0,23.0,22.4,3.9,7.2,0.536,0.1,0.9,0.138,3.7,6.3,0.595,0.545,1.7,2.5,0.684,2.4,4.2,6.6,2.6,1.3,0.6,1.5,2.3,9.5,,2024
110.0,Amen Thompson,22.0,HOU,SF,69.0,42.0,32.2,5.6,10.1,0.557,0.4,1.3,0.275,5.3,8.8,0.599,0.575,2.4,3.6,0.684,2.8,5.4,8.2,3.8,1.4,1.3,2.0,2.4,14.1,,2025
216.0,Amir Coffey,24.0,LAC,SG,69.0,30.0,22.7,3.1,6.8,0.453,1.4,3.7,0.378,1.7,3.1,0.542,0.556,1.5,1.7,0.863,0.4,2.5,2.9,1.8,0.6,0.2,0.7,1.3,9.0,,2022
277.0,Amir Coffey,26.0,LAC,SF,70.0,13.0,20.9,2.4,5.0,0.472,1.0,2.6,0.38,1.4,2.4,0.571,0.571,0.9,1.0,0.859,0.4,1.7,2.1,1.1,0.6,0.2,0.5,1.5,6.6,,2024
200.0,Amir Coffey,27.0,LAC,SG,72.0,13.0,24.3,3.3,7.1,0.471,1.4,3.4,0.409,1.9,3.7,0.529,0.57,1.6,1.8,0.891,0.4,1.8,2.2,1.1,0.6,0.1,0.6,1.7,9.7,,2025
173.0,Amir Johnson,27.0,TOR,PF,75.0,72.0,26.4,4.0,6.9,0.574,0.3,0.6,0.413,3.7,6.3,0.59,0.592,1.1,1.7,0.612,2.1,4.0,6.1,1.6,0.6,0.8,1.5,3.0,9.3,,2015
223.0,Amir Johnson,28.0,BOS,PF,79.0,76.0,22.8,3.2,5.4,0.585,0.1,0.5,0.233,3.0,4.8,0.624,0.596,0.9,1.5,0.57,2.3,4.1,6.4,1.7,0.7,1.1,1.2,2.7,7.3,,2016
260.0,Amir Johnson,29.0,BOS,PF,80.0,77.0,20.1,2.7,4.6,0.576,0.3,0.8,0.409,2.3,3.8,0.612,0.612,0.8,1.3,0.67,1.5,3.1,4.6,1.8,0.6,0.8,1.0,2.6,6.5,,2017
367.0,Amir Johnson,30.0,PHI,C,74.0,18.0,15.8,1.9,3.5,0.538,0.1,0.4,0.313,1.8,3.1,0.57,0.558,0.7,1.1,0.612,1.7,2.8,4.5,1.6,0.6,0.6,0.7,2.6,4.6,,2018
163.0,Anderson Varejão,32.0,CLE,C,26.0,26.0,24.5,4.3,7.7,0.555,0.0,0.1,0.0,4.3,7.6,0.561,0.555,1.3,1.7,0.733,2.2,4.3,6.5,1.3,0.7,0.6,1.3,2.2,9.8,,2015
80.0,Andre Drummond,21.0,DET,C,82.0,82.0,30.5,6.0,11.7,0.514,0.0,0.0,0.0,6.0,11.7,0.515,0.514,1.7,4.5,0.389,5.3,8.1,13.5,0.7,0.9,1.9,1.5,3.5,13.8,,2015
50.0,Andre Drummond,22.0,DET,C,81.0,81.0,32.9,6.8,13.1,0.521,0.0,0.1,0.333,6.8,13.0,0.522,0.522,2.6,7.2,0.355,4.9,9.9,14.8,0.8,1.5,1.4,1.9,3.0,16.2,,2016
87.0,Andre Drummond,23.0,DET,C,81.0,81.0,29.7,6.0,11.2,0.53,0.0,0.1,0.286,5.9,11.2,0.532,0.531,1.7,4.4,0.386,4.3,9.5,13.8,1.1,1.5,1.1,1.9,2.9,13.6,,2017
70.0,Andre Drummond,24.0,DET,C,78.0,78.0,33.7,6.0,11.3,0.529,0.0,0.1,0.0,6.0,11.2,0.536,0.529,3.1,5.1,0.605,5.1,10.9,16.0,3.0,1.5,1.6,2.6,3.2,15.0,,2018
52.0,Andre Drummond,25.0,DET,C,79.0,79.0,33.5,7.1,13.3,0.533,0.1,0.5,0.132,7.0,12.8,0.548,0.536,3.1,5.2,0.59,5.4,10.2,15.6,1.4,1.7,1.7,2.2,3.4,17.3,,2019
61.0,Andre Drummond,26.0,DET,C,49.0,48.0,33.8,7.3,13.9,0.53,0.0,0.4,0.048,7.3,13.4,0.546,0.531,3.0,5.2,0.584,4.6,11.2,15.8,2.8,2.0,1.7,3.6,3.6,17.8,,2020
90.0,Andre Drummond,27.0,LAL,C,21.0,21.0,24.8,4.9,9.1,0.531,0.0,0.0,,4.9,9.1,0.531,0.531,2.2,3.6,0.605,3.1,7.1,10.2,1.4,1.1,1.0,2.0,3.8,11.9,,2021
259.0,Andre Drummond,28.0,PHI,C,49.0,12.0,18.4,2.6,4.9,0.538,0.0,0.0,0.0,2.6,4.8,0.542,0.538,0.9,1.7,0.512,2.8,6.1,8.8,2.0,1.1,0.9,1.6,2.5,6.1,,2022
217.0,Andre Drummond,30.0,CHI,C,79.0,10.0,17.1,3.4,6.1,0.556,0.0,0.0,0.0,3.4,6.0,0.56,0.556,1.6,2.8,0.592,3.4,5.6,9.0,0.5,0.9,0.6,1.0,1.8,8.4,,2024
282.0,Andre Drummond,31.0,PHI,C,40.0,23.0,18.8,2.9,5.9,0.5,0.1,0.5,0.15,2.9,5.4,0.533,0.506,1.4,2.3,0.622,2.7,5.0,7.8,0.9,1.0,0.5,1.4,2.4,7.3,,2025
215.0,Andre Iguodala,31.0,GSW,SF,77.0,0.0,26.9,3.0,6.4,0.466,1.0,2.8,0.349,2.0,3.7,0.553,0.54,0.9,1.5,0.596,0.6,2.8,3.3,3.0,1.2,0.3,1.1,1.3,7.8,,2015
243.0,Andre Iguodala,32.0,GSW,SF,65.0,1.0,26.6,2.7,5.7,0.478,0.8,2.4,0.351,1.9,3.3,0.57,0.552,0.8,1.3,0.614,0.8,3.2,4.0,3.4,1.1,0.3,1.2,1.6,7.0,,2016
215.0,Andre Iguodala,33.0,GSW,SF,76.0,0.0,26.3,2.9,5.5,0.528,0.8,2.3,0.362,2.0,3.1,0.651,0.605,0.9,1.3,0.706,0.7,3.3,4.0,3.4,1.0,0.5,0.8,1.3,7.6,,2017
300.0,Andre Iguodala,34.0,GSW,SF,64.0,7.0,25.3,2.3,5.0,0.463,0.5,1.8,0.282,1.8,3.2,0.567,0.514,0.9,1.4,0.632,0.8,3.1,3.8,3.3,0.8,0.6,1.0,1.5,6.0,,2018
331.0,Andre Iguodala,35.0,GSW,SF,68.0,13.0,23.2,2.2,4.4,0.5,0.7,2.1,0.333,1.5,2.3,0.652,0.579,0.6,1.0,0.582,0.7,3.0,3.7,3.2,0.9,0.8,0.8,1.4,5.7,,2019
373.0,Andre Iguodala,36.0,MIA,SF,21.0,0.0,19.9,1.8,4.2,0.432,0.7,2.2,0.298,1.1,2.0,0.585,0.511,0.3,0.7,0.4,0.8,2.9,3.7,2.4,0.7,1.0,1.2,1.7,4.6,,2020
396.0,Andre Iguodala,37.0,MIA,SF,63.0,5.0,21.3,1.5,3.9,0.383,1.0,2.9,0.33,0.6,1.0,0.53,0.504,0.4,0.6,0.658,0.6,2.9,3.5,2.3,0.9,0.6,1.1,1.4,4.4,,2021
432.0,Andre Iguodala,38.0,GSW,SF,31.0,0.0,19.5,1.5,3.9,0.38,0.5,2.4,0.23,0.9,1.5,0.617,0.45,0.5,0.6,0.75,0.7,2.5,3.2,3.7,0.9,0.7,0.9,1.1,4.0,,2022
128.0,Andre Ingram,32.0,LAL,SG,2.0,0.0,32.0,4.0,8.5,0.471,2.5,4.5,0.556,1.5,4.0,0.375,0.618,1.5,1.5,1.0,0.5,2.5,3.0,3.5,1.5,1.5,1.5,1.5,12.0,,2018
395.0,Andre Roberson,23.0,OKC,SG,67.0,65.0,19.2,1.4,3.0,0.458,0.3,1.3,0.247,1.1,1.7,0.612,0.51,0.3,0.7,0.479,0.9,2.9,3.8,1.0,0.8,0.4,0.7,2.1,3.4,,2015
329.0,Andre Roberson,24.0,OKC,SG,70.0,70.0,22.2,1.9,3.9,0.496,0.5,1.5,0.311,1.5,2.4,0.608,0.555,0.5,0.8,0.611,1.1,2.5,3.6,0.7,0.8,0.6,0.5,1.9,4.8,,2016
257.0,Andre Roberson,25.0,OKC,SF,79.0,79.0,30.1,2.7,5.9,0.464,0.6,2.3,0.245,2.2,3.5,0.609,0.513,0.6,1.4,0.423,1.2,3.9,5.1,1.0,1.2,1.0,0.6,2.6,6.6,,2017
347.0,Andre Roberson,26.0,OKC,SG,39.0,39.0,26.6,2.2,4.2,0.537,0.2,0.9,0.222,2.0,3.2,0.627,0.562,0.3,1.0,0.316,1.9,2.8,4.7,1.2,1.2,0.9,0.8,2.3,5.0,,2018
66.0,Andrea Bargnani,29.0,NYK,C,29.0,22.0,27.1,5.7,12.4,0.454,0.5,1.4,0.366,5.1,11.0,0.466,0.475,3.0,3.7,0.813,1.1,3.3,4.4,1.6,0.1,0.9,1.4,1.8,14.8,,2015
262.0,Andrew Bogut,30.0,GSW,C,67.0,65.0,23.6,3.0,5.3,0.563,0.0,0.0,,3.0,5.3,0.563,0.563,0.3,0.6,0.524,2.1,6.0,8.1,2.7,0.6,1.7,1.6,2.8,6.3,,2015
311.0,Andrew Bogut,31.0,GSW,C,70.0,66.0,20.7,2.5,4.0,0.627,0.0,0.0,1.0,2.5,4.0,0.626,0.629,0.3,0.7,0.48,1.7,5.3,7.0,2.3,0.5,1.6,1.2,3.2,5.4,,2016
403.0,Andrew Bogut,32.0,DAL,C,26.0,21.0,22.4,1.5,3.1,0.469,0.0,0.0,0.0,1.5,3.1,0.475,0.469,0.1,0.4,0.273,2.2,6.2,8.4,1.9,0.5,1.0,1.7,3.2,3.0,,2017
290.0,Andrew Harrison,22.0,MEM,PG,72.0,18.0,20.5,1.6,5.0,0.325,0.6,2.2,0.276,1.0,2.8,0.363,0.385,2.1,2.7,0.763,0.3,1.6,1.9,2.8,0.7,0.3,1.2,2.7,5.9,,2017
180.0,Andrew Harrison,23.0,MEM,PG,56.0,46.0,23.7,3.2,7.7,0.422,0.8,2.5,0.331,2.4,5.1,0.467,0.477,2.2,2.8,0.78,0.4,1.9,2.3,3.2,0.7,0.5,1.4,2.5,9.5,,2018
193.0,Andrew Nembhard,23.0,IND,SG,75.0,63.0,27.6,3.8,8.6,0.441,1.2,3.5,0.35,2.6,5.1,0.504,0.512,0.7,0.8,0.79,0.5,2.2,2.7,4.5,0.9,0.2,1.7,2.4,9.5,,2023
199.0,Andrew Nembhard,24.0,IND,PG,68.0,47.0,25.0,3.8,7.7,0.498,0.9,2.5,0.357,2.9,5.2,0.567,0.557,0.7,0.8,0.804,0.5,1.5,2.1,4.1,0.9,0.1,1.5,2.1,9.2,,2024
191.0,Andrew Nembhard,25.0,IND,SG,65.0,65.0,28.9,3.8,8.3,0.458,0.8,2.7,0.291,3.0,5.6,0.538,0.506,1.7,2.1,0.794,0.5,2.8,3.3,5.0,1.2,0.2,1.7,2.3,10.0,,2025
37.0,Andrew Wiggins,19.0,MIN,SF,82.0,82.0,36.2,6.1,13.9,0.437,0.5,1.5,0.31,5.6,12.3,0.453,0.454,4.3,5.7,0.76,1.6,2.9,4.6,2.1,1.0,0.6,2.2,2.3,16.9,,2015
20.0,Andrew Wiggins,20.0,MIN,SF,81.0,81.0,35.1,7.3,16.0,0.459,0.7,2.3,0.3,6.6,13.6,0.486,0.481,5.3,7.0,0.761,1.3,2.3,3.6,2.0,1.0,0.6,2.2,2.0,20.7,,2016
16.0,Andrew Wiggins,21.0,MIN,SF,82.0,82.0,37.2,8.6,19.1,0.452,1.3,3.5,0.356,7.4,15.6,0.473,0.484,5.0,6.6,0.76,1.2,2.8,4.0,2.3,1.0,0.4,2.3,2.2,23.6,,2017
42.0,Andrew Wiggins,22.0,MIN,SF,82.0,82.0,36.3,6.9,15.9,0.438,1.4,4.1,0.331,5.6,11.7,0.475,0.481,2.5,3.8,0.643,1.0,3.4,4.4,2.0,1.1,0.6,1.7,2.0,17.7,,2018
48.0,Andrew Wiggins,23.0,MIN,SF,73.0,73.0,34.8,6.8,16.6,0.412,1.6,4.8,0.339,5.2,11.8,0.441,0.461,2.8,4.1,0.699,1.1,3.7,4.8,2.5,1.0,0.7,1.9,2.1,18.1,,2019
24.0,Andrew Wiggins,24.0,MIN,SF,42.0,42.0,34.6,8.4,18.8,0.444,2.2,6.5,0.331,6.2,12.3,0.505,0.502,3.5,4.9,0.72,1.1,4.1,5.2,3.7,0.7,0.9,2.5,2.4,22.4,,2020
56.0,Andrew Wiggins,25.0,GSW,PF,71.0,71.0,33.3,7.1,14.9,0.477,2.0,5.2,0.38,5.1,9.7,0.529,0.543,2.4,3.4,0.714,1.2,3.7,4.9,2.4,0.9,1.0,1.8,2.2,18.6,,2021
65.0,Andrew Wiggins,26.0,GSW,SF,73.0,73.0,31.9,6.5,14.0,0.466,2.2,5.5,0.393,4.4,8.5,0.513,0.543,2.0,3.2,0.634,1.2,3.3,4.5,2.2,1.0,0.7,1.5,2.2,17.2,,2022
75.0,Andrew Wiggins,27.0,GSW,SF,37.0,37.0,32.2,6.8,14.3,0.473,2.4,6.1,0.396,4.4,8.2,0.53,0.557,1.2,1.9,0.611,1.6,3.4,5.0,2.3,1.2,0.8,1.3,2.9,17.1,,2023
121.0,Andrew Wiggins,28.0,GSW,SF,71.0,59.0,27.0,5.0,11.0,0.453,1.3,3.6,0.358,3.7,7.4,0.498,0.511,2.0,2.7,0.751,1.5,3.0,4.5,1.7,0.6,0.6,1.2,2.1,13.2,,2024
69.0,Andrew Wiggins,29.0,MIA,SF,17.0,17.0,32.1,6.8,14.8,0.458,2.1,5.9,0.36,4.6,8.9,0.523,0.53,3.4,4.6,0.731,1.4,2.9,4.2,3.3,1.2,1.0,2.5,1.8,19.0,,2025
224.0,Anfernee Simons,20.0,POR,SG,70.0,4.0,20.7,3.1,7.7,0.399,1.1,3.2,0.332,2.0,4.4,0.448,0.469,1.1,1.3,0.826,0.4,1.8,2.2,1.4,0.4,0.1,0.9,1.9,8.3,,2020
250.0,Anfernee Simons,21.0,POR,SG,64.0,0.0,17.3,2.6,6.3,0.419,1.9,4.4,0.426,0.8,1.9,0.403,0.569,0.7,0.9,0.807,0.2,2.0,2.2,1.4,0.3,0.1,0.7,1.5,7.8,,2021
61.0,Anfernee Simons,22.0,POR,SG,57.0,30.0,29.5,6.2,14.0,0.443,3.1,7.8,0.405,3.1,6.2,0.49,0.555,1.8,2.0,0.888,0.5,2.2,2.6,3.9,0.5,0.1,2.0,1.9,17.3,,2022
42.0,Anfernee Simons,23.0,POR,SG,62.0,62.0,35.0,7.5,16.9,0.447,3.4,9.1,0.377,4.1,7.8,0.528,0.548,2.6,2.9,0.894,0.3,2.3,2.6,4.1,0.7,0.2,2.1,2.3,21.1,,2023
32.0,Anfernee Simons,24.0,POR,SG,46.0,46.0,34.4,7.8,18.2,0.43,3.4,8.8,0.385,4.4,9.4,0.472,0.523,3.5,3.9,0.916,0.5,3.2,3.6,5.5,0.5,0.1,2.7,2.1,22.6,,2024
53.0,Anfernee Simons,25.0,POR,SG,70.0,70.0,32.7,6.8,16.1,0.426,3.1,8.5,0.363,3.8,7.6,0.496,0.521,2.5,2.8,0.902,0.4,2.3,2.7,4.8,0.9,0.1,2.0,1.7,19.3,,2025
235.0,Ante Žižić,22.0,CLE,C,59.0,25.0,18.3,3.1,5.6,0.553,0.0,0.0,,3.1,5.6,0.553,0.553,1.6,2.2,0.705,1.8,3.6,5.4,0.9,0.2,0.4,1.0,1.9,7.8,,2019
314.0,Anthony Bennett,21.0,MIN,PF,57.0,3.0,15.7,2.2,5.2,0.421,0.1,0.4,0.304,2.1,4.8,0.431,0.433,0.7,1.1,0.641,0.9,2.9,3.8,0.8,0.5,0.3,0.6,1.5,5.2,,2015
358.0,Anthony Black,20.0,ORL,PG,69.0,33.0,16.9,1.7,3.6,0.466,0.5,1.4,0.394,1.1,2.2,0.51,0.54,0.7,1.2,0.613,0.5,1.5,2.0,1.3,0.5,0.3,0.8,1.6,4.6,,2024
208.0,Anthony Black,21.0,ORL,PG,78.0,10.0,24.2,3.4,7.9,0.423,0.8,2.5,0.318,2.6,5.4,0.471,0.473,1.9,2.5,0.761,0.7,2.3,2.9,3.1,1.1,0.6,1.8,2.1,9.4,,2025
358.0,Anthony Brown,23.0,LAL,SF,29.0,11.0,20.7,1.3,4.3,0.31,0.7,2.4,0.286,0.7,1.9,0.339,0.389,0.6,0.7,0.85,0.3,2.1,2.4,0.7,0.5,0.2,0.5,1.2,4.0,,2016
5.0,Anthony Davis,21.0,NOP,PF,68.0,68.0,36.1,9.4,17.6,0.535,0.0,0.2,0.083,9.4,17.5,0.54,0.536,5.5,6.8,0.805,2.5,7.7,10.2,2.2,1.5,2.9,1.4,2.1,24.4,,2015
7.0,Anthony Davis,22.0,NOP,C,61.0,61.0,35.5,9.2,18.6,0.493,0.6,1.8,0.324,8.6,16.9,0.511,0.508,5.3,7.0,0.758,2.1,8.1,10.3,1.9,1.3,2.0,2.0,2.4,24.3,,2016
4.0,Anthony Davis,23.0,NOP,C,75.0,75.0,36.1,10.3,20.3,0.505,0.5,1.8,0.299,9.7,18.6,0.524,0.518,6.9,8.6,0.802,2.3,9.5,11.8,2.1,1.3,2.2,2.4,2.2,28.0,,2017
2.0,Anthony Davis,24.0,NOP,PF,75.0,75.0,36.4,10.4,19.5,0.534,0.7,2.2,0.34,9.7,17.3,0.558,0.552,6.6,8.0,0.828,2.5,8.6,11.1,2.3,1.5,2.6,2.2,2.1,28.1,,2018
10.0,Anthony Davis,25.0,NOP,C,56.0,56.0,33.0,9.5,18.3,0.517,0.9,2.6,0.331,8.6,15.7,0.547,0.54,6.1,7.7,0.794,3.1,8.9,12.0,3.9,1.6,2.4,2.0,2.4,25.9,,2019
12.0,Anthony Davis,26.0,LAL,PF,62.0,62.0,34.4,8.9,17.7,0.503,1.2,3.5,0.33,7.7,14.2,0.546,0.536,7.2,8.5,0.846,2.3,7.0,9.3,3.2,1.5,2.3,2.5,2.5,26.1,,2020
31.0,Anthony Davis,27.0,LAL,PF,36.0,36.0,32.3,8.4,17.0,0.491,0.7,2.8,0.26,7.6,14.3,0.536,0.512,4.4,5.9,0.738,1.7,6.2,7.9,3.1,1.3,1.6,2.1,1.7,21.8,,2021
22.0,Anthony Davis,28.0,LAL,C,40.0,40.0,35.1,9.3,17.4,0.532,0.3,1.8,0.186,8.9,15.6,0.571,0.542,4.4,6.1,0.713,2.7,7.2,9.9,3.1,1.2,2.3,2.1,2.4,23.2,,2022
17.0,Anthony Davis,29.0,LAL,C,56.0,54.0,34.0,9.7,17.2,0.563,0.3,1.3,0.257,9.3,15.9,0.589,0.573,6.2,7.9,0.784,3.5,9.1,12.5,2.6,1.1,2.0,2.2,2.6,25.9,,2023
19.0,Anthony Davis,30.0,LAL,C,76.0,76.0,35.5,9.4,16.9,0.556,0.4,1.4,0.271,9.0,15.5,0.582,0.567,5.5,6.8,0.816,3.1,9.5,12.6,3.5,1.2,2.3,2.1,2.3,24.7,,2024
15.0,Anthony Davis,31.0,LAL,C,42.0,42.0,34.3,9.5,18.0,0.528,0.7,2.2,0.298,8.9,15.8,0.56,0.546,6.0,7.6,0.788,2.8,9.0,11.9,3.4,1.3,2.1,2.2,2.0,25.7,,2025
49.0,Anthony Edwards,19.0,MIN,SG,72.0,55.0,32.1,7.0,16.8,0.417,2.4,7.2,0.329,4.6,9.6,0.483,0.488,2.9,3.8,0.776,0.8,3.8,4.7,2.9,1.1,0.5,2.2,1.8,19.3,,2021
30.0,Anthony Edwards,20.0,MIN,SG,72.0,72.0,34.3,7.6,17.3,0.441,3.0,8.4,0.357,4.6,8.9,0.519,0.527,3.1,3.9,0.786,0.9,3.9,4.8,3.8,1.5,0.6,2.6,2.3,21.3,,2022
23.0,Anthony Edwards,21.0,MIN,SG,79.0,79.0,36.0,8.9,19.5,0.459,2.7,7.3,0.369,6.3,12.2,0.513,0.528,4.0,5.3,0.756,0.6,5.2,5.8,4.4,1.6,0.7,3.3,2.4,24.6,,2023
13.0,Anthony Edwards,22.0,MIN,SG,79.0,78.0,35.1,9.1,19.7,0.461,2.4,6.7,0.357,6.7,13.0,0.515,0.522,5.4,6.4,0.836,0.7,4.8,5.4,5.1,1.3,0.5,3.1,1.8,25.9,,2024
5.0,Anthony Edwards,23.0,MIN,SG,79.0,79.0,36.3,9.1,20.4,0.447,4.1,10.3,0.395,5.1,10.1,0.501,0.547,5.3,6.3,0.837,0.8,4.9,5.7,4.5,1.2,0.6,3.2,1.9,27.6,,2025
343.0,Anthony Lamb,23.0,HOU,SF,24.0,3.0,17.3,1.9,4.9,0.39,1.0,3.0,0.324,1.0,2.0,0.489,0.487,0.8,0.9,0.857,1.1,1.8,2.9,1.0,0.3,0.2,0.8,1.4,5.5,,2021
289.0,Anthony Lamb,25.0,GSW,SF,62.0,4.0,19.3,2.4,5.1,0.471,1.2,3.2,0.367,1.2,1.9,0.652,0.588,0.7,1.0,0.767,0.9,2.6,3.5,1.5,0.5,0.3,0.9,2.2,6.7,,2023
136.0,Anthony Morrow,29.0,OKC,SG,74.0,0.0,24.4,3.9,8.3,0.463,1.9,4.4,0.434,1.9,3.9,0.497,0.578,1.1,1.2,0.888,0.5,2.1,2.6,0.8,0.7,0.1,0.5,1.8,10.7,,2015
305.0,Anthony Morrow,31.0,OKC,SG,40.0,7.0,15.7,2.2,5.6,0.386,0.9,3.0,0.294,1.3,2.6,0.49,0.464,0.6,0.7,0.885,0.3,0.5,0.7,0.5,0.6,0.1,0.2,1.0,5.8,,2017
314.0,Anthony Tolliver,30.0,DET,PF,72.0,5.0,18.6,1.8,4.6,0.386,1.4,3.8,0.36,0.4,0.8,0.5,0.533,0.4,0.7,0.617,0.5,2.6,3.2,0.7,0.4,0.2,0.4,1.2,5.3,,2016
235.0,Anthony Tolliver,31.0,SAC,PF,65.0,9.0,22.7,2.4,5.4,0.442,1.4,3.5,0.391,1.0,1.9,0.537,0.57,0.9,1.3,0.744,0.8,2.9,3.6,1.2,0.5,0.3,0.9,1.7,7.1,,2017
192.0,Anthony Tolliver,32.0,DET,PF,79.0,14.0,22.2,2.8,6.0,0.464,2.0,4.6,0.436,0.8,1.4,0.561,0.632,1.3,1.7,0.797,0.6,2.4,3.1,1.1,0.4,0.3,0.7,1.8,8.9,,2018
361.0,Anthony Tolliver,33.0,MIN,PF,65.0,0.0,16.6,1.5,4.0,0.382,1.2,3.3,0.377,0.3,0.7,0.409,0.539,0.7,0.9,0.783,0.2,2.5,2.7,0.7,0.3,0.3,0.6,1.4,5.0,,2019
226.0,Antonio Blakeney,21.0,CHI,SG,19.0,0.0,16.5,2.8,7.5,0.371,0.8,2.7,0.288,2.0,4.8,0.418,0.423,1.6,2.1,0.769,0.2,1.5,1.7,1.1,0.4,0.1,0.6,1.0,7.9,,2018
305.0,Antonio Reeves,24.0,NOP,SG,44.0,6.0,15.0,2.6,5.6,0.456,1.2,2.9,0.395,1.4,2.7,0.521,0.558,0.6,0.8,0.8,0.4,1.0,1.4,0.9,0.5,0.1,0.7,0.9,6.9,,2025
321.0,Anžejs Pasečņiks,24.0,WAS,C,27.0,0.0,16.2,2.3,4.3,0.526,0.0,0.1,0.0,2.3,4.2,0.54,0.526,1.3,2.1,0.586,1.6,2.4,4.0,0.7,0.3,0.4,0.9,2.8,5.8,,2020
176.0,Archie Goodwin,21.0,PHO,PG,57.0,13.0,19.5,3.1,7.4,0.417,0.4,1.7,0.232,2.7,5.7,0.474,0.444,2.3,3.4,0.674,0.5,2.0,2.5,2.1,0.5,0.2,1.8,1.5,8.9,,2016
157.0,Armoni Brooks,22.0,HOU,SG,20.0,5.0,26.0,3.9,9.6,0.406,3.0,7.9,0.382,0.9,1.8,0.514,0.563,0.4,0.6,0.583,0.5,2.9,3.4,1.5,0.6,0.3,1.1,1.7,11.2,,2021
256.0,Aron Baynes,28.0,SAS,C,70.0,17.0,16.0,2.6,4.7,0.566,0.0,0.1,0.25,2.6,4.6,0.57,0.567,1.3,1.5,0.865,1.6,3.0,4.5,0.5,0.2,0.3,0.9,2.3,6.6,,2015
265.0,Aron Baynes,29.0,DET,C,81.0,1.0,15.2,2.4,4.7,0.505,0.0,0.0,0.0,2.4,4.7,0.508,0.505,1.6,2.0,0.764,1.7,3.0,4.7,0.6,0.3,0.6,0.8,1.9,6.3,,2016
332.0,Aron Baynes,30.0,DET,C,75.0,2.0,15.5,1.9,3.7,0.513,0.0,0.0,,1.9,3.7,0.513,0.513,1.1,1.3,0.84,1.5,3.0,4.4,0.4,0.2,0.5,0.7,2.2,4.9,,2017
299.0,Aron Baynes,31.0,BOS,C,81.0,67.0,18.3,2.6,5.5,0.471,0.0,0.3,0.143,2.6,5.2,0.487,0.474,0.7,1.0,0.756,1.6,3.8,5.4,1.1,0.3,0.6,1.0,2.5,6.0,,2018
336.0,Aron Baynes,32.0,BOS,C,51.0,18.0,16.1,2.1,4.4,0.471,0.4,1.2,0.344,1.6,3.2,0.519,0.518,1.0,1.2,0.855,1.7,3.0,4.7,1.1,0.2,0.7,0.8,2.5,5.6,,2019
141.0,Aron Baynes,33.0,PHO,C,42.0,28.0,22.2,4.4,9.1,0.48,1.4,4.0,0.351,3.0,5.1,0.582,0.558,1.3,1.8,0.747,1.7,4.0,5.6,1.6,0.2,0.5,1.2,3.4,11.5,,2020
322.0,Aron Baynes,34.0,TOR,C,53.0,31.0,18.5,2.5,5.7,0.441,0.5,1.9,0.262,2.0,3.8,0.532,0.485,0.5,0.8,0.707,1.6,3.5,5.2,0.9,0.3,0.4,0.9,2.2,6.1,,2021
88.0,Arron Afflalo,29.0,POR,SG,25.0,19.0,30.1,3.8,9.1,0.414,1.4,3.6,0.4,2.3,5.5,0.423,0.493,1.6,1.9,0.851,0.2,2.4,2.7,1.1,0.4,0.1,1.3,2.4,10.6,,2015
89.0,Arron Afflalo,30.0,NYK,SG,71.0,57.0,33.4,5.0,11.3,0.443,1.3,3.4,0.382,3.7,7.9,0.469,0.5,1.5,1.8,0.84,0.3,3.4,3.7,2.0,0.4,0.1,1.2,2.0,12.8,,2016
192.0,Arron Afflalo,31.0,SAC,SG,61.0,45.0,25.9,3.0,6.9,0.44,1.0,2.5,0.411,2.0,4.4,0.457,0.514,1.4,1.5,0.892,0.1,1.9,2.0,1.3,0.3,0.1,0.7,1.7,8.4,,2017
389.0,Ashton Hagans,24.0,POR,PG,19.0,1.0,16.6,1.5,3.7,0.408,0.4,1.3,0.32,1.1,2.4,0.457,0.465,0.7,0.9,0.824,0.7,1.6,2.4,2.8,0.6,0.5,1.6,2.1,4.2,,2024
209.0,Ausar Thompson,21.0,DET,SF,63.0,38.0,25.1,3.7,7.6,0.483,0.3,1.8,0.186,3.3,5.8,0.575,0.505,1.1,1.9,0.597,2.0,4.3,6.4,1.9,1.1,0.9,1.3,2.8,8.8,,2024
189.0,Ausar Thompson,22.0,DET,SF,59.0,48.0,22.5,4.2,7.8,0.535,0.2,0.8,0.224,4.0,7.0,0.572,0.547,1.5,2.4,0.641,1.9,3.3,5.1,2.3,1.7,0.7,1.4,2.8,10.1,,2025
288.0,Austin Reaves,23.0,LAL,SG,61.0,19.0,23.2,2.4,5.2,0.459,0.9,2.7,0.317,1.5,2.5,0.616,0.542,1.6,1.9,0.839,0.7,2.4,3.2,1.8,0.5,0.3,0.7,1.4,7.3,,2022
121.0,Austin Reaves,24.0,LAL,SG,64.0,22.0,28.8,4.0,7.7,0.529,1.3,3.4,0.398,2.7,4.3,0.631,0.616,3.6,4.1,0.864,0.5,2.5,3.0,3.4,0.5,0.3,1.5,1.7,13.0,,2023
83.0,Austin Reaves,25.0,LAL,SG,82.0,57.0,32.1,5.6,11.5,0.486,1.9,5.1,0.367,3.7,6.3,0.583,0.568,2.8,3.3,0.853,0.7,3.6,4.3,5.5,0.8,0.3,2.1,1.9,15.9,,2024
49.0,Austin Reaves,26.0,LAL,SG,73.0,73.0,34.9,6.5,14.2,0.46,2.7,7.3,0.377,3.8,6.9,0.547,0.556,4.4,5.0,0.877,0.8,3.7,4.5,5.8,1.1,0.3,2.4,2.1,20.2,,2025
243.0,Austin Rivers,22.0,NOP,SG,35.0,3.0,22.1,2.5,6.3,0.387,0.4,1.4,0.28,2.1,4.9,0.419,0.419,1.5,2.0,0.746,0.3,1.6,1.9,2.5,0.5,0.2,0.9,1.9,6.8,,2015
178.0,Austin Rivers,23.0,LAC,SG,67.0,7.0,21.9,3.4,7.7,0.438,0.9,2.8,0.335,2.4,4.9,0.495,0.498,1.2,1.7,0.681,0.3,1.6,1.9,1.5,0.7,0.1,0.9,2.0,8.9,,2016
107.0,Austin Rivers,24.0,LAC,SG,74.0,29.0,27.8,4.4,9.9,0.442,1.5,4.0,0.371,2.9,5.8,0.491,0.518,1.8,2.6,0.691,0.3,1.9,2.2,2.8,0.6,0.1,1.6,2.5,12.0,,2017
69.0,Austin Rivers,25.0,LAC,SG,61.0,59.0,33.7,5.6,13.2,0.424,2.2,5.9,0.378,3.4,7.3,0.461,0.508,1.7,2.6,0.642,0.4,1.9,2.4,4.0,1.2,0.3,1.8,2.5,15.1,,2018
224.0,Austin Rivers,26.0,WAS,SG,29.0,2.0,23.6,2.6,6.7,0.392,1.1,3.7,0.311,1.5,3.0,0.489,0.477,0.9,1.6,0.543,0.3,2.1,2.4,2.0,0.6,0.3,1.2,2.5,7.2,,2019
213.0,Austin Rivers,27.0,HOU,SG,68.0,4.0,23.4,3.1,7.4,0.421,1.4,4.0,0.356,1.7,3.4,0.498,0.517,1.1,1.6,0.703,0.4,2.2,2.6,1.7,0.7,0.1,0.7,1.9,8.8,,2020
246.0,Austin Rivers,28.0,NYK,SG,21.0,2.0,21.0,2.8,6.4,0.43,1.3,3.7,0.364,1.4,2.8,0.517,0.533,0.5,0.7,0.714,0.2,2.0,2.2,2.0,0.6,0.0,1.0,1.5,7.3,,2021
344.0,Austin Rivers,29.0,DEN,SG,67.0,18.0,22.1,2.2,5.2,0.417,1.2,3.4,0.342,1.0,1.8,0.563,0.53,0.5,0.7,0.727,0.3,1.4,1.7,1.3,0.8,0.1,0.8,1.8,6.0,,2022
371.0,Austin Rivers,30.0,MIN,SG,52.0,10.0,19.5,1.8,4.0,0.435,0.8,2.4,0.35,0.9,1.7,0.558,0.538,0.6,0.8,0.769,0.1,1.5,1.6,1.4,0.5,0.1,0.4,1.5,4.9,,2023
76.0,Avery Bradley,24.0,BOS,SG,77.0,77.0,31.5,5.6,13.1,0.429,1.6,4.6,0.352,4.0,8.6,0.47,0.49,1.0,1.3,0.79,0.6,2.5,3.1,1.8,1.1,0.2,1.4,2.3,13.9,,2015
60.0,Avery Bradley,25.0,BOS,SG,76.0,72.0,33.4,6.0,13.4,0.447,1.9,5.4,0.361,4.1,8.1,0.505,0.52,1.3,1.6,0.78,0.6,2.3,2.9,2.1,1.5,0.3,1.4,2.2,15.2,,2016
52.0,Avery Bradley,26.0,BOS,SG,55.0,55.0,33.4,6.5,14.1,0.463,2.0,5.0,0.39,4.6,9.1,0.504,0.533,1.2,1.7,0.731,1.2,4.9,6.1,2.2,1.2,0.2,1.6,2.6,16.3,,2017
78.0,Avery Bradley,27.0,LAC,SG,6.0,6.0,27.5,4.3,9.2,0.473,0.2,1.5,0.111,4.2,7.7,0.543,0.482,0.3,0.3,1.0,0.5,3.2,3.7,1.8,0.8,0.2,1.3,2.0,9.2,,2018
173.0,Avery Bradley,28.0,MEM,SG,14.0,14.0,31.6,6.2,13.4,0.463,2.0,5.2,0.384,4.2,8.2,0.513,0.537,1.6,1.8,0.92,0.6,2.6,3.1,4.0,1.0,0.0,2.0,2.4,16.1,,2019
216.0,Avery Bradley,29.0,LAL,SG,49.0,44.0,24.2,3.5,7.8,0.444,1.3,3.5,0.364,2.2,4.3,0.51,0.526,0.4,0.5,0.833,0.4,2.0,2.3,1.3,0.9,0.1,1.0,2.2,8.6,,2020
314.0,Avery Bradley,30.0,MIA,SG,10.0,1.0,21.1,3.1,6.6,0.47,1.6,3.8,0.421,1.5,2.8,0.536,0.591,0.7,0.9,0.778,0.2,1.6,1.8,1.4,0.7,0.1,0.9,2.6,8.5,,2021
317.0,Avery Bradley,31.0,LAL,SG,62.0,45.0,22.7,2.4,5.6,0.423,1.3,3.4,0.39,1.1,2.3,0.471,0.54,0.3,0.3,0.889,0.5,1.7,2.2,0.8,0.9,0.1,0.6,1.9,6.4,,2022
410.0,Axel Toupane,24.0,NOP,SF,2.0,0.0,20.5,2.5,4.0,0.625,0.5,1.5,0.333,2.0,2.5,0.8,0.688,0.0,0.0,,0.0,0.5,0.5,0.0,0.5,0.5,0.0,2.5,5.5,,2017
222.0,Ayo Dosunmu,22.0,CHI,SG,77.0,40.0,27.4,3.6,6.9,0.52,0.9,2.4,0.376,2.7,4.5,0.596,0.585,0.7,1.0,0.679,0.4,2.4,2.8,3.3,0.8,0.4,1.4,2.4,8.8,,2022
228.0,Ayo Dosunmu,23.0,CHI,SG,80.0,51.0,26.2,3.5,7.1,0.493,0.7,2.4,0.312,2.8,4.8,0.583,0.545,0.8,1.0,0.805,0.6,2.2,2.8,2.6,0.8,0.3,1.2,2.3,8.6,,2023
134.0,Ayo Dosunmu,24.0,CHI,SG,76.0,37.0,29.1,4.7,9.5,0.501,1.6,3.9,0.403,3.2,5.6,0.568,0.583,1.1,1.4,0.81,0.7,2.1,2.8,3.2,0.9,0.5,1.4,2.2,12.2,,2024
138.0,Ayo Dosunmu,25.0,CHI,SG,46.0,26.0,30.3,4.8,9.8,0.492,1.3,4.1,0.328,3.5,5.7,0.612,0.561,1.3,1.7,0.785,0.6,2.9,3.5,4.5,0.9,0.4,1.5,2.3,12.3,,2025
313.0,B.J. Johnson,26.0,ORL,SF,4.0,0.0,16.3,2.8,6.3,0.44,1.0,2.5,0.4,1.8,3.8,0.467,0.52,0.0,0.0,,1.5,2.3,3.8,0.0,0.0,0.3,0.0,1.0,6.5,,2022
261.0,Bam Adebayo,20.0,MIA,C,69.0,19.0,19.8,2.5,4.9,0.512,0.0,0.1,0.0,2.5,4.8,0.523,0.512,1.9,2.6,0.721,1.7,3.8,5.5,1.5,0.5,0.6,1.0,2.0,6.9,,2018
200.0,Bam Adebayo,21.0,MIA,C,82.0,28.0,23.3,3.4,5.9,0.576,0.0,0.2,0.2,3.4,5.7,0.588,0.579,2.0,2.8,0.735,2.0,5.3,7.3,2.2,0.9,0.8,1.5,2.5,8.9,,2019
74.0,Bam Adebayo,22.0,MIA,PF,72.0,72.0,33.6,6.1,11.0,0.557,0.0,0.2,0.143,6.1,10.8,0.564,0.558,3.7,5.3,0.691,2.4,7.8,10.2,5.1,1.1,1.3,2.8,2.5,15.9,,2020
54.0,Bam Adebayo,23.0,MIA,C,64.0,64.0,33.5,7.1,12.5,0.57,0.0,0.1,0.25,7.1,12.4,0.573,0.571,4.4,5.5,0.799,2.2,6.7,9.0,5.4,1.2,1.0,2.6,2.3,18.7,,2021
43.0,Bam Adebayo,24.0,MIA,C,56.0,56.0,32.6,7.3,13.0,0.557,0.0,0.1,0.0,7.3,12.9,0.562,0.557,4.6,6.1,0.753,2.4,7.6,10.1,3.4,1.4,0.8,2.6,3.1,19.1,,2022
50.0,Bam Adebayo,25.0,MIA,C,75.0,75.0,34.6,8.0,14.9,0.54,0.0,0.2,0.083,8.0,14.7,0.545,0.541,4.3,5.4,0.806,2.5,6.7,9.2,3.2,1.2,0.8,2.5,2.8,20.4,,2023
59.0,Bam Adebayo,26.0,MIA,C,71.0,71.0,34.0,7.5,14.3,0.521,0.2,0.6,0.357,7.3,13.7,0.528,0.529,4.1,5.5,0.755,2.2,8.1,10.4,3.9,1.1,0.9,2.3,2.2,19.3,,2024
68.0,Bam Adebayo,27.0,MIA,C,78.0,78.0,34.3,6.9,14.3,0.485,1.0,2.8,0.357,5.9,11.4,0.517,0.521,3.2,4.2,0.765,2.4,7.2,9.6,4.3,1.3,0.7,2.1,2.1,18.1,,2025
106.0,Ben McLemore,21.0,SAC,SG,82.0,82.0,32.6,4.4,10.1,0.437,1.7,4.8,0.358,2.7,5.4,0.507,0.521,1.6,2.0,0.813,0.4,2.6,2.9,1.7,0.9,0.2,1.7,2.7,12.1,,2015
210.0,Ben McLemore,22.0,SAC,SG,68.0,53.0,21.2,2.9,6.7,0.429,1.0,2.7,0.362,1.9,4.0,0.474,0.502,1.1,1.5,0.718,0.5,1.7,2.2,1.2,0.8,0.1,1.5,2.1,7.8,,2016
202.0,Ben McLemore,23.0,SAC,SG,61.0,27.0,19.3,3.0,6.9,0.43,1.1,2.8,0.382,1.9,4.1,0.462,0.507,1.1,1.5,0.753,0.3,1.8,2.1,0.8,0.5,0.1,1.0,1.8,8.1,,2017
246.0,Ben McLemore,24.0,MEM,SG,56.0,17.0,19.5,2.8,6.7,0.421,1.0,2.8,0.346,1.8,3.8,0.477,0.495,0.9,1.1,0.828,0.6,1.9,2.5,0.9,0.7,0.3,1.1,2.5,7.5,,2018
175.0,Ben McLemore,26.0,HOU,SF,71.0,23.0,22.8,3.4,7.7,0.444,2.5,6.4,0.4,0.9,1.3,0.656,0.61,0.7,0.9,0.746,0.3,1.9,2.2,0.8,0.6,0.2,0.7,2.2,10.1,,2020
252.0,Ben McLemore,27.0,LAL,SG,21.0,1.0,17.5,2.6,6.7,0.39,2.0,5.4,0.368,0.6,1.3,0.481,0.539,0.8,1.0,0.762,0.2,1.4,1.6,0.5,0.1,0.3,0.7,1.8,8.0,,2021
179.0,Ben McLemore,28.0,POR,SG,64.0,6.0,20.1,3.4,8.4,0.401,2.4,6.5,0.362,1.0,1.9,0.533,0.541,1.1,1.4,0.818,0.2,1.4,1.6,0.9,0.6,0.2,0.9,1.6,10.2,,2022
372.0,Ben Sheppard,23.0,IND,SG,63.0,9.0,19.5,1.9,4.6,0.418,1.1,3.2,0.342,0.8,1.4,0.591,0.537,0.4,0.4,0.889,0.7,2.1,2.8,1.3,0.6,0.2,0.3,2.0,5.3,,2025
61.0,Ben Simmons,21.0,PHI,PG,81.0,81.0,33.7,6.7,12.3,0.545,0.0,0.1,0.0,6.7,12.2,0.551,0.545,2.4,4.2,0.56,1.8,6.3,8.1,8.2,1.7,0.9,3.4,2.6,15.8,,2018
57.0,Ben Simmons,22.0,PHI,PG,79.0,79.0,34.2,6.8,12.2,0.563,0.0,0.1,0.0,6.8,12.1,0.566,0.563,3.3,5.4,0.6,2.2,6.6,8.8,7.7,1.4,0.8,3.5,2.6,16.9,,2019
70.0,Ben Simmons,23.0,PHI,PG,57.0,57.0,35.4,6.6,11.4,0.58,0.0,0.1,0.286,6.5,11.2,0.583,0.581,3.2,5.2,0.621,2.0,5.8,7.8,8.0,2.1,0.6,3.5,3.3,16.4,,2020
99.0,Ben Simmons,24.0,PHI,PG,58.0,58.0,32.4,5.6,10.1,0.557,0.1,0.2,0.3,5.6,9.9,0.562,0.56,3.0,4.9,0.613,1.6,5.6,7.2,6.9,1.6,0.6,3.0,2.9,14.3,,2021
282.0,Ben Simmons,26.0,BRK,PG,42.0,33.0,26.3,3.2,5.6,0.566,0.0,0.0,0.0,3.2,5.5,0.571,0.566,0.6,1.4,0.439,1.0,5.3,6.3,6.1,1.3,0.6,2.3,3.3,6.9,,2023
299.0,Ben Simmons,27.0,BRK,PG,15.0,12.0,23.9,2.9,4.9,0.581,0.0,0.0,,2.9,4.9,0.581,0.581,0.4,1.0,0.4,2.1,5.9,7.9,5.7,0.8,0.6,1.8,2.4,6.1,,2024
380.0,Ben Simmons,28.0,LAC,PG,18.0,0.0,16.4,1.3,2.9,0.434,0.0,0.0,,1.3,2.9,0.434,0.434,0.3,0.4,0.857,0.9,2.9,3.8,3.1,0.7,0.4,0.8,1.4,2.9,,2025
79.0,Bennedict Mathurin,20.0,IND,SG,78.0,17.0,28.5,5.3,12.2,0.434,1.3,4.0,0.323,4.0,8.2,0.488,0.487,4.8,5.8,0.828,1.1,3.0,4.1,1.5,0.6,0.2,1.9,2.1,16.7,,2023
102.0,Bennedict Mathurin,21.0,IND,SF,59.0,19.0,26.1,5.0,11.2,0.446,1.4,3.6,0.374,3.7,7.6,0.481,0.507,3.1,3.8,0.821,1.0,2.9,4.0,2.0,0.6,0.2,1.6,2.0,14.5,,2024
88.0,Bennedict Mathurin,22.0,IND,SF,72.0,49.0,29.8,5.4,11.8,0.458,1.4,4.0,0.34,4.1,7.8,0.519,0.516,3.8,4.6,0.831,1.2,4.1,5.3,1.9,0.7,0.3,1.9,2.3,16.1,,2025
221.0,Beno Udrih,32.0,MEM,PG,79.0,12.0,18.9,3.1,6.4,0.487,0.3,1.2,0.268,2.8,5.2,0.539,0.513,1.1,1.3,0.853,0.3,1.6,1.8,2.8,0.6,0.1,1.1,1.1,7.7,,2015
330.0,Beno Udrih,33.0,MIA,PG,36.0,5.0,16.3,1.8,4.2,0.434,0.3,0.9,0.333,1.5,3.3,0.462,0.47,0.4,0.5,0.882,0.2,1.6,1.8,2.5,0.3,0.0,1.2,1.1,4.4,,2016
216.0,Bilal Coulibaly,19.0,WAS,SF,63.0,15.0,27.2,3.0,6.9,0.435,1.0,2.9,0.346,2.0,3.9,0.502,0.509,1.5,2.1,0.702,0.9,3.2,4.1,1.7,0.9,0.8,1.4,2.2,8.4,,2024
137.0,Bilal Coulibaly,20.0,WAS,SF,59.0,59.0,33.0,4.5,10.6,0.421,1.1,3.8,0.281,3.4,6.8,0.5,0.472,2.3,3.1,0.746,1.5,3.4,5.0,3.4,1.3,0.7,2.1,2.4,12.3,,2025
290.0,Billy Garrett,24.0,NYK,SG,4.0,0.0,15.8,2.8,6.8,0.407,0.0,2.0,0.0,2.8,4.8,0.579,0.407,1.0,1.0,1.0,0.0,0.8,0.8,1.8,0.3,0.3,0.5,0.8,6.5,,2019
329.0,Bismack Biyombo,22.0,CHO,C,64.0,21.0,19.4,1.6,2.9,0.543,0.0,0.0,,1.6,2.9,0.543,0.543,1.6,2.7,0.583,2.5,3.9,6.4,0.3,0.3,1.5,0.8,2.2,4.8,,2015
306.0,Bismack Biyombo,23.0,TOR,C,82.0,22.0,22.0,1.9,3.5,0.542,0.0,0.0,0.0,1.9,3.5,0.544,0.542,1.7,2.8,0.628,2.2,5.8,8.0,0.4,0.2,1.6,0.9,2.7,5.5,,2016
285.0,Bismack Biyombo,24.0,ORL,C,81.0,27.0,22.1,2.2,4.2,0.528,0.0,0.0,,2.2,4.2,0.528,0.528,1.5,2.9,0.534,1.9,5.1,7.0,0.9,0.3,1.1,1.2,2.5,6.0,,2017
315.0,Bismack Biyombo,25.0,ORL,C,82.0,25.0,18.2,2.2,4.3,0.52,0.0,0.0,0.0,2.2,4.3,0.521,0.52,1.2,1.9,0.65,1.8,4.0,5.7,0.8,0.3,1.2,1.0,1.9,5.7,,2018
248.0,Bismack Biyombo,27.0,CHO,C,53.0,29.0,19.4,2.8,5.2,0.543,0.0,0.0,,2.8,5.2,0.543,0.543,1.7,2.8,0.603,2.3,3.5,5.8,0.9,0.2,0.9,0.9,2.2,7.4,,2020
370.0,Bismack Biyombo,28.0,CHO,C,66.0,36.0,20.4,2.2,3.7,0.587,0.0,0.0,0.0,2.2,3.7,0.589,0.587,0.7,1.6,0.448,2.1,3.2,5.3,1.2,0.3,1.1,1.1,2.1,5.0,,2021
377.0,Bismack Biyombo,32.0,SAS,C,28.0,26.0,18.9,2.4,4.1,0.588,0.0,0.0,,2.4,4.1,0.588,0.588,0.4,0.9,0.4,1.5,4.1,5.6,1.1,0.6,0.8,1.0,1.9,5.1,,2025
11.0,Blake Griffin,25.0,LAC,PF,67.0,67.0,35.2,8.6,17.1,0.502,0.1,0.4,0.4,8.4,16.7,0.504,0.506,4.6,6.4,0.728,1.9,5.7,7.6,5.3,0.9,0.5,2.3,2.9,21.9,,2015
14.0,Blake Griffin,26.0,LAC,PF,35.0,35.0,33.4,8.6,17.2,0.499,0.2,0.5,0.333,8.4,16.7,0.504,0.504,4.0,5.5,0.727,1.5,6.9,8.4,4.9,0.8,0.5,2.4,2.7,21.4,,2016
27.0,Blake Griffin,27.0,LAC,PF,61.0,61.0,34.0,7.9,15.9,0.493,0.6,1.9,0.336,7.2,14.1,0.514,0.513,5.2,6.9,0.76,1.8,6.3,8.1,4.9,0.9,0.4,2.3,2.6,21.6,,2017
22.0,Blake Griffin,28.0,LAC,PF,33.0,33.0,34.5,7.7,17.5,0.441,1.9,5.7,0.342,5.8,11.8,0.488,0.497,5.2,6.6,0.785,1.4,6.5,7.9,5.4,0.9,0.3,3.0,2.4,22.6,,2018
14.0,Blake Griffin,29.0,DET,PF,75.0,75.0,35.0,8.3,17.9,0.462,2.5,7.0,0.362,5.7,10.9,0.525,0.532,5.5,7.3,0.753,1.3,6.2,7.5,5.4,0.7,0.4,3.4,2.7,24.5,,2019
77.0,Blake Griffin,30.0,DET,PF,18.0,18.0,28.4,4.9,13.9,0.352,1.5,6.2,0.243,3.4,7.7,0.439,0.406,4.2,5.4,0.776,0.9,3.7,4.7,3.3,0.4,0.4,2.2,1.5,15.5,,2020
163.0,Blake Griffin,31.0,DET,PF,20.0,20.0,31.3,4.1,11.1,0.365,2.0,6.2,0.315,2.1,4.9,0.429,0.453,2.2,3.1,0.71,0.4,4.9,5.2,3.9,0.7,0.1,1.6,2.1,12.3,,2021
319.0,Blake Griffin,32.0,BRK,C,56.0,24.0,17.1,2.4,5.6,0.425,0.7,2.6,0.262,1.7,3.0,0.565,0.486,1.0,1.4,0.724,1.1,3.0,4.1,1.9,0.5,0.3,0.6,1.7,6.4,,2022
368.0,Blake Wesley,19.0,SAS,SG,37.0,1.0,18.1,1.9,5.8,0.321,0.5,1.4,0.385,1.3,4.4,0.301,0.367,0.7,1.2,0.591,0.3,1.9,2.2,2.6,0.7,0.1,1.8,1.8,5.0,,2023
244.0,Bobby Portis,20.0,CHI,PF,62.0,4.0,17.8,3.0,7.0,0.427,0.3,0.8,0.308,2.7,6.2,0.443,0.445,0.8,1.1,0.727,2.0,3.5,5.4,0.8,0.4,0.4,0.9,1.6,7.0,,2016
245.0,Bobby Portis,21.0,CHI,PF,64.0,13.0,15.6,2.9,5.9,0.488,0.5,1.5,0.333,2.4,4.4,0.541,0.531,0.6,0.9,0.661,1.2,3.5,4.6,0.5,0.3,0.2,0.6,1.5,6.8,,2017
100.0,Bobby Portis,22.0,CHI,PF,73.0,4.0,22.5,5.2,11.1,0.471,1.1,3.1,0.359,4.1,8.1,0.514,0.52,1.6,2.1,0.769,2.2,4.6,6.8,1.7,0.7,0.3,1.4,1.8,13.2,,2018
89.0,Bobby Portis,23.0,WAS,PF,28.0,22.0,27.4,5.6,12.8,0.44,1.7,4.3,0.403,3.9,8.5,0.458,0.507,1.4,1.7,0.809,2.3,6.4,8.6,1.5,0.9,0.4,1.6,3.0,14.3,,2019
177.0,Bobby Portis,24.0,NYK,PF,66.0,5.0,21.1,4.0,8.9,0.45,1.0,2.8,0.358,3.0,6.1,0.493,0.507,1.1,1.4,0.763,1.2,3.9,5.1,1.5,0.5,0.3,1.1,1.7,10.1,,2020
152.0,Bobby Portis,25.0,MIL,C,66.0,7.0,20.8,4.7,9.1,0.523,1.1,2.4,0.471,3.6,6.7,0.542,0.585,0.8,1.1,0.74,1.9,5.2,7.1,1.1,0.8,0.4,0.8,1.7,11.4,,2021
100.0,Bobby Portis,26.0,MIL,C,72.0,59.0,28.2,5.8,12.1,0.479,1.8,4.7,0.393,3.9,7.4,0.533,0.555,1.2,1.6,0.752,2.5,6.6,9.1,1.2,0.7,0.7,1.3,2.4,14.6,,2022
107.0,Bobby Portis,27.0,MIL,PF,70.0,22.0,26.0,5.7,11.5,0.496,1.4,3.7,0.37,4.3,7.8,0.555,0.555,1.4,1.8,0.768,2.2,7.4,9.6,1.5,0.4,0.2,1.2,1.6,14.1,,2023
112.0,Bobby Portis,28.0,MIL,PF,82.0,4.0,24.5,5.7,11.2,0.508,1.2,3.0,0.407,4.5,8.2,0.545,0.562,1.2,1.5,0.79,1.7,5.7,7.4,1.3,0.8,0.4,1.1,2.3,13.8,,2024
115.0,Bobby Portis,29.0,MIL,PF,49.0,7.0,25.4,5.7,12.1,0.466,1.3,3.6,0.365,4.3,8.5,0.508,0.52,1.2,1.5,0.836,1.8,6.6,8.4,2.1,0.7,0.5,1.2,1.9,13.9,,2025
132.0,Bogdan Bogdanović,25.0,SAC,SG,78.0,52.0,27.9,4.4,9.9,0.446,1.7,4.2,0.392,2.8,5.7,0.485,0.529,1.3,1.5,0.84,0.4,2.5,2.9,3.3,0.9,0.2,1.6,2.2,11.8,,2018
91.0,Bogdan Bogdanović,26.0,SAC,SG,70.0,17.0,27.8,5.2,12.3,0.418,1.9,5.3,0.36,3.2,7.0,0.462,0.496,1.9,2.3,0.827,0.6,2.9,3.5,3.8,1.0,0.2,1.7,2.0,14.1,,2019
86.0,Bogdan Bogdanović,27.0,SAC,SG,61.0,28.0,29.0,5.5,12.6,0.44,2.7,7.2,0.372,2.8,5.3,0.532,0.547,1.4,1.9,0.741,0.4,3.0,3.4,3.4,1.0,0.2,1.7,2.2,15.1,,2020
71.0,Bogdan Bogdanović,28.0,ATL,SG,44.0,27.0,29.7,6.1,12.8,0.473,3.3,7.6,0.438,2.8,5.3,0.522,0.602,0.9,1.0,0.909,0.5,3.2,3.6,3.3,1.1,0.3,1.2,2.3,16.4,,2021
88.0,Bogdan Bogdanović,29.0,ATL,SG,63.0,27.0,29.3,5.4,12.6,0.431,2.7,7.3,0.368,2.7,5.3,0.516,0.537,1.5,1.8,0.843,0.5,3.5,4.0,3.1,1.1,0.2,1.1,2.1,15.1,,2022
110.0,Bogdan Bogdanović,30.0,ATL,SG,54.0,9.0,27.9,5.1,11.3,0.447,2.7,6.7,0.406,2.4,4.6,0.506,0.566,1.2,1.4,0.831,0.4,2.6,3.1,2.8,0.8,0.3,1.2,1.6,14.0,,2023
75.0,Bogdan Bogdanović,31.0,ATL,SG,79.0,33.0,30.4,6.0,13.9,0.428,3.0,8.1,0.374,2.9,5.8,0.503,0.537,1.9,2.1,0.921,0.7,2.8,3.4,3.1,1.2,0.3,1.4,2.3,16.9,,2024
165.0,Bogdan Bogdanović,32.0,LAC,SG,30.0,4.0,25.0,4.2,8.9,0.474,2.0,4.8,0.427,2.2,4.2,0.528,0.588,0.9,1.1,0.875,0.4,2.7,3.1,3.2,0.7,0.2,1.2,2.3,11.4,,2025
179.0,Bojan Bogdanović,25.0,BRK,SF,78.0,28.0,23.8,3.3,7.4,0.453,1.2,3.3,0.355,2.2,4.1,0.531,0.532,1.1,1.4,0.821,0.6,2.1,2.7,0.9,0.4,0.1,1.0,1.3,9.0,,2015
125.0,Bojan Bogdanović,26.0,BRK,SF,79.0,39.0,26.8,4.1,9.5,0.433,1.6,4.3,0.382,2.5,5.2,0.474,0.519,1.4,1.7,0.833,0.5,2.8,3.2,1.3,0.4,0.1,1.5,1.5,11.2,,2016
83.0,Bojan Bogdanović,27.0,WAS,SF,26.0,0.0,23.1,4.1,9.0,0.457,1.7,4.4,0.391,2.4,4.6,0.521,0.553,2.7,2.9,0.934,0.5,2.5,3.1,0.8,0.4,0.2,1.5,1.8,12.7,,2017
79.0,Bojan Bogdanović,28.0,IND,SF,80.0,80.0,30.8,5.1,10.7,0.474,1.9,4.8,0.402,3.1,5.8,0.534,0.565,2.2,2.6,0.868,0.4,3.0,3.4,1.5,0.7,0.1,1.3,1.6,14.3,,2018
49.0,Bojan Bogdanović,29.0,IND,SF,81.0,81.0,31.8,6.4,13.0,0.497,2.0,4.8,0.425,4.4,8.2,0.538,0.575,3.0,3.8,0.807,0.4,3.7,4.1,2.0,0.9,0.0,1.7,1.7,18.0,,2019
35.0,Bojan Bogdanović,30.0,UTA,SF,63.0,63.0,33.1,6.6,14.8,0.447,3.0,7.3,0.414,3.6,7.6,0.479,0.548,4.0,4.4,0.903,0.6,3.5,4.1,2.1,0.5,0.1,2.5,1.7,20.2,,2020
67.0,Bojan Bogdanović,31.0,UTA,SF,72.0,72.0,30.8,5.6,12.8,0.439,2.5,6.4,0.39,3.1,6.4,0.487,0.536,3.2,3.7,0.879,0.6,3.3,3.9,1.9,0.6,0.1,1.8,1.6,17.0,,2021
53.0,Bojan Bogdanović,32.0,UTA,PF,69.0,69.0,30.9,6.1,13.4,0.455,2.6,6.8,0.387,3.5,6.7,0.524,0.552,3.2,3.8,0.858,0.8,3.4,4.3,1.7,0.5,0.0,1.7,1.7,18.1,,2022
37.0,Bojan Bogdanović,33.0,DET,PF,59.0,59.0,32.1,7.3,14.9,0.488,2.5,6.0,0.411,4.8,9.0,0.539,0.57,4.5,5.1,0.884,0.6,3.2,3.8,2.6,0.6,0.1,2.3,1.9,21.6,,2023
93.0,Bojan Bogdanović,34.0,NYK,SF,29.0,0.0,19.2,3.8,8.8,0.43,1.6,4.4,0.37,2.2,4.4,0.488,0.521,1.2,1.6,0.8,0.3,1.7,2.0,0.9,0.2,0.0,1.3,1.3,10.4,,2024
207.0,Bol Bol,23.0,ORL,PF,70.0,33.0,21.5,3.7,6.8,0.546,0.4,1.6,0.265,3.3,5.2,0.633,0.577,1.2,1.5,0.759,1.0,4.8,5.8,1.0,0.4,1.2,1.6,1.3,9.1,,2023
182.0,Bones Hyland,21.0,DEN,SG,69.0,4.0,19.0,3.3,8.3,0.403,1.9,5.2,0.366,1.4,3.1,0.465,0.518,1.6,1.8,0.856,0.2,2.5,2.7,2.8,0.6,0.3,1.2,2.2,10.1,,2022
140.0,Bones Hyland,22.0,LAC,PG,14.0,0.0,18.9,3.9,9.8,0.401,1.9,5.3,0.351,2.1,4.5,0.46,0.496,1.1,1.4,0.75,0.7,2.8,3.5,3.4,0.8,0.1,1.1,2.1,10.8,,2023
189.0,Boris Diaw,32.0,SAS,PF,81.0,15.0,24.5,3.6,7.8,0.46,0.7,2.1,0.32,2.9,5.7,0.512,0.503,0.9,1.1,0.774,1.0,3.3,4.3,2.9,0.4,0.3,1.6,1.8,8.7,,2015
260.0,Boris Diaw,33.0,SAS,PF,76.0,4.0,18.2,2.7,5.0,0.527,0.3,0.9,0.362,2.3,4.1,0.564,0.56,0.7,1.0,0.737,0.8,2.3,3.1,2.3,0.3,0.3,1.3,1.3,6.4,,2016
344.0,Boris Diaw,34.0,UTA,PF,73.0,33.0,17.6,2.0,4.5,0.446,0.3,1.1,0.247,1.7,3.4,0.512,0.477,0.4,0.5,0.743,0.6,1.5,2.2,2.3,0.2,0.1,1.2,1.1,4.6,,2017
271.0,Brad Wanamaker,30.0,BOS,PG,71.0,1.0,19.3,2.3,5.1,0.448,0.5,1.4,0.363,1.8,3.7,0.481,0.499,1.8,1.9,0.926,0.3,1.7,2.0,2.5,0.9,0.2,1.1,1.9,6.9,,2020
341.0,Brad Wanamaker,31.0,GSW,PG,39.0,0.0,16.0,1.6,4.4,0.353,0.3,1.6,0.213,1.2,2.9,0.429,0.39,1.3,1.4,0.893,0.2,1.5,1.7,2.5,0.7,0.2,0.9,1.4,4.7,,2021
449.0,Brad Wanamaker,32.0,WAS,PG,1.0,1.0,27.0,2.0,5.0,0.4,0.0,0.0,,2.0,5.0,0.4,0.4,3.0,3.0,1.0,0.0,4.0,4.0,7.0,2.0,0.0,0.0,3.0,7.0,,2022
61.0,Bradley Beal,21.0,WAS,SG,63.0,59.0,33.4,5.8,13.5,0.427,1.7,4.1,0.409,4.1,9.4,0.434,0.489,2.1,2.6,0.783,0.9,2.9,3.8,3.1,1.2,0.3,2.0,2.2,15.3,,2015
39.0,Bradley Beal,22.0,WAS,SG,55.0,35.0,31.1,6.5,14.5,0.449,1.9,4.9,0.387,4.6,9.6,0.481,0.515,2.5,3.2,0.767,0.7,2.7,3.4,2.9,1.0,0.2,2.0,2.1,17.4,,2016
18.0,Bradley Beal,23.0,WAS,SG,77.0,77.0,34.9,8.3,17.2,0.482,2.9,7.2,0.404,5.4,10.0,0.538,0.566,3.7,4.4,0.825,0.7,2.4,3.1,3.5,1.1,0.3,2.0,2.2,23.1,,2017
17.0,Bradley Beal,24.0,WAS,SG,82.0,82.0,36.3,8.3,18.1,0.46,2.4,6.5,0.375,5.9,11.6,0.507,0.527,3.6,4.5,0.791,0.7,3.7,4.4,4.5,1.2,0.4,2.6,2.0,22.6,,2018
12.0,Bradley Beal,25.0,WAS,SG,82.0,82.0,36.9,9.3,19.6,0.475,2.5,7.3,0.351,6.8,12.4,0.548,0.54,4.4,5.5,0.808,1.1,3.9,5.0,5.5,1.5,0.7,2.7,2.8,25.6,,2019
2.0,Bradley Beal,26.0,WAS,SG,57.0,57.0,36.0,10.4,22.9,0.455,3.0,8.4,0.353,7.4,14.4,0.515,0.52,6.8,8.0,0.842,0.9,3.3,4.2,6.1,1.2,0.4,3.4,2.2,30.5,,2020
2.0,Bradley Beal,27.0,WAS,SG,60.0,60.0,35.8,11.2,23.0,0.485,2.2,6.2,0.349,9.0,16.8,0.535,0.532,6.8,7.7,0.889,1.2,3.5,4.7,4.4,1.2,0.4,3.1,2.3,31.3,,2021
21.0,Bradley Beal,28.0,WAS,SG,40.0,40.0,36.0,8.7,19.3,0.451,1.6,5.3,0.3,7.1,14.0,0.508,0.492,4.2,5.1,0.833,1.0,3.8,4.7,6.6,0.9,0.4,3.4,2.4,23.2,,2022
31.0,Bradley Beal,29.0,WAS,SG,50.0,50.0,33.5,8.9,17.6,0.506,1.6,4.4,0.365,7.3,13.2,0.552,0.551,3.8,4.6,0.842,0.8,3.1,3.9,5.4,0.9,0.7,2.9,2.1,23.2,,2023
63.0,Bradley Beal,30.0,PHO,SG,53.0,53.0,33.3,7.1,13.9,0.513,1.9,4.4,0.43,5.2,9.4,0.552,0.582,2.1,2.5,0.813,1.0,3.4,4.4,5.0,1.0,0.5,2.5,2.4,18.2,,2024
78.0,Bradley Beal,31.0,PHO,SG,53.0,38.0,32.1,6.5,13.1,0.497,1.9,5.0,0.386,4.6,8.1,0.565,0.571,2.1,2.6,0.803,0.6,2.7,3.3,3.7,1.1,0.5,1.9,2.6,17.0,,2025
231.0,Brandan Wright,27.0,PHO,PF,40.0,7.0,21.5,3.0,5.2,0.58,0.0,0.1,0.0,3.0,5.1,0.588,0.58,1.0,1.5,0.667,1.8,3.1,4.9,0.6,0.8,1.2,0.4,1.4,7.0,,2015
250.0,Brandan Wright,28.0,MEM,PF,12.0,2.0,17.7,2.9,4.3,0.673,0.0,0.0,,2.9,4.3,0.673,0.673,1.1,2.0,0.542,1.2,2.4,3.6,0.5,0.4,1.3,0.8,1.8,6.9,,2016
246.0,Brandan Wright,29.0,MEM,PF,28.0,5.0,16.0,3.0,4.8,0.615,0.0,0.0,0.0,3.0,4.8,0.619,0.615,0.8,1.3,0.657,1.1,1.7,2.8,0.5,0.4,0.7,0.4,1.5,6.8,,2017
201.0,Brandin Podziemski,20.0,GSW,SG,74.0,28.0,26.6,3.7,8.1,0.454,1.2,3.2,0.385,2.4,4.9,0.499,0.529,0.7,1.1,0.633,1.6,4.2,5.8,3.7,0.8,0.2,1.2,1.6,9.2,,2024
151.0,Brandin Podziemski,21.0,GSW,SG,64.0,33.0,26.8,4.4,9.8,0.445,1.8,4.8,0.372,2.6,5.0,0.516,0.537,1.1,1.5,0.758,1.0,4.1,5.1,3.4,1.1,0.2,1.2,1.5,11.7,,2025
137.0,Brandon Bass,29.0,BOS,PF,82.0,43.0,23.5,4.2,8.3,0.504,0.1,0.4,0.281,4.1,7.9,0.515,0.51,2.1,2.6,0.79,1.7,3.2,4.9,1.3,0.5,0.4,1.0,1.7,10.6,,2015
229.0,Brandon Bass,30.0,LAL,PF,66.0,0.0,20.3,2.6,4.8,0.549,0.0,0.0,0.0,2.6,4.8,0.552,0.549,1.9,2.2,0.845,1.6,2.7,4.3,1.1,0.5,0.8,0.6,1.9,7.2,,2016
167.0,Brandon Boston Jr.,23.0,NOP,SG,42.0,10.0,23.6,4.0,9.1,0.436,1.2,3.3,0.35,2.8,5.7,0.485,0.5,1.6,2.0,0.788,0.7,2.5,3.2,2.2,1.3,0.2,1.2,1.7,10.7,,2025
125.0,Brandon Clarke,23.0,MEM,PF,58.0,4.0,22.4,5.1,8.3,0.618,0.4,1.1,0.359,4.7,7.2,0.658,0.642,1.5,1.9,0.759,1.6,4.4,5.9,1.4,0.6,0.8,0.9,1.7,12.1,,2020
178.0,Brandon Clarke,24.0,MEM,PF,59.0,16.0,24.0,4.3,8.4,0.517,0.3,1.3,0.26,4.0,7.1,0.565,0.537,1.3,1.9,0.69,1.6,3.9,5.6,1.6,1.0,0.9,0.6,1.4,10.3,,2021
170.0,Brandon Clarke,25.0,MEM,PF,64.0,1.0,19.5,4.5,7.0,0.644,0.1,0.3,0.227,4.4,6.6,0.666,0.65,1.3,2.0,0.654,2.1,3.2,5.3,1.3,0.6,1.1,0.5,1.9,10.4,,2022
177.0,Brandon Clarke,26.0,MEM,PF,56.0,8.0,19.5,4.1,6.2,0.656,0.0,0.1,0.167,4.1,6.1,0.665,0.658,1.8,2.4,0.723,1.6,3.9,5.5,1.3,0.6,0.7,1.0,2.3,10.0,,2023
150.0,Brandon Clarke,27.0,MEM,PF,6.0,1.0,22.3,5.5,9.8,0.559,0.2,1.0,0.167,5.3,8.8,0.604,0.568,0.2,1.2,0.143,2.2,3.2,5.3,1.5,0.8,1.0,0.5,1.3,11.3,,2024
256.0,Brandon Clarke,28.0,MEM,PF,64.0,18.0,18.9,3.7,5.9,0.621,0.0,0.3,0.059,3.7,5.7,0.647,0.622,1.0,1.4,0.701,2.0,3.1,5.1,1.0,0.8,0.6,0.6,2.3,8.3,,2025
307.0,Brandon Davies,23.0,PHI,PF,20.0,6.0,19.0,2.5,6.0,0.412,0.4,1.5,0.233,2.1,4.5,0.472,0.441,1.1,1.7,0.636,1.8,1.9,3.7,1.4,0.9,0.2,1.3,2.7,6.3,,2015
164.0,Brandon Ingram,19.0,LAL,SF,79.0,40.0,28.8,3.5,8.7,0.402,0.7,2.4,0.294,2.8,6.3,0.443,0.442,1.7,2.7,0.621,0.8,3.2,4.0,2.1,0.6,0.5,1.5,2.0,9.4,,2017
58.0,Brandon Ingram,20.0,LAL,SF,59.0,59.0,33.5,6.1,12.9,0.47,0.7,1.8,0.39,5.4,11.1,0.483,0.497,3.3,4.8,0.681,1.0,4.4,5.3,3.9,0.8,0.7,2.5,2.8,16.1,,2018
43.0,Brandon Ingram,21.0,LAL,SF,52.0,52.0,33.8,7.0,14.0,0.497,0.6,1.8,0.33,6.4,12.2,0.521,0.518,3.8,5.6,0.675,0.8,4.3,5.1,3.0,0.5,0.6,2.5,2.9,18.3,,2019
16.0,Brandon Ingram,22.0,NOP,PF,62.0,62.0,33.9,8.2,17.7,0.463,2.4,6.2,0.391,5.8,11.5,0.501,0.531,5.0,5.9,0.851,0.8,5.3,6.1,4.2,1.0,0.6,3.0,2.9,23.8,,2020
24.0,Brandon Ingram,23.0,NOP,SF,61.0,61.0,34.3,8.4,18.0,0.466,2.3,6.1,0.381,6.1,11.9,0.51,0.531,4.6,5.2,0.878,0.6,4.3,4.9,4.9,0.7,0.6,2.5,2.0,23.8,,2021
25.0,Brandon Ingram,24.0,NOP,SF,55.0,55.0,34.0,8.2,17.9,0.461,1.3,4.1,0.327,6.9,13.8,0.501,0.498,4.8,5.9,0.826,0.6,5.2,5.8,5.6,0.6,0.5,2.7,2.2,22.7,,2022
22.0,Brandon Ingram,25.0,NOP,SF,45.0,45.0,34.2,9.0,18.6,0.484,1.4,3.6,0.39,7.6,14.9,0.507,0.522,5.3,6.0,0.882,0.5,5.0,5.5,5.8,0.7,0.4,3.3,2.6,24.7,,2023
46.0,Brandon Ingram,26.0,NOP,SF,64.0,64.0,32.9,7.8,15.9,0.492,1.3,3.8,0.355,6.5,12.1,0.534,0.534,3.8,4.8,0.801,0.7,4.4,5.1,5.7,0.8,0.6,2.5,2.3,20.8,,2024
34.0,Brandon Ingram,27.0,NOP,SF,18.0,18.0,33.1,8.6,18.5,0.465,2.4,6.4,0.374,6.2,12.1,0.514,0.53,2.6,3.1,0.855,0.9,4.6,5.6,5.2,0.9,0.6,3.8,2.5,22.2,,2025
60.0,Brandon Jennings,25.0,DET,PG,41.0,41.0,28.6,5.3,13.2,0.401,1.9,5.1,0.36,3.5,8.1,0.428,0.471,2.9,3.5,0.839,0.5,2.0,2.5,6.6,1.1,0.1,2.2,1.6,15.4,,2015
246.0,Brandon Jennings,26.0,ORL,PG,25.0,6.0,18.1,2.4,6.4,0.366,1.1,3.1,0.346,1.3,3.3,0.386,0.45,1.2,1.6,0.75,0.4,1.6,2.0,4.0,0.7,0.2,1.4,1.3,7.0,,2016
229.0,Brandon Jennings,27.0,WAS,PG,23.0,2.0,16.3,1.3,4.6,0.274,0.5,2.3,0.212,0.8,2.3,0.333,0.325,0.5,0.7,0.706,0.3,1.6,1.9,4.7,0.7,0.0,1.0,1.4,3.5,,2017
35.0,Brandon Knight,23.0,PHO,SG,11.0,9.0,31.5,4.6,13.0,0.357,1.9,6.1,0.313,2.7,6.9,0.395,0.43,2.2,2.6,0.828,0.2,1.9,2.1,4.5,0.5,0.1,2.1,1.9,13.4,,2015
26.0,Brandon Knight,24.0,PHO,SG,52.0,50.0,36.0,7.1,17.2,0.415,2.3,6.8,0.342,4.8,10.5,0.461,0.482,3.0,3.5,0.852,0.7,3.2,3.9,5.1,1.2,0.4,3.4,2.4,19.6,,2016
120.0,Brandon Knight,25.0,PHO,SG,54.0,5.0,21.1,3.9,9.7,0.398,0.8,2.6,0.324,3.0,7.1,0.425,0.441,2.4,2.9,0.857,0.5,1.7,2.2,2.4,0.5,0.1,1.6,1.6,11.0,,2017
256.0,Brandon Knight,28.0,DET,PG,9.0,3.0,24.6,3.4,9.0,0.383,2.9,7.4,0.388,0.6,1.6,0.357,0.543,1.8,2.3,0.762,0.1,2.2,2.3,4.2,0.6,0.1,2.4,2.2,11.6,,2020
70.0,Brandon Miller,21.0,CHO,SF,74.0,68.0,32.2,6.4,14.6,0.44,2.5,6.7,0.373,3.9,8.0,0.495,0.524,1.9,2.3,0.827,0.8,3.4,4.3,2.4,0.9,0.6,1.8,2.5,17.3,,2024
44.0,Brandon Miller,22.0,CHO,SF,27.0,27.0,34.2,7.3,18.2,0.403,3.9,10.9,0.355,3.5,7.3,0.475,0.509,2.5,2.9,0.861,0.9,3.9,4.9,3.6,1.1,0.7,2.8,2.7,21.0,,2025
363.0,Brandon Rush,31.0,MIN,SG,47.0,33.0,21.9,1.5,4.0,0.374,0.9,2.4,0.386,0.6,1.6,0.356,0.492,0.3,0.4,0.722,0.3,1.8,2.1,1.0,0.5,0.5,0.6,0.9,4.2,,2017
352.0,Brandon Sampson,21.0,CHI,SG,14.0,2.0,15.3,2.0,4.3,0.467,0.8,2.1,0.379,1.2,2.2,0.548,0.558,0.3,0.4,0.667,0.2,0.9,1.1,0.7,0.6,0.2,0.9,1.4,5.1,,2019
122.0,Brandon Williams,22.0,POR,PG,24.0,16.0,26.7,4.4,11.8,0.372,1.3,4.4,0.292,3.1,7.3,0.42,0.427,2.8,4.0,0.701,0.8,2.3,3.1,3.9,1.0,0.4,2.4,2.2,12.9,,2022
254.0,Brian Roberts,29.0,CHO,PG,72.0,10.0,18.5,2.4,6.3,0.389,0.9,2.7,0.321,1.6,3.6,0.44,0.458,0.9,1.0,0.892,0.2,1.3,1.5,2.3,0.5,0.1,0.8,1.0,6.7,,2015
443.0,Briante Weber,25.0,MEM,PG,5.0,0.0,23.8,2.0,4.2,0.476,0.0,0.4,0.0,2.0,3.8,0.526,0.476,0.8,1.2,0.667,1.0,2.4,3.4,1.8,1.6,0.4,1.6,2.0,4.8,,2018
241.0,Brice Sensabaugh,20.0,UTA,SF,32.0,11.0,18.3,2.7,6.8,0.39,1.1,3.6,0.296,1.6,3.2,0.495,0.468,1.2,1.3,0.902,0.5,2.7,3.2,1.7,0.4,0.2,1.5,1.3,7.5,,2024
164.0,Brice Sensabaugh,21.0,UTA,SF,71.0,15.0,20.2,3.9,8.4,0.459,2.2,5.2,0.422,1.7,3.2,0.52,0.59,0.9,1.0,0.89,0.6,2.4,3.0,1.5,0.6,0.1,1.5,1.6,10.9,,2025
33.0,Brook Lopez,26.0,BRK,C,72.0,44.0,29.2,7.0,13.7,0.513,0.0,0.1,0.1,7.0,13.6,0.517,0.513,3.1,3.8,0.814,3.0,4.5,7.4,0.7,0.6,1.8,1.4,2.9,17.2,,2015
21.0,Brook Lopez,27.0,BRK,C,73.0,73.0,33.7,8.1,15.8,0.511,0.0,0.2,0.143,8.1,15.7,0.515,0.512,4.3,5.5,0.787,2.8,5.1,7.8,2.0,0.8,1.7,2.4,2.9,20.6,,2016
30.0,Brook Lopez,28.0,BRK,C,75.0,75.0,29.6,7.4,15.6,0.474,1.8,5.2,0.346,5.6,10.5,0.536,0.531,3.9,4.9,0.81,1.6,3.8,5.4,2.3,0.5,1.7,2.5,2.6,20.5,,2017
104.0,Brook Lopez,29.0,LAL,C,74.0,72.0,23.4,5.0,10.7,0.465,1.5,4.4,0.345,3.5,6.3,0.549,0.536,1.5,2.1,0.703,1.0,3.0,4.0,1.7,0.4,1.3,1.3,2.6,13.0,,2018
120.0,Brook Lopez,30.0,MIL,C,81.0,81.0,28.7,4.4,9.7,0.452,2.3,6.3,0.365,2.1,3.4,0.613,0.571,1.4,1.6,0.842,0.4,4.5,4.9,1.2,0.6,2.2,1.0,2.3,12.5,,2019
130.0,Brook Lopez,31.0,MIL,C,68.0,67.0,26.7,4.3,9.9,0.435,1.5,4.8,0.314,2.8,5.1,0.549,0.511,1.9,2.2,0.836,0.9,3.7,4.6,1.5,0.7,2.4,1.0,2.4,12.0,,2020
137.0,Brook Lopez,32.0,MIL,C,70.0,70.0,27.2,4.6,9.1,0.503,1.4,4.0,0.338,3.2,5.1,0.632,0.577,1.7,2.0,0.845,1.5,3.5,5.0,0.7,0.6,1.5,0.9,2.1,12.3,,2021
127.0,Brook Lopez,33.0,MIL,C,13.0,11.0,22.9,4.7,10.1,0.466,1.5,4.1,0.358,3.2,6.0,0.538,0.538,1.5,1.8,0.87,1.5,2.6,4.1,0.5,0.6,1.2,0.9,2.6,12.4,,2022
86.0,Brook Lopez,34.0,MIL,C,78.0,78.0,30.4,6.1,11.5,0.531,1.7,4.7,0.374,4.4,6.9,0.637,0.606,1.9,2.4,0.784,2.0,4.7,6.7,1.3,0.5,2.5,1.4,2.6,15.9,,2023
130.0,Brook Lopez,35.0,MIL,C,79.0,79.0,30.5,4.6,9.6,0.485,1.9,5.1,0.366,2.8,4.4,0.621,0.583,1.4,1.7,0.821,1.5,3.7,5.2,1.6,0.5,2.4,1.0,2.4,12.5,,2024
124.0,Brook Lopez,36.0,MIL,C,80.0,80.0,31.8,4.9,9.7,0.509,1.7,4.7,0.373,3.2,5.0,0.636,0.599,1.4,1.7,0.826,1.4,3.6,5.0,1.8,0.6,1.9,1.1,2.1,13.0,,2025
385.0,Bruce Brown,22.0,DET,SG,74.0,56.0,19.6,1.7,4.2,0.398,0.3,1.3,0.258,1.4,3.0,0.457,0.436,0.6,0.8,0.75,0.6,1.9,2.5,1.2,0.5,0.5,0.6,2.4,4.3,,2019
208.0,Bruce Brown,23.0,DET,PG,58.0,43.0,28.2,3.4,7.7,0.443,0.6,1.7,0.344,2.8,6.1,0.47,0.48,1.5,2.1,0.739,1.1,3.7,4.7,4.0,1.1,0.5,1.7,2.8,8.9,,2020
216.0,Bruce Brown,24.0,BRK,PG,65.0,37.0,22.3,3.6,6.5,0.556,0.3,0.9,0.288,3.4,5.6,0.599,0.576,1.3,1.8,0.735,1.7,3.7,5.4,1.6,0.9,0.4,0.8,2.2,8.8,,2021
215.0,Bruce Brown,25.0,BRK,SF,72.0,45.0,24.6,3.6,7.0,0.506,0.5,1.3,0.404,3.0,5.7,0.529,0.543,1.3,1.8,0.758,1.4,3.4,4.8,2.1,1.1,0.7,0.8,2.4,9.0,,2022
143.0,Bruce Brown,26.0,DEN,SF,80.0,31.0,28.5,4.5,9.3,0.483,1.1,3.2,0.358,3.3,6.1,0.548,0.545,1.5,1.9,0.758,0.8,3.3,4.1,3.4,1.1,0.6,1.5,2.4,11.5,,2023
164.0,Bruce Brown,27.0,TOR,PG,34.0,11.0,26.0,3.8,7.9,0.481,0.6,1.9,0.317,3.2,6.0,0.532,0.519,1.5,1.8,0.833,0.8,3.0,3.8,2.7,0.7,0.3,1.3,2.0,9.6,,2024
254.0,Bruce Brown,28.0,TOR,PG,18.0,0.0,19.6,3.2,7.3,0.435,0.6,2.0,0.306,2.6,5.3,0.484,0.477,1.4,1.6,0.897,0.9,2.8,3.8,1.6,0.9,0.2,1.1,1.4,8.4,,2025
218.0,Bruno Caboclo,23.0,MEM,PF,34.0,19.0,23.5,2.8,6.6,0.427,1.4,3.8,0.369,1.4,2.8,0.505,0.533,1.2,1.5,0.84,1.2,3.4,4.6,1.5,0.4,1.0,1.1,2.4,8.3,,2019
290.0,Bruno Fernando,25.0,ATL,C,45.0,2.0,15.2,2.4,4.2,0.583,0.0,0.1,0.0,2.4,4.1,0.596,0.583,1.4,2.1,0.667,1.3,3.0,4.3,1.0,0.6,0.6,1.0,2.4,6.3,,2024
299.0,Bryce Dejean-Jones,23.0,NOP,SG,14.0,11.0,19.9,2.0,4.9,0.406,0.9,2.3,0.375,1.1,2.6,0.432,0.493,0.8,1.5,0.524,0.6,2.9,3.4,1.1,0.7,0.1,0.8,1.2,5.6,,2016
347.0,Bryce McGowens,20.0,CHO,SG,46.0,7.0,17.1,1.7,4.4,0.396,0.6,1.7,0.325,1.2,2.7,0.443,0.46,1.3,1.7,0.75,0.4,1.6,2.0,1.2,0.3,0.1,0.9,1.0,5.3,,2023
263.0,Bryn Forbes,24.0,SAS,SG,80.0,12.0,19.0,2.6,6.2,0.421,1.1,2.9,0.39,1.5,3.4,0.446,0.51,0.6,0.9,0.667,0.2,1.2,1.4,1.0,0.4,0.0,0.5,1.4,6.9,,2018
132.0,Bryn Forbes,25.0,SAS,SG,82.0,81.0,28.0,4.4,9.6,0.456,2.1,5.0,0.426,2.3,4.6,0.489,0.568,0.8,1.0,0.885,0.2,2.7,2.9,2.1,0.5,0.0,1.0,1.9,11.8,,2019
147.0,Bryn Forbes,26.0,SAS,SG,63.0,62.0,25.1,3.8,9.2,0.417,2.3,6.0,0.388,1.5,3.2,0.47,0.544,1.2,1.4,0.833,0.2,1.8,2.0,1.7,0.5,0.0,0.9,1.8,11.2,,2020
185.0,Bryn Forbes,27.0,MIL,SG,70.0,10.0,19.3,3.6,7.6,0.473,2.2,4.9,0.452,1.4,2.7,0.511,0.618,0.7,0.9,0.77,0.2,1.4,1.6,0.6,0.3,0.0,0.6,1.1,10.0,,2021
221.0,Bryn Forbes,28.0,SAS,SG,40.0,1.0,16.9,3.2,7.4,0.432,1.6,3.8,0.417,1.6,3.6,0.448,0.539,1.1,1.2,0.898,0.1,1.5,1.6,1.0,0.4,0.1,0.8,1.1,9.1,,2022
198.0,Bub Carrington,19.0,WAS,PG,82.0,57.0,30.0,3.7,9.1,0.401,1.7,5.0,0.339,2.0,4.2,0.475,0.493,0.8,1.0,0.812,0.4,3.8,4.2,4.4,0.7,0.3,1.7,2.3,9.8,,2025
132.0,Buddy Hield,24.0,SAC,SG,25.0,18.0,29.1,5.7,11.8,0.48,2.4,5.5,0.428,3.3,6.3,0.525,0.579,1.4,1.7,0.814,0.6,3.5,4.1,1.8,0.8,0.1,2.1,1.4,15.1,,2017
95.0,Buddy Hield,25.0,SAC,SG,80.0,13.0,25.3,5.2,11.7,0.446,2.2,5.1,0.431,3.0,6.6,0.457,0.54,0.9,1.0,0.877,0.7,3.2,3.8,1.9,1.1,0.3,1.6,1.9,13.5,,2018
30.0,Buddy Hield,26.0,SAC,SG,82.0,82.0,31.9,7.6,16.6,0.458,3.4,7.9,0.427,4.2,8.6,0.487,0.56,2.1,2.4,0.886,1.3,3.7,5.0,2.5,0.7,0.4,1.8,2.5,20.7,,2019
43.0,Buddy Hield,27.0,SAC,SG,72.0,44.0,30.8,6.9,16.1,0.429,3.8,9.6,0.394,3.2,6.6,0.479,0.545,1.6,1.9,0.846,0.8,3.8,4.6,3.0,0.9,0.2,2.3,2.3,19.2,,2020
69.0,Buddy Hield,28.0,SAC,SG,71.0,71.0,34.3,5.7,14.0,0.406,4.0,10.2,0.391,1.7,3.8,0.446,0.548,1.2,1.5,0.846,0.4,4.3,4.7,3.6,0.9,0.4,1.8,2.5,16.6,,2021
81.0,Buddy Hield,29.0,SAC,SG,55.0,6.0,28.6,4.8,12.6,0.382,3.3,9.0,0.368,1.5,3.6,0.419,0.514,1.5,1.7,0.87,0.8,3.2,4.0,1.9,0.9,0.3,1.6,2.1,14.4,,2022
78.0,Buddy Hield,30.0,IND,SF,80.0,73.0,31.0,5.9,13.0,0.458,3.6,8.5,0.425,2.3,4.5,0.518,0.596,1.3,1.6,0.822,0.8,4.2,5.0,2.8,1.2,0.3,1.7,2.0,16.8,,2023
139.0,Buddy Hield,31.0,PHI,SG,32.0,14.0,25.8,4.4,10.4,0.426,2.6,6.6,0.389,1.9,3.8,0.492,0.55,0.8,0.8,0.923,0.8,2.3,3.2,3.0,0.8,0.3,1.3,2.1,12.2,,2024
156.0,Buddy Hield,32.0,GSW,SG,82.0,22.0,22.7,4.0,9.6,0.417,2.5,6.7,0.37,1.5,2.9,0.527,0.546,0.6,0.8,0.828,0.6,2.6,3.2,1.6,0.8,0.3,1.1,1.6,11.1,,2025
83.0,C.J. Miles,27.0,IND,SG,70.0,40.0,26.3,4.7,11.8,0.398,2.2,6.4,0.345,2.5,5.4,0.459,0.491,1.9,2.3,0.807,0.3,2.8,3.1,1.1,0.9,0.4,1.0,1.9,13.5,,2015
114.0,C.J. Miles,28.0,IND,SF,64.0,24.0,22.9,4.0,9.9,0.409,2.2,6.0,0.367,1.8,3.9,0.474,0.521,1.5,1.9,0.75,0.4,2.3,2.7,1.0,0.8,0.5,1.1,2.2,11.8,,2016
130.0,C.J. Miles,29.0,IND,SF,76.0,29.0,23.4,3.7,8.5,0.434,2.2,5.4,0.413,1.5,3.1,0.471,0.565,1.1,1.2,0.903,0.4,2.6,3.0,0.6,0.6,0.3,0.5,2.0,10.7,,2017
173.0,C.J. Miles,30.0,TOR,SF,70.0,3.0,19.1,3.2,8.6,0.379,2.3,6.5,0.361,0.9,2.1,0.434,0.516,1.2,1.4,0.835,0.3,1.9,2.2,0.8,0.5,0.3,0.6,1.9,10.0,,2018
293.0,C.J. Miles,32.0,WAS,SF,10.0,0.0,16.1,1.9,5.9,0.322,1.1,3.5,0.314,0.8,2.4,0.333,0.415,1.5,2.0,0.75,0.4,0.8,1.2,1.2,1.0,0.4,0.4,1.4,6.4,,2020
158.0,C.J. Watson,30.0,IND,PG,57.0,21.0,24.9,3.2,7.3,0.434,1.2,3.1,0.4,1.9,4.2,0.459,0.518,2.4,2.9,0.826,0.3,2.5,2.9,3.6,1.0,0.2,1.8,1.9,10.0,,2015
346.0,C.J. Watson,31.0,ORL,PG,33.0,2.0,19.9,1.4,4.2,0.343,0.4,1.5,0.292,1.0,2.7,0.371,0.394,1.0,1.2,0.872,0.3,1.7,2.0,2.7,0.6,0.2,0.8,1.5,4.3,,2016
350.0,C.J. Watson,32.0,ORL,PG,62.0,9.0,16.3,1.5,4.0,0.387,0.5,1.7,0.305,1.0,2.3,0.448,0.452,0.9,1.1,0.864,0.3,1.2,1.4,1.8,0.7,0.0,0.8,1.4,4.5,,2017
324.0,C.J. Williams,27.0,LAC,SG,38.0,18.0,18.6,2.3,5.2,0.442,0.6,2.1,0.282,1.7,3.1,0.546,0.497,0.3,0.4,0.813,0.3,1.2,1.5,1.1,0.8,0.3,0.5,1.7,5.5,,2018
351.0,CJ Elleby,21.0,POR,SF,58.0,28.0,20.2,2.1,5.3,0.393,0.6,2.2,0.294,1.4,3.1,0.462,0.453,1.0,1.4,0.714,1.1,2.8,3.9,1.5,0.6,0.3,1.0,2.0,5.8,,2022
252.0,CJ McCollum,23.0,POR,SG,62.0,3.0,15.7,2.6,5.9,0.436,0.9,2.2,0.396,1.7,3.6,0.46,0.511,0.8,1.2,0.699,0.2,1.2,1.5,1.0,0.7,0.1,0.8,1.3,6.8,,2015
19.0,CJ McCollum,24.0,POR,SG,80.0,80.0,34.8,8.0,17.9,0.448,2.5,5.9,0.417,5.6,12.0,0.463,0.517,2.3,2.8,0.827,0.6,2.7,3.2,4.3,1.2,0.3,2.5,2.3,20.8,,2016
20.0,CJ McCollum,25.0,POR,SG,80.0,80.0,35.0,8.7,18.0,0.48,2.3,5.5,0.421,6.3,12.5,0.506,0.544,3.4,3.7,0.912,0.8,2.9,3.6,3.6,0.9,0.5,2.2,2.5,23.0,,2017
23.0,CJ McCollum,26.0,POR,SG,81.0,81.0,36.1,8.2,18.6,0.443,2.3,5.9,0.397,5.9,12.7,0.465,0.506,2.6,3.1,0.836,0.7,3.3,4.0,3.4,1.0,0.4,1.9,2.1,21.4,,2018
28.0,CJ McCollum,27.0,POR,SG,70.0,70.0,33.9,8.2,17.8,0.459,2.4,6.4,0.375,5.8,11.4,0.506,0.527,2.3,2.7,0.828,0.9,3.1,4.0,3.0,0.8,0.4,1.5,2.5,21.0,,2019
22.0,CJ McCollum,28.0,POR,SG,70.0,70.0,36.5,8.7,19.4,0.451,2.8,7.3,0.379,6.0,12.1,0.494,0.522,2.0,2.6,0.757,0.7,3.6,4.2,4.4,0.8,0.6,1.8,2.6,22.2,,2020
28.0,CJ McCollum,29.0,POR,SG,47.0,47.0,34.0,8.6,18.8,0.458,3.6,8.9,0.402,5.0,9.9,0.509,0.554,2.3,2.8,0.812,0.6,3.3,3.9,4.7,0.9,0.4,1.4,1.9,23.1,,2021
26.0,CJ McCollum,30.0,POR,SG,36.0,36.0,35.2,8.1,18.5,0.436,3.1,8.0,0.384,5.0,10.4,0.476,0.52,1.3,1.9,0.706,0.9,3.3,4.3,4.5,1.0,0.6,1.9,2.1,20.5,,2022
44.0,CJ McCollum,31.0,NOP,PG,75.0,75.0,35.3,7.8,17.9,0.437,2.8,7.2,0.389,5.0,10.7,0.469,0.515,2.4,3.2,0.769,0.7,3.6,4.4,5.7,0.9,0.5,2.4,2.0,20.9,,2023
50.0,CJ McCollum,32.0,NOP,PG,66.0,66.0,32.7,7.3,16.0,0.459,3.6,8.4,0.429,3.7,7.5,0.492,0.572,1.7,2.1,0.827,0.6,3.7,4.3,4.6,0.9,0.6,1.7,1.9,20.0,,2024
42.0,CJ McCollum,33.0,NOP,PG,56.0,56.0,32.7,7.9,17.9,0.444,3.1,8.2,0.373,4.9,9.7,0.505,0.53,2.2,3.1,0.717,0.8,3.0,3.8,4.1,0.8,0.4,1.9,2.2,21.1,,2025
59.0,Cade Cunningham,20.0,DET,SG,64.0,64.0,32.6,6.7,16.1,0.416,1.8,5.7,0.314,4.9,10.4,0.472,0.471,2.2,2.6,0.845,0.9,4.6,5.5,5.6,1.2,0.7,3.7,3.1,17.4,,2022
59.0,Cade Cunningham,21.0,DET,PG,12.0,12.0,33.3,7.8,18.7,0.415,1.4,5.1,0.279,6.3,13.6,0.466,0.453,3.0,3.6,0.837,1.0,5.2,6.2,6.0,0.8,0.6,3.3,2.8,19.9,,2023
29.0,Cade Cunningham,22.0,DET,PG,62.0,62.0,33.5,8.5,18.8,0.449,1.9,5.4,0.355,6.5,13.4,0.487,0.5,3.8,4.4,0.869,0.5,3.8,4.3,7.5,0.9,0.4,3.4,2.5,22.7,,2024
9.0,Cade Cunningham,23.0,DET,PG,70.0,70.0,35.0,9.8,20.8,0.469,2.1,6.0,0.356,7.6,14.8,0.515,0.521,4.5,5.3,0.846,0.8,5.3,6.1,9.1,1.0,0.8,4.4,2.8,26.1,,2025
423.0,Caleb Houstan,20.0,ORL,SF,51.0,4.0,15.9,1.3,3.6,0.363,0.9,2.7,0.338,0.4,0.9,0.435,0.489,0.3,0.4,0.833,0.7,1.3,1.9,0.6,0.2,0.1,0.4,1.2,3.8,,2023
300.0,Caleb Martin,24.0,CHO,SF,18.0,1.0,17.6,2.1,4.7,0.44,1.1,2.1,0.541,0.9,2.6,0.362,0.56,0.9,1.2,0.81,0.6,1.6,2.1,1.3,0.7,0.4,0.8,1.8,6.2,,2020
373.0,Caleb Martin,25.0,CHO,SF,53.0,3.0,15.4,1.8,4.8,0.375,0.6,2.4,0.248,1.2,2.5,0.496,0.436,0.8,1.2,0.641,0.6,2.1,2.7,1.3,0.7,0.2,0.6,1.2,5.0,,2021
205.0,Caleb Martin,26.0,MIA,SF,60.0,12.0,22.9,3.5,6.8,0.507,1.1,2.6,0.413,2.4,4.3,0.565,0.585,1.2,1.6,0.763,1.2,2.7,3.8,1.1,1.0,0.5,0.9,1.7,9.2,,2022
191.0,Caleb Martin,27.0,MIA,SF,71.0,49.0,29.3,3.6,7.7,0.464,1.2,3.3,0.356,2.4,4.4,0.545,0.54,1.3,1.6,0.805,1.2,3.6,4.8,1.6,1.0,0.4,1.1,2.0,9.6,,2023
182.0,Caleb Martin,28.0,MIA,SF,64.0,23.0,27.4,3.8,8.7,0.431,1.3,3.6,0.349,2.5,5.1,0.489,0.504,1.2,1.5,0.778,1.2,3.2,4.4,2.2,0.7,0.5,1.2,2.0,10.0,,2024
265.0,Caleb Martin,29.0,PHI,SF,31.0,24.0,30.4,3.3,7.5,0.435,1.1,2.8,0.379,2.2,4.7,0.469,0.506,1.5,2.4,0.622,1.4,3.0,4.4,2.2,1.1,0.6,1.4,2.0,9.1,,2025
165.0,Cam Reddish,20.0,ATL,SF,58.0,34.0,26.7,3.7,9.6,0.384,1.4,4.3,0.332,2.2,5.2,0.428,0.459,1.7,2.2,0.802,0.6,3.1,3.7,1.5,1.1,0.5,1.7,2.3,10.5,,2020
159.0,Cam Reddish,21.0,ATL,SF,26.0,21.0,28.8,3.7,10.1,0.365,1.3,4.8,0.262,2.4,5.3,0.46,0.428,2.6,3.2,0.817,0.8,3.2,4.0,1.3,1.3,0.3,1.3,2.6,11.2,,2021
188.0,Cam Reddish,23.0,POR,SF,20.0,12.0,27.6,3.9,8.8,0.443,1.4,4.4,0.318,2.5,4.4,0.568,0.523,1.8,2.1,0.833,0.6,2.3,2.9,1.9,1.2,0.3,1.6,2.0,11.0,,2023
322.0,Cam Reddish,24.0,LAL,SF,48.0,26.0,20.5,1.9,4.9,0.389,0.8,2.3,0.336,1.1,2.6,0.435,0.468,0.9,1.1,0.759,0.6,1.5,2.1,1.0,1.0,0.3,0.6,1.3,5.4,,2024
463.0,Cam Reddish,25.0,LAL,SF,33.0,8.0,17.8,1.2,2.8,0.404,0.4,1.4,0.277,0.8,1.4,0.532,0.473,0.5,0.8,0.615,0.5,1.5,2.0,0.7,1.0,0.3,0.4,1.3,3.2,,2025
235.0,Cam Thomas,20.0,BRK,SG,67.0,2.0,17.6,3.3,7.5,0.433,0.7,2.6,0.27,2.6,4.9,0.52,0.48,1.3,1.6,0.829,0.2,2.2,2.4,1.2,0.5,0.1,0.8,1.0,8.5,,2022
161.0,Cam Thomas,21.0,BRK,SG,57.0,4.0,16.6,3.5,8.0,0.441,0.9,2.3,0.383,2.6,5.7,0.464,0.497,2.6,3.1,0.868,0.1,1.5,1.7,1.4,0.4,0.1,1.1,1.0,10.6,,2023
35.0,Cam Thomas,22.0,BRK,SG,66.0,51.0,31.4,8.0,18.0,0.442,2.2,6.0,0.364,5.8,12.0,0.481,0.503,4.3,5.1,0.856,0.4,2.8,3.2,2.9,0.7,0.2,1.9,2.1,22.5,,2024
25.0,Cam Thomas,23.0,BRK,SG,25.0,23.0,31.2,8.0,18.2,0.438,2.7,7.8,0.349,5.2,10.4,0.506,0.513,5.3,6.0,0.881,0.6,2.7,3.3,3.8,0.6,0.1,2.5,1.8,24.0,,2025
132.0,Cam Whitmore,19.0,HOU,SF,47.0,2.0,18.7,4.5,9.9,0.454,1.7,4.7,0.359,2.8,5.3,0.538,0.539,1.6,2.4,0.679,0.9,2.9,3.8,0.7,0.6,0.4,1.0,1.4,12.3,,2024
211.0,Cam Whitmore,20.0,HOU,SF,51.0,3.0,16.2,3.5,7.9,0.444,1.3,3.6,0.355,2.2,4.3,0.518,0.525,1.1,1.4,0.75,0.7,2.3,3.0,1.0,0.6,0.3,0.9,0.9,9.4,,2025
211.0,Cameron Johnson,23.0,PHO,PF,57.0,9.0,22.0,3.1,7.1,0.435,1.9,4.8,0.39,1.2,2.3,0.526,0.565,0.8,1.0,0.807,0.9,2.4,3.3,1.2,0.6,0.4,0.6,1.5,8.8,,2020
194.0,Cameron Johnson,24.0,PHO,PF,60.0,11.0,24.0,3.4,8.1,0.42,2.0,5.6,0.349,1.4,2.5,0.581,0.541,0.8,1.0,0.847,0.6,2.8,3.3,1.4,0.6,0.3,0.7,1.4,9.6,,2021
126.0,Cameron Johnson,25.0,PHO,PF,66.0,16.0,26.2,4.2,9.2,0.46,2.5,5.9,0.425,1.7,3.3,0.523,0.596,1.5,1.7,0.86,0.6,3.5,4.1,1.5,0.9,0.2,0.7,1.7,12.5,,2022
89.0,Cameron Johnson,26.0,PHO,PF,17.0,16.0,25.2,4.8,10.2,0.474,2.6,5.8,0.455,2.2,4.4,0.5,0.604,1.6,1.9,0.818,0.8,3.0,3.8,1.5,0.9,0.4,0.6,1.7,13.9,,2023
119.0,Cameron Johnson,27.0,BRK,PF,58.0,47.0,27.6,4.8,10.7,0.446,2.4,6.1,0.391,2.4,4.6,0.519,0.557,1.5,1.9,0.789,0.9,3.4,4.3,2.4,0.8,0.3,1.0,1.8,13.4,,2024
60.0,Cameron Johnson,28.0,BRK,PF,57.0,57.0,31.6,6.2,13.1,0.475,2.8,7.2,0.39,3.4,5.9,0.578,0.582,3.5,3.9,0.893,0.9,3.4,4.3,3.4,0.9,0.4,1.7,1.8,18.8,,2025
395.0,Cameron McGriff,24.0,POR,SF,3.0,0.0,15.3,1.7,4.7,0.357,0.7,2.0,0.333,1.0,2.7,0.375,0.429,0.7,0.7,1.0,2.0,3.0,5.0,1.0,0.0,0.3,0.0,2.3,4.7,,2022
170.0,Cameron Oliver,24.0,HOU,SF,4.0,0.0,21.8,4.8,8.3,0.576,1.0,3.3,0.308,3.8,5.0,0.75,0.636,0.3,1.0,0.25,1.3,4.0,5.3,1.3,0.5,1.0,0.8,2.8,10.8,,2021
143.0,Cameron Oliver,25.0,ATL,SF,2.0,0.0,21.5,5.0,7.5,0.667,0.5,1.5,0.333,4.5,6.0,0.75,0.7,1.0,1.5,0.667,1.0,2.0,3.0,1.5,0.5,0.5,0.0,2.5,11.5,,2022
318.0,Cameron Payne,22.0,OKC,PG,20.0,0.0,16.0,2.2,6.5,0.331,0.8,2.6,0.308,1.4,3.9,0.346,0.392,0.2,0.2,1.0,0.1,1.5,1.6,2.0,0.5,0.2,0.8,1.9,5.3,,2017
194.0,Cameron Payne,23.0,CHI,PG,25.0,14.0,23.3,3.5,8.6,0.405,1.4,3.6,0.385,2.1,5.0,0.419,0.486,0.5,0.6,0.75,0.7,2.0,2.8,4.5,1.0,0.4,1.4,1.8,8.8,,2018
300.0,Cameron Payne,24.0,CLE,PG,9.0,1.0,19.6,3.0,6.1,0.491,1.0,2.8,0.36,2.0,3.3,0.6,0.573,1.2,1.8,0.688,0.3,1.8,2.1,2.6,0.9,0.3,1.2,1.7,8.2,,2019
157.0,Cameron Payne,25.0,PHO,SG,8.0,0.0,22.9,4.1,8.5,0.485,1.9,3.6,0.517,2.3,4.9,0.462,0.596,0.8,0.9,0.857,0.5,3.4,3.9,3.0,1.0,0.3,1.4,2.5,10.9,,2020
233.0,Cameron Payne,26.0,PHO,PG,60.0,1.0,18.0,3.2,6.6,0.484,1.2,2.8,0.44,2.0,3.8,0.515,0.576,0.8,0.9,0.893,0.3,2.1,2.4,3.6,0.6,0.3,1.0,1.6,8.4,,2021
161.0,Cameron Payne,27.0,PHO,PG,58.0,12.0,22.0,4.1,10.1,0.409,1.2,3.6,0.336,2.9,6.5,0.449,0.469,1.3,1.5,0.843,0.4,2.6,3.0,4.9,0.7,0.3,1.8,2.1,10.8,,2022
168.0,Cameron Payne,28.0,PHO,PG,48.0,15.0,20.2,3.9,9.4,0.415,1.4,3.9,0.368,2.5,5.6,0.448,0.49,1.0,1.3,0.766,0.3,2.0,2.2,4.5,0.7,0.2,1.7,1.8,10.3,,2023
242.0,Cameron Payne,29.0,PHI,PG,31.0,8.0,19.4,3.5,8.4,0.413,1.7,4.4,0.382,1.8,4.0,0.447,0.514,0.7,0.7,0.913,0.5,1.3,1.8,3.1,0.6,0.3,1.1,1.7,9.3,,2024
304.0,Cameron Payne,30.0,NYK,PG,72.0,5.0,15.1,2.5,6.2,0.401,1.3,3.6,0.363,1.2,2.6,0.453,0.506,0.7,0.8,0.907,0.2,1.3,1.4,2.8,0.5,0.2,0.7,1.5,6.9,,2025
198.0,Caris LeVert,22.0,BRK,SF,57.0,26.0,21.7,3.0,6.7,0.45,1.0,3.2,0.321,2.0,3.4,0.571,0.528,1.2,1.6,0.72,0.4,2.9,3.3,1.9,0.9,0.1,1.0,1.6,8.2,,2017
127.0,Caris LeVert,23.0,BRK,SF,71.0,10.0,26.3,4.5,10.4,0.435,1.2,3.5,0.347,3.3,6.9,0.48,0.493,1.9,2.6,0.711,0.7,2.9,3.7,4.2,1.2,0.3,2.2,2.2,12.1,,2018
101.0,Caris LeVert,24.0,BRK,SF,40.0,25.0,26.6,5.2,12.1,0.429,1.2,3.9,0.312,4.0,8.2,0.483,0.478,2.1,3.1,0.691,0.9,2.9,3.8,3.9,1.1,0.4,1.7,1.9,13.7,,2019
49.0,Caris LeVert,25.0,BRK,SG,45.0,31.0,29.6,6.9,16.3,0.425,1.8,4.9,0.364,5.1,11.4,0.451,0.48,3.1,4.4,0.711,1.1,3.1,4.2,4.4,1.2,0.2,2.6,1.8,18.7,,2020
42.0,Caris LeVert,26.0,IND,SG,35.0,35.0,32.9,7.8,17.5,0.443,1.8,5.6,0.318,6.0,12.0,0.501,0.493,3.4,4.2,0.822,0.7,4.0,4.6,4.9,1.5,0.7,2.2,2.4,20.7,,2021
68.0,Caris LeVert,27.0,IND,SG,39.0,39.0,31.1,7.1,15.9,0.447,1.6,4.8,0.323,5.6,11.1,0.501,0.496,2.8,3.7,0.76,0.8,3.1,3.8,4.4,0.9,0.5,1.9,2.3,18.7,,2022
135.0,Caris LeVert,28.0,CLE,SG,74.0,30.0,30.2,4.3,10.0,0.431,1.7,4.4,0.392,2.6,5.6,0.462,0.517,1.8,2.4,0.722,0.7,3.1,3.8,3.9,1.0,0.3,1.6,2.3,12.1,,2023
108.0,Caris LeVert,29.0,CLE,SG,68.0,10.0,28.8,5.1,12.1,0.421,1.6,4.9,0.325,3.5,7.2,0.486,0.487,2.3,3.0,0.766,0.6,3.5,4.1,5.1,1.1,0.5,1.7,1.8,14.0,,2024
142.0,Caris LeVert,30.0,CLE,SF,38.0,3.0,23.8,3.6,7.8,0.453,1.6,3.9,0.405,2.0,3.9,0.5,0.554,1.5,2.2,0.699,0.6,2.2,2.8,3.7,0.9,0.5,1.3,1.3,10.2,,2025
239.0,Carl Landry,31.0,SAC,PF,70.0,15.0,17.0,2.7,5.3,0.515,0.0,0.0,,2.7,5.3,0.515,0.515,1.8,2.1,0.82,1.4,2.4,3.8,0.4,0.2,0.2,0.8,1.9,7.2,,2015
155.0,Carl Landry,32.0,PHI,PF,36.0,12.0,15.8,3.9,6.9,0.556,0.2,0.4,0.462,3.7,6.6,0.561,0.568,1.9,2.5,0.736,1.4,2.7,4.1,0.9,0.3,0.3,0.6,1.9,9.8,,2016
117.0,Carlos Boozer,33.0,LAL,PF,71.0,26.0,23.8,5.2,10.5,0.499,0.0,0.0,,5.2,10.5,0.499,0.499,1.3,2.1,0.627,1.6,5.2,6.8,1.3,0.6,0.2,1.3,2.6,11.8,,2015
6.0,Carmelo Anthony,30.0,NYK,SF,40.0,40.0,35.7,9.0,20.2,0.444,1.5,4.5,0.341,7.4,15.7,0.474,0.482,4.7,5.9,0.797,1.8,4.8,6.6,3.1,1.0,0.4,2.2,2.2,24.2,,2015
13.0,Carmelo Anthony,31.0,NYK,SF,72.0,72.0,35.1,7.9,18.2,0.434,1.5,4.3,0.339,6.4,13.8,0.463,0.474,4.6,5.6,0.829,1.4,6.4,7.7,4.2,0.9,0.5,2.4,2.5,21.8,,2016
22.0,Carmelo Anthony,32.0,NYK,SF,74.0,74.0,34.3,8.1,18.8,0.433,2.0,5.7,0.359,6.1,13.1,0.466,0.488,4.1,4.9,0.833,0.8,5.1,5.9,2.9,0.8,0.5,2.1,2.7,22.4,,2017
55.0,Carmelo Anthony,33.0,OKC,PF,78.0,78.0,32.1,6.1,15.0,0.404,2.2,6.1,0.357,3.9,8.9,0.437,0.476,1.9,2.5,0.767,0.9,4.9,5.8,1.3,0.6,0.6,1.3,2.5,16.2,,2018
107.0,Carmelo Anthony,34.0,HOU,PF,10.0,2.0,29.4,4.9,12.1,0.405,2.1,6.4,0.328,2.8,5.7,0.491,0.492,1.5,2.2,0.682,0.9,4.5,5.4,0.5,0.4,0.7,0.8,3.2,13.4,,2019
79.0,Carmelo Anthony,35.0,POR,PF,58.0,58.0,32.8,5.8,13.5,0.43,1.5,3.9,0.385,4.3,9.6,0.448,0.485,2.3,2.8,0.845,1.2,5.1,6.3,1.5,0.8,0.5,1.7,2.9,15.4,,2020
114.0,Carmelo Anthony,36.0,POR,PF,69.0,3.0,24.5,4.7,11.3,0.421,1.9,4.7,0.409,2.8,6.6,0.429,0.506,2.0,2.2,0.89,0.5,2.6,3.1,1.5,0.7,0.6,0.9,2.1,13.4,,2021
113.0,Carmelo Anthony,37.0,LAL,PF,69.0,3.0,26.0,4.6,10.5,0.441,2.2,5.8,0.375,2.5,4.7,0.521,0.544,1.9,2.3,0.83,0.9,3.3,4.2,1.0,0.7,0.8,0.9,2.4,13.3,,2022
281.0,Caron Butler,34.0,DET,SF,78.0,21.0,20.8,2.1,5.1,0.407,1.1,2.8,0.379,1.0,2.3,0.441,0.511,0.7,0.8,0.902,0.3,2.2,2.5,1.0,0.6,0.1,0.6,1.5,5.9,,2015
350.0,Carsen Edwards,23.0,DET,SG,4.0,0.0,19.8,2.3,7.5,0.3,1.0,4.0,0.25,1.3,3.5,0.357,0.367,0.3,0.3,1.0,0.5,1.0,1.5,3.5,0.5,0.0,1.3,1.0,5.8,,2022
272.0,Cason Wallace,20.0,OKC,SG,82.0,13.0,20.6,2.6,5.4,0.491,1.2,2.9,0.419,1.5,2.5,0.572,0.602,0.4,0.5,0.784,0.6,1.6,2.3,1.5,0.9,0.5,0.5,1.6,6.8,,2024
253.0,Cason Wallace,21.0,OKC,SG,68.0,43.0,27.6,3.4,7.2,0.474,1.1,3.1,0.356,2.3,4.1,0.562,0.55,0.4,0.5,0.811,1.0,2.3,3.4,2.5,1.8,0.5,0.9,2.1,8.4,,2025
356.0,Cassius Stanley,22.0,DET,SG,9.0,1.0,17.2,2.1,5.1,0.413,0.4,1.9,0.235,1.7,3.2,0.517,0.457,1.1,1.1,1.0,0.6,1.6,2.1,0.4,0.6,0.2,0.7,1.9,5.8,,2022
111.0,Cedi Osman,23.0,CLE,SF,76.0,75.0,32.2,4.7,11.1,0.427,1.7,4.9,0.348,3.0,6.2,0.489,0.504,1.9,2.4,0.779,0.6,4.1,4.7,2.6,0.8,0.1,1.5,2.6,13.0,,2019
153.0,Cedi Osman,24.0,CLE,SF,65.0,65.0,29.4,4.1,9.4,0.437,1.9,4.9,0.383,2.2,4.4,0.497,0.538,1.0,1.4,0.67,0.6,3.0,3.6,2.4,0.8,0.2,1.4,2.5,11.0,,2020
176.0,Cedi Osman,25.0,CLE,SF,59.0,26.0,25.6,3.7,9.9,0.374,1.7,5.5,0.306,2.0,4.4,0.458,0.458,1.3,1.6,0.8,0.6,2.8,3.4,2.9,0.9,0.2,1.4,2.0,10.4,,2021
163.0,Cedi Osman,26.0,CLE,SF,66.0,3.0,22.2,3.7,8.7,0.432,1.9,5.4,0.357,1.8,3.2,0.559,0.544,1.3,2.0,0.664,0.4,1.8,2.2,2.0,0.8,0.2,1.0,1.9,10.7,,2022
225.0,Cedi Osman,27.0,CLE,SF,77.0,2.0,20.1,3.1,6.9,0.451,1.5,4.1,0.372,1.6,2.8,0.564,0.56,1.0,1.4,0.694,0.3,2.0,2.3,1.5,0.5,0.1,0.7,1.6,8.7,,2023
270.0,Cedi Osman,28.0,SAS,SF,72.0,3.0,17.6,2.6,5.3,0.479,1.2,3.1,0.389,1.4,2.3,0.601,0.591,0.5,0.7,0.673,0.3,2.2,2.5,1.7,0.5,0.2,0.7,1.5,6.8,,2024
270.0,Chance Comanche,26.0,POR,C,1.0,0.0,21.0,3.0,5.0,0.6,0.0,0.0,,3.0,5.0,0.6,0.6,1.0,4.0,0.25,2.0,1.0,3.0,0.0,0.0,1.0,0.0,0.0,7.0,,2023
347.0,Chandler Hutchison,22.0,CHI,SF,44.0,14.0,20.3,2.2,4.8,0.459,0.3,1.1,0.28,1.9,3.6,0.516,0.493,0.5,0.9,0.605,0.7,3.5,4.2,0.8,0.5,0.1,0.6,1.3,5.2,,2019
238.0,Chandler Hutchison,23.0,CHI,SF,28.0,10.0,18.8,2.9,6.3,0.457,0.4,1.4,0.316,2.4,4.9,0.496,0.491,1.6,2.8,0.59,0.6,3.2,3.9,0.9,1.0,0.3,1.0,1.7,7.8,,2020
399.0,Chandler Hutchison,24.0,WAS,SF,18.0,1.0,15.7,1.9,4.7,0.4,0.4,1.1,0.368,1.5,3.7,0.409,0.441,1.1,1.3,0.826,0.3,2.9,3.2,0.7,0.6,0.3,0.8,1.3,5.2,,2021
57.0,Chandler Parsons,26.0,DAL,SF,66.0,66.0,33.1,5.8,12.6,0.462,2.0,5.3,0.38,3.8,7.3,0.521,0.542,2.1,2.9,0.72,1.0,3.9,4.9,2.4,1.0,0.3,1.5,2.1,15.7,,2015
84.0,Chandler Parsons,27.0,DAL,SF,61.0,51.0,29.5,5.2,10.7,0.492,1.7,4.1,0.414,3.5,6.6,0.54,0.571,1.5,2.2,0.684,0.5,4.2,4.7,2.8,0.8,0.3,1.6,1.9,13.7,,2016
276.0,Chandler Parsons,28.0,MEM,SF,34.0,34.0,19.9,2.2,6.5,0.338,0.7,2.7,0.269,1.5,3.8,0.388,0.394,1.0,1.3,0.814,0.2,2.3,2.5,1.6,0.6,0.1,0.7,1.5,6.2,,2017
231.0,Chandler Parsons,29.0,MEM,SF,36.0,8.0,19.2,3.0,6.5,0.462,1.4,3.4,0.421,1.6,3.1,0.504,0.571,0.5,0.8,0.63,0.4,2.1,2.5,1.9,0.5,0.3,1.0,1.5,7.9,,2018
248.0,Chandler Parsons,30.0,MEM,SF,25.0,3.0,19.8,2.7,7.3,0.374,1.2,3.8,0.309,1.6,3.5,0.443,0.453,0.9,1.0,0.88,0.2,2.6,2.8,1.7,0.8,0.2,1.3,1.8,7.5,,2019
233.0,Channing Frye,31.0,ORL,PF,75.0,51.0,24.9,2.5,6.5,0.392,1.8,4.6,0.393,0.7,1.9,0.39,0.532,0.4,0.5,0.886,0.4,3.5,3.9,1.3,0.6,0.5,1.0,2.5,7.3,,2015
271.0,Channing Frye,32.0,ORL,PF,44.0,29.0,17.1,1.8,4.2,0.435,1.1,2.8,0.397,0.8,1.5,0.508,0.565,0.4,0.5,0.905,0.5,2.7,3.2,1.0,0.5,0.5,0.7,1.6,5.2,,2016
174.0,Channing Frye,33.0,CLE,C,74.0,15.0,18.9,3.2,7.0,0.458,1.9,4.5,0.409,1.4,2.5,0.546,0.589,0.9,1.0,0.851,0.5,3.4,3.9,0.6,0.4,0.5,0.7,1.9,9.1,,2017
345.0,Channing Frye,34.0,LAL,C,9.0,0.0,16.7,2.2,4.8,0.465,1.0,2.8,0.36,1.2,2.0,0.611,0.57,0.3,0.4,0.75,0.2,2.6,2.8,1.1,0.1,0.1,0.4,1.7,5.8,,2018
395.0,Charlie Brown Jr.,23.0,OKC,SG,9.0,1.0,16.9,1.4,4.8,0.302,0.6,2.3,0.238,0.9,2.4,0.364,0.36,1.0,1.1,0.9,0.3,1.6,1.9,1.0,0.4,0.2,0.7,2.1,4.4,,2021
250.0,Chase Budinger,26.0,MIN,SF,67.0,4.0,19.2,2.5,5.8,0.433,0.8,2.1,0.364,1.7,3.7,0.474,0.5,1.0,1.2,0.827,0.5,2.5,3.0,1.0,0.7,0.1,0.7,1.1,6.8,,2015
339.0,Chasson Randle,25.0,WAS,PG,49.0,2.0,15.2,1.9,4.4,0.419,0.9,2.3,0.4,0.9,2.1,0.441,0.525,0.9,1.3,0.694,0.2,0.9,1.1,2.0,0.5,0.1,0.9,1.9,5.5,,2019
312.0,Chasson Randle,27.0,ORL,PG,41.0,5.0,20.4,2.2,5.8,0.388,1.1,3.2,0.338,1.2,2.6,0.449,0.481,0.9,1.2,0.792,0.2,1.8,2.0,1.8,0.5,0.1,1.1,1.6,6.5,,2021
80.0,Chet Holmgren,21.0,OKC,C,82.0,82.0,29.4,6.2,11.6,0.53,1.6,4.3,0.37,4.6,7.4,0.623,0.598,2.7,3.4,0.793,1.6,6.3,7.9,2.4,0.6,2.3,1.6,2.4,16.5,,2024
95.0,Chet Holmgren,22.0,OKC,C,32.0,32.0,27.4,5.2,10.7,0.49,1.4,3.6,0.379,3.8,7.0,0.547,0.554,3.2,4.2,0.754,1.5,6.5,8.0,2.0,0.7,2.2,1.8,2.3,15.0,,2025
220.0,Chimezie Metu,24.0,SAC,C,60.0,20.0,21.3,3.4,7.5,0.452,1.0,3.1,0.306,2.4,4.4,0.555,0.516,1.2,1.5,0.78,0.6,5.0,5.6,1.0,0.9,0.5,1.0,1.6,8.9,,2022
398.0,Chinanu Onuaku,21.0,HOU,C,1.0,0.0,22.0,2.0,5.0,0.4,0.0,0.0,,2.0,5.0,0.4,0.4,0.0,0.0,,1.0,3.0,4.0,1.0,0.0,0.0,3.0,4.0,4.0,,2018
308.0,Chris Andersen,36.0,MIA,C,60.0,20.0,18.9,2.0,3.5,0.58,0.1,0.2,0.308,1.9,3.2,0.598,0.589,1.3,1.9,0.667,1.3,3.7,5.0,0.7,0.4,1.0,0.7,1.5,5.3,,2015
15.0,Chris Bosh,30.0,MIA,C,44.0,44.0,35.4,7.8,16.9,0.46,1.4,3.8,0.375,6.4,13.1,0.485,0.503,4.1,5.3,0.772,1.0,6.0,7.0,2.2,0.9,0.6,2.2,1.6,21.1,,2015
29.0,Chris Bosh,31.0,MIA,PF,53.0,53.0,33.5,6.8,14.5,0.467,1.5,4.2,0.365,5.2,10.3,0.508,0.52,4.0,5.1,0.795,0.9,6.5,7.4,2.4,0.7,0.6,1.5,1.9,19.1,,2016
107.0,Chris Boucher,28.0,TOR,C,60.0,14.0,24.2,4.8,9.3,0.514,1.5,3.9,0.383,3.3,5.4,0.609,0.595,2.5,3.2,0.788,2.0,4.8,6.7,1.1,0.6,1.9,0.8,2.8,13.6,,2021
197.0,Chris Boucher,29.0,TOR,SF,80.0,9.0,21.1,3.4,7.2,0.464,0.9,2.9,0.297,2.5,4.4,0.575,0.523,1.9,2.4,0.777,2.2,3.9,6.2,0.3,0.6,0.9,0.5,2.2,9.4,,2022
196.0,Chris Boucher,30.0,TOR,PF,76.0,0.0,20.0,3.4,7.0,0.493,0.8,2.5,0.328,2.6,4.5,0.585,0.552,1.7,2.2,0.762,2.1,3.5,5.5,0.4,0.6,0.8,0.5,1.9,9.4,,2023
190.0,Chris Boucher,32.0,TOR,PF,50.0,0.0,17.2,3.6,7.4,0.492,1.4,3.9,0.363,2.2,3.5,0.633,0.586,1.4,1.7,0.782,1.4,3.1,4.5,0.7,0.5,0.5,0.6,1.4,10.0,,2025
269.0,Chris Copeland,30.0,IND,SF,50.0,12.0,16.6,2.2,6.2,0.361,1.0,3.3,0.311,1.2,2.9,0.42,0.445,0.7,0.9,0.733,0.5,1.8,2.2,1.0,0.2,0.2,1.2,1.6,6.2,,2015
117.0,Chris Duarte,24.0,IND,SG,55.0,39.0,28.0,4.9,11.3,0.432,1.7,4.6,0.369,3.2,6.7,0.475,0.507,1.6,2.0,0.804,0.7,3.4,4.1,2.1,1.0,0.2,1.6,1.7,13.1,,2022
247.0,Chris Duarte,25.0,IND,SF,46.0,12.0,19.5,2.7,7.2,0.369,1.2,3.8,0.316,1.5,3.5,0.428,0.452,1.3,1.6,0.847,0.4,2.1,2.5,1.4,0.5,0.2,0.9,1.4,7.9,,2023
291.0,Chris Johnson,24.0,UTA,SF,12.0,0.0,17.6,2.6,5.3,0.484,1.1,3.2,0.342,1.5,2.2,0.692,0.586,0.5,0.5,1.0,0.3,1.3,1.5,0.6,1.0,0.0,0.5,1.5,6.8,,2015
194.0,Chris Kaman,32.0,POR,C,74.0,13.0,18.9,3.8,7.4,0.515,0.0,0.0,,3.8,7.4,0.515,0.515,1.0,1.4,0.706,2.0,4.5,6.5,0.9,0.2,0.7,1.5,1.9,8.6,,2015
331.0,Chris McCullough,20.0,BRK,PF,24.0,4.0,15.1,1.8,4.5,0.404,0.5,1.4,0.382,1.3,3.1,0.413,0.463,0.5,1.0,0.478,1.0,1.8,2.8,0.4,1.2,0.5,0.6,1.6,4.7,,2016
23.0,Chris Paul,29.0,LAC,PG,82.0,82.0,34.8,6.9,14.3,0.485,1.7,4.3,0.398,5.2,10.0,0.523,0.545,3.5,3.9,0.9,0.6,4.0,4.6,10.2,1.9,0.2,2.3,2.5,19.1,,2015
28.0,Chris Paul,30.0,LAC,PG,74.0,74.0,32.7,7.0,15.1,0.462,1.6,4.4,0.371,5.3,10.6,0.501,0.517,4.0,4.4,0.896,0.5,3.7,4.2,10.0,2.1,0.2,2.6,2.5,19.5,,2016
42.0,Chris Paul,31.0,LAC,PG,61.0,61.0,31.5,6.1,12.9,0.476,2.0,5.0,0.411,4.1,7.9,0.518,0.555,3.8,4.3,0.892,0.7,4.3,5.0,9.2,2.0,0.1,2.4,2.4,18.1,,2017
36.0,Chris Paul,32.0,HOU,PG,58.0,58.0,31.8,6.3,13.8,0.46,2.5,6.5,0.38,3.8,7.2,0.532,0.55,3.5,3.8,0.919,0.6,4.8,5.4,7.9,1.7,0.2,2.2,2.4,18.6,,2018
75.0,Chris Paul,33.0,HOU,PG,58.0,58.0,32.0,5.2,12.4,0.419,2.2,6.1,0.358,3.0,6.3,0.479,0.508,3.0,3.5,0.862,0.6,3.9,4.6,8.2,2.0,0.3,2.6,2.5,15.6,,2019
64.0,Chris Paul,34.0,OKC,PG,70.0,70.0,31.5,6.2,12.7,0.489,1.6,4.3,0.365,4.6,8.3,0.554,0.552,3.6,4.0,0.907,0.4,4.6,5.0,6.7,1.6,0.2,2.3,2.3,17.6,,2020
72.0,Chris Paul,35.0,PHO,PG,70.0,70.0,31.4,6.3,12.6,0.499,1.5,3.7,0.395,4.8,8.9,0.543,0.557,2.4,2.6,0.934,0.4,4.1,4.5,8.9,1.4,0.3,2.2,2.4,16.4,,2021
99.0,Chris Paul,36.0,PHO,PG,65.0,65.0,32.9,5.6,11.3,0.493,1.0,3.1,0.317,4.6,8.3,0.559,0.536,2.6,3.1,0.837,0.3,4.0,4.4,10.8,1.9,0.3,2.4,2.1,14.7,,2022
112.0,Chris Paul,37.0,PHO,PG,59.0,59.0,32.0,5.0,11.3,0.44,1.7,4.4,0.375,3.3,6.9,0.482,0.513,2.3,2.7,0.831,0.5,3.8,4.3,8.9,1.5,0.4,1.9,2.1,13.9,,2023
200.0,Chris Paul,38.0,GSW,PG,58.0,18.0,26.4,3.6,8.1,0.441,1.3,3.6,0.371,2.2,4.4,0.498,0.525,0.7,0.9,0.827,0.3,3.6,3.9,6.8,1.2,0.1,1.3,1.9,9.2,,2024
235.0,Chris Paul,39.0,SAS,PG,82.0,82.0,28.0,3.0,7.1,0.427,1.7,4.5,0.377,1.3,2.6,0.514,0.547,1.0,1.1,0.924,0.4,3.2,3.6,7.4,1.3,0.3,1.6,1.8,8.8,,2025
377.0,Christian Braun,21.0,DEN,SG,76.0,6.0,15.5,1.9,3.8,0.495,0.4,1.3,0.354,1.4,2.5,0.565,0.554,0.5,0.8,0.625,0.6,1.8,2.4,0.8,0.5,0.2,0.5,1.3,4.7,,2023
243.0,Christian Braun,22.0,DEN,SG,82.0,4.0,20.2,2.7,5.9,0.46,0.8,2.0,0.384,1.9,3.9,0.498,0.525,1.1,1.6,0.694,1.0,2.8,3.7,1.6,0.5,0.4,0.7,1.7,7.3,,2024
90.0,Christian Braun,23.0,DEN,SG,79.0,77.0,33.9,6.0,10.4,0.58,1.1,2.8,0.397,4.9,7.6,0.648,0.634,2.2,2.7,0.827,1.2,3.9,5.2,2.6,1.1,0.5,1.0,2.2,15.4,,2025
219.0,Christian Wood,23.0,NOP,PF,8.0,2.0,23.6,6.1,11.5,0.533,0.8,2.6,0.286,5.4,8.9,0.606,0.565,3.9,5.1,0.756,1.6,6.3,7.9,0.8,0.9,1.3,1.8,1.8,16.9,,2019
110.0,Christian Wood,24.0,DET,PF,62.0,12.0,21.4,4.6,8.2,0.567,0.9,2.3,0.386,3.8,5.9,0.636,0.62,2.9,3.9,0.744,1.7,4.6,6.3,1.0,0.5,0.9,1.4,1.6,13.1,,2020
37.0,Christian Wood,25.0,HOU,C,41.0,41.0,32.3,8.0,15.6,0.514,1.9,5.0,0.374,6.1,10.6,0.581,0.574,3.0,4.8,0.631,1.9,7.8,9.6,1.7,0.8,1.2,2.0,2.1,21.0,,2021
55.0,Christian Wood,26.0,HOU,C,68.0,67.0,30.8,6.5,12.9,0.501,1.9,4.9,0.39,4.5,8.0,0.57,0.576,3.0,4.9,0.623,1.6,8.5,10.1,2.3,0.8,1.0,1.9,2.5,17.9,,2022
81.0,Christian Wood,27.0,DAL,C,67.0,17.0,25.9,5.9,11.5,0.515,1.6,4.2,0.376,4.3,7.3,0.594,0.583,3.2,4.2,0.772,1.3,6.0,7.3,1.8,0.4,1.1,1.8,2.5,16.6,,2023
266.0,Christian Wood,28.0,LAL,PF,50.0,1.0,17.4,2.5,5.3,0.466,0.7,2.3,0.307,1.8,3.0,0.587,0.532,1.3,1.9,0.702,0.8,4.3,5.1,1.0,0.3,0.7,1.0,1.4,6.9,,2024
249.0,Chuma Okeke,22.0,ORL,PF,45.0,19.0,25.2,3.0,7.2,0.417,1.1,3.1,0.348,1.9,4.1,0.47,0.492,0.7,0.9,0.75,0.9,3.1,4.0,2.2,1.1,0.5,0.8,1.1,7.8,,2021
230.0,Chuma Okeke,23.0,ORL,PF,70.0,20.0,25.0,3.1,8.2,0.376,1.7,5.3,0.318,1.4,2.9,0.48,0.478,0.8,0.9,0.846,0.7,4.3,5.0,1.7,1.4,0.6,0.8,1.4,8.6,,2022
379.0,Chuma Okeke,24.0,ORL,SF,27.0,8.0,19.2,1.6,4.5,0.352,1.0,3.2,0.302,0.6,1.3,0.472,0.459,0.6,0.8,0.762,1.0,2.6,3.6,1.4,0.7,0.4,0.6,1.5,4.7,,2023
348.0,Chuma Okeke,26.0,PHI,PF,7.0,3.0,24.4,2.6,4.7,0.545,1.4,3.1,0.455,1.1,1.6,0.727,0.697,0.3,0.4,0.667,2.9,3.3,6.1,1.9,0.7,0.4,0.4,0.7,6.9,,2025
302.0,Cleanthony Early,23.0,NYK,SF,39.0,7.0,16.6,1.9,5.5,0.355,0.6,2.2,0.262,1.4,3.3,0.415,0.407,0.9,1.2,0.75,0.6,1.9,2.5,0.9,0.6,0.3,1.0,1.5,5.4,,2015
239.0,Clint Capela,21.0,HOU,C,77.0,35.0,19.1,3.0,5.2,0.582,0.0,0.0,0.0,3.0,5.1,0.583,0.582,1.0,2.7,0.379,2.5,3.9,6.4,0.6,0.8,1.2,0.8,2.5,7.0,,2016
104.0,Clint Capela,22.0,HOU,C,65.0,59.0,23.9,5.6,8.7,0.643,0.0,0.0,,5.6,8.7,0.643,0.643,1.4,2.7,0.531,2.7,5.4,8.1,1.0,0.5,1.2,1.3,2.8,12.6,,2017
88.0,Clint Capela,23.0,HOU,C,74.0,74.0,27.5,6.0,9.1,0.652,0.0,0.0,0.0,6.0,9.1,0.653,0.652,1.9,3.5,0.56,3.3,7.6,10.8,0.9,0.8,1.9,1.4,2.5,13.9,,2018
61.0,Clint Capela,24.0,HOU,C,67.0,67.0,33.6,7.1,10.9,0.648,0.0,0.0,,7.1,10.9,0.648,0.648,2.5,3.9,0.636,4.4,8.2,12.7,1.4,0.7,1.5,1.4,2.5,16.6,,2019
103.0,Clint Capela,25.0,HOU,C,39.0,39.0,32.8,6.3,9.9,0.629,0.0,0.0,,6.3,9.9,0.629,0.629,1.4,2.7,0.529,4.3,9.5,13.8,1.2,0.8,1.8,1.6,2.6,13.9,,2020
86.0,Clint Capela,26.0,ATL,C,63.0,63.0,30.1,6.6,11.0,0.594,0.0,0.0,,6.6,11.0,0.594,0.594,2.1,3.6,0.573,4.7,9.6,14.3,0.8,0.7,2.0,1.2,2.3,15.2,,2021
151.0,Clint Capela,27.0,ATL,C,74.0,73.0,27.6,5.0,8.2,0.613,0.0,0.0,0.0,5.0,8.1,0.614,0.613,1.1,2.3,0.473,3.8,8.1,11.9,1.2,0.7,1.3,0.6,2.2,11.1,,2022
138.0,Clint Capela,28.0,ATL,C,65.0,63.0,26.6,5.4,8.2,0.653,0.0,0.0,0.0,5.4,8.2,0.654,0.653,1.2,2.0,0.603,4.0,7.1,11.0,0.9,0.7,1.2,0.8,2.1,12.0,,2023
147.0,Clint Capela,29.0,ATL,C,73.0,73.0,25.8,4.8,8.5,0.571,0.0,0.0,0.0,4.8,8.5,0.572,0.571,1.8,2.8,0.631,4.6,6.0,10.6,1.2,0.6,1.5,1.0,2.2,11.5,,2024
230.0,Clint Capela,30.0,ATL,C,55.0,41.0,21.4,4.0,7.1,0.559,0.0,0.0,0.0,4.0,7.1,0.56,0.559,0.9,1.8,0.536,3.2,5.4,8.5,1.1,0.6,1.0,0.9,1.9,8.9,,2025
109.0,Coby White,19.0,CHI,PG,65.0,1.0,25.8,4.8,12.2,0.394,2.0,5.8,0.354,2.8,6.4,0.43,0.478,1.6,2.0,0.791,0.4,3.1,3.5,2.7,0.8,0.1,1.7,1.8,13.2,,2020
88.0,Coby White,20.0,CHI,PG,69.0,54.0,31.2,5.4,13.1,0.416,2.4,6.6,0.359,3.1,6.5,0.473,0.506,1.9,2.1,0.901,0.4,3.7,4.1,4.8,0.6,0.2,2.3,2.6,15.1,,2021
123.0,Coby White,21.0,CHI,PG,61.0,17.0,27.5,4.6,10.6,0.433,2.2,5.8,0.385,2.3,4.8,0.491,0.539,1.3,1.5,0.857,0.3,2.7,3.0,2.9,0.5,0.2,1.1,2.2,12.7,,2022
190.0,Coby White,22.0,CHI,SG,74.0,2.0,23.4,3.6,8.0,0.443,1.7,4.6,0.372,1.8,3.4,0.54,0.551,0.8,0.9,0.871,0.2,2.6,2.9,2.8,0.7,0.1,1.0,1.6,9.7,,2023
60.0,Coby White,23.0,CHI,PG,79.0,78.0,36.5,6.8,15.3,0.447,2.6,7.0,0.376,4.2,8.3,0.508,0.534,2.8,3.3,0.838,0.6,4.0,4.5,5.1,0.7,0.2,2.1,2.4,19.1,,2024
47.0,Coby White,24.0,CHI,SG,74.0,73.0,33.1,6.9,15.1,0.453,2.9,7.9,0.37,3.9,7.3,0.544,0.55,3.7,4.1,0.902,0.3,3.4,3.7,4.5,0.9,0.2,2.4,2.1,20.4,,2025
355.0,Cody Martin,24.0,CHO,SF,48.0,3.0,18.8,1.9,4.3,0.43,0.4,1.6,0.234,1.5,2.7,0.546,0.473,0.9,1.4,0.646,0.8,2.5,3.3,2.0,0.8,0.2,0.9,1.6,5.0,,2020
416.0,Cody Martin,25.0,CHO,SF,52.0,10.0,16.3,1.6,3.6,0.441,0.3,1.1,0.276,1.3,2.5,0.515,0.484,0.5,0.8,0.581,1.0,2.1,3.1,1.7,0.7,0.2,0.8,1.0,4.0,,2021
265.0,Cody Martin,26.0,CHO,SF,71.0,11.0,26.3,2.9,6.0,0.482,0.9,2.2,0.384,2.0,3.7,0.542,0.554,1.1,1.5,0.701,1.2,2.9,4.0,2.5,1.2,0.5,0.9,1.6,7.7,,2022
366.0,Cody Martin,27.0,CHO,SF,7.0,0.0,19.1,2.0,5.1,0.389,0.4,2.0,0.214,1.6,3.1,0.5,0.431,0.6,1.0,0.571,1.1,2.3,3.4,1.6,0.6,0.1,0.3,1.9,5.0,,2023
240.0,Cody Martin,28.0,CHO,SF,28.0,22.0,26.9,2.9,7.7,0.381,1.0,3.1,0.314,2.0,4.6,0.426,0.444,0.7,1.2,0.606,0.7,3.2,3.9,3.7,1.1,0.6,1.6,1.7,7.5,,2024
394.0,Cody Williams,20.0,UTA,SG,50.0,21.0,21.2,1.7,5.1,0.323,0.7,2.7,0.259,1.0,2.4,0.393,0.391,0.6,0.8,0.725,0.5,1.7,2.3,1.2,0.5,0.3,0.9,1.9,4.6,,2025
224.0,Cody Zeller,22.0,CHO,C,62.0,45.0,24.0,2.8,6.0,0.461,0.0,0.0,1.0,2.8,6.0,0.46,0.462,2.0,2.6,0.774,1.6,4.3,5.8,1.6,0.5,0.8,1.0,2.5,7.6,,2015
187.0,Cody Zeller,23.0,CHO,C,73.0,60.0,24.3,3.2,6.0,0.529,0.0,0.1,0.1,3.2,5.8,0.539,0.53,2.4,3.2,0.754,1.9,4.3,6.2,1.0,0.8,0.9,0.9,2.8,8.7,,2016
140.0,Cody Zeller,24.0,CHO,C,62.0,58.0,27.8,4.1,7.1,0.571,0.0,0.0,0.0,4.1,7.1,0.572,0.571,2.1,3.2,0.679,2.2,4.4,6.5,1.6,1.0,0.9,1.0,3.0,10.3,,2017
258.0,Cody Zeller,25.0,CHO,C,33.0,0.0,19.0,2.6,4.7,0.545,0.1,0.1,0.667,2.5,4.6,0.542,0.551,1.8,2.6,0.718,2.0,3.3,5.4,0.9,0.4,0.6,1.0,2.5,7.1,,2018
171.0,Cody Zeller,26.0,CHO,C,49.0,47.0,25.4,3.9,7.0,0.551,0.1,0.4,0.273,3.8,6.6,0.57,0.559,2.3,2.9,0.787,2.2,4.6,6.8,2.1,0.8,0.8,1.3,3.3,10.1,,2019
150.0,Cody Zeller,27.0,CHO,C,58.0,39.0,23.1,4.3,8.3,0.524,0.3,1.3,0.24,4.0,7.0,0.577,0.543,2.1,3.1,0.682,2.8,4.3,7.1,1.5,0.7,0.4,1.3,2.4,11.1,,2020
200.0,Cody Zeller,28.0,CHO,C,48.0,21.0,20.9,3.8,6.8,0.559,0.1,0.6,0.143,3.7,6.2,0.598,0.565,1.8,2.5,0.714,2.5,4.4,6.8,1.8,0.6,0.4,1.1,2.5,9.4,,2021
427.0,Colby Jones,22.0,WAS,SG,15.0,0.0,25.7,3.2,6.9,0.466,0.8,2.6,0.308,2.4,4.3,0.563,0.524,1.5,2.3,0.657,0.9,3.4,4.3,2.5,1.3,0.4,1.1,1.6,8.7,,2025
299.0,Cole Aldrich,26.0,NYK,C,61.0,16.0,16.0,2.4,4.9,0.478,0.0,0.0,,2.4,4.9,0.478,0.478,0.8,1.0,0.781,1.7,3.9,5.5,1.2,0.6,1.1,1.0,2.0,5.5,,2015
123.0,Cole Anthony,20.0,ORL,PG,47.0,34.0,27.1,4.7,11.7,0.397,1.2,3.7,0.337,3.4,8.1,0.424,0.449,2.3,2.8,0.832,0.8,3.9,4.7,4.1,0.6,0.4,2.3,2.1,12.9,,2021
72.0,Cole Anthony,21.0,ORL,PG,65.0,65.0,31.7,5.5,14.0,0.391,2.0,6.0,0.338,3.5,8.0,0.432,0.464,3.3,3.9,0.854,0.5,4.9,5.4,5.7,0.7,0.3,2.6,2.6,16.3,,2022
120.0,Cole Anthony,22.0,ORL,PG,60.0,4.0,25.9,4.6,10.2,0.454,1.3,3.4,0.364,3.4,6.7,0.5,0.516,2.5,2.8,0.894,0.8,4.0,4.8,3.9,0.6,0.5,1.5,2.6,13.0,,2023
145.0,Cole Anthony,23.0,ORL,PG,81.0,0.0,22.4,4.1,9.4,0.435,1.1,3.4,0.338,3.0,6.0,0.49,0.496,2.2,2.7,0.826,0.8,3.0,3.8,2.9,0.8,0.5,1.6,2.2,11.6,,2024
207.0,Cole Anthony,24.0,ORL,PG,67.0,22.0,18.4,3.4,8.1,0.424,1.1,3.3,0.353,2.3,4.9,0.471,0.494,1.4,1.7,0.823,0.7,2.4,3.0,2.9,0.7,0.5,1.5,2.3,9.4,,2025
347.0,Cole Swider,25.0,TOR,SF,8.0,0.0,19.5,2.8,7.3,0.379,1.9,5.3,0.357,0.9,2.0,0.438,0.509,0.0,0.1,0.0,0.6,2.5,3.1,0.3,0.5,0.3,0.5,1.4,7.4,,2025
388.0,Colin Castleton,24.0,TOR,C,11.0,4.0,26.2,2.9,5.8,0.5,0.2,0.7,0.25,2.7,5.1,0.536,0.516,1.2,1.6,0.722,3.1,3.8,6.9,1.6,0.5,0.7,1.9,2.9,7.2,,2025
60.0,Collin Sexton,20.0,CLE,PG,82.0,72.0,31.8,6.3,14.7,0.43,1.5,3.6,0.402,4.9,11.1,0.44,0.48,2.6,3.1,0.839,0.7,2.2,2.9,3.0,0.5,0.1,2.3,2.3,16.7,,2019
30.0,Collin Sexton,21.0,CLE,PG,65.0,65.0,33.0,7.9,16.7,0.472,1.5,3.9,0.38,6.4,12.8,0.501,0.517,3.5,4.1,0.846,0.9,2.2,3.1,3.0,1.0,0.1,2.4,2.2,20.8,,2020
22.0,Collin Sexton,22.0,CLE,SG,60.0,60.0,35.3,8.8,18.4,0.475,1.6,4.4,0.371,7.1,14.0,0.508,0.519,5.2,6.4,0.815,1.0,2.2,3.1,4.4,1.0,0.2,2.8,2.6,24.3,,2021
79.0,Collin Sexton,23.0,CLE,SG,11.0,11.0,28.7,6.2,13.7,0.45,1.0,4.1,0.244,5.2,9.6,0.538,0.487,2.6,3.5,0.744,1.2,2.1,3.3,2.1,0.9,0.0,2.8,2.3,16.0,,2022
106.0,Collin Sexton,24.0,UTA,PG,48.0,15.0,23.9,4.9,9.8,0.506,1.0,2.5,0.393,3.9,7.2,0.546,0.558,3.4,4.1,0.819,0.8,1.4,2.2,2.9,0.6,0.1,1.8,2.3,14.3,,2023
62.0,Collin Sexton,25.0,UTA,SG,78.0,51.0,26.6,6.5,13.3,0.487,1.6,4.2,0.394,4.8,9.1,0.53,0.549,4.1,4.7,0.859,0.9,1.7,2.6,4.9,0.8,0.2,2.1,2.0,18.7,,2024
66.0,Collin Sexton,26.0,UTA,SG,63.0,61.0,27.9,6.6,13.8,0.48,1.7,4.3,0.406,4.9,9.5,0.513,0.543,3.4,4.0,0.865,1.0,1.8,2.7,4.2,0.7,0.1,2.5,2.3,18.4,,2025
126.0,Corey Brewer,28.0,MIN,SF,24.0,16.0,28.3,3.9,9.4,0.418,0.3,1.7,0.195,3.6,7.7,0.467,0.436,2.3,3.3,0.705,1.3,2.6,3.9,3.3,2.3,0.2,2.1,2.6,10.5,,2015
230.0,Corey Brewer,29.0,HOU,SF,82.0,12.0,20.4,2.6,6.7,0.384,0.7,2.7,0.272,1.8,4.0,0.46,0.439,1.3,1.7,0.75,0.5,1.9,2.4,1.3,1.0,0.2,1.0,2.0,7.2,,2016
334.0,Corey Brewer,31.0,OKC,SG,18.0,16.0,28.6,3.6,8.0,0.444,1.3,3.7,0.343,2.3,4.3,0.532,0.524,1.7,2.2,0.795,1.1,2.3,3.4,1.3,2.1,0.3,0.6,3.1,10.1,,2018
247.0,Corey Kispert,22.0,WAS,SF,77.0,36.0,23.4,3.0,6.7,0.455,1.5,4.2,0.35,1.6,2.5,0.629,0.564,0.7,0.8,0.871,0.7,2.0,2.7,1.1,0.5,0.3,0.6,1.2,8.2,,2022
153.0,Corey Kispert,23.0,WAS,SF,74.0,45.0,28.3,3.9,7.9,0.497,2.2,5.2,0.424,1.7,2.7,0.637,0.637,1.0,1.2,0.852,0.4,2.4,2.8,1.2,0.4,0.1,0.7,1.3,11.1,,2023
120.0,Corey Kispert,24.0,WAS,SF,80.0,22.0,25.8,4.8,9.9,0.486,2.3,6.0,0.383,2.5,3.9,0.643,0.602,1.4,2.0,0.726,0.4,2.4,2.8,2.0,0.5,0.2,1.2,1.8,13.4,,2024
152.0,Corey Kispert,25.0,WAS,SF,61.0,0.0,26.3,4.2,9.3,0.451,2.0,5.4,0.364,2.2,3.9,0.574,0.558,1.2,1.4,0.852,0.6,2.4,3.0,1.7,0.4,0.2,1.0,1.6,11.6,,2025
251.0,Cory Joseph,23.0,SAS,PG,79.0,14.0,18.3,2.6,5.2,0.504,0.2,0.6,0.364,2.4,4.6,0.52,0.523,1.3,1.8,0.734,0.6,1.9,2.4,2.4,0.6,0.2,0.8,1.3,6.8,,2015
192.0,Cory Joseph,24.0,TOR,SG,80.0,4.0,25.6,3.2,7.3,0.439,0.4,1.4,0.273,2.8,5.9,0.478,0.465,1.7,2.2,0.764,0.5,2.1,2.6,3.1,0.8,0.3,1.3,1.6,8.5,,2016
166.0,Cory Joseph,25.0,TOR,PG,80.0,22.0,25.0,3.7,8.3,0.452,0.6,1.7,0.356,3.1,6.6,0.477,0.489,1.2,1.5,0.77,0.6,2.3,2.9,3.3,0.8,0.2,1.4,1.8,9.3,,2017
228.0,Cory Joseph,26.0,IND,PG,82.0,17.0,27.0,3.1,7.4,0.424,0.8,2.3,0.353,2.3,5.0,0.457,0.479,0.9,1.1,0.745,0.5,2.7,3.2,3.2,1.0,0.2,1.1,1.7,7.9,,2018
292.0,Cory Joseph,27.0,IND,PG,82.0,9.0,25.2,2.8,6.7,0.412,0.7,2.1,0.322,2.1,4.6,0.454,0.463,0.4,0.5,0.698,0.5,2.9,3.4,3.9,1.1,0.3,1.0,1.6,6.5,,2019
289.0,Cory Joseph,28.0,SAC,PG,72.0,26.0,24.4,2.4,5.7,0.415,0.8,2.2,0.352,1.6,3.5,0.455,0.483,0.8,1.0,0.857,0.6,2.0,2.6,3.5,0.7,0.3,1.1,1.8,6.4,,2020
236.0,Cory Joseph,29.0,SAC,PG,44.0,2.0,21.5,2.5,5.7,0.444,0.7,2.1,0.33,1.8,3.5,0.513,0.506,0.8,1.1,0.766,0.6,1.7,2.3,2.5,0.9,0.2,1.0,2.2,6.6,,2021
255.0,Cory Joseph,30.0,DET,PG,65.0,39.0,24.6,2.7,6.2,0.445,1.0,2.4,0.414,1.7,3.7,0.465,0.526,1.5,1.7,0.885,0.4,2.2,2.7,3.6,0.6,0.3,1.3,2.3,8.0,,2022
280.0,Cory Joseph,31.0,DET,PG,62.0,2.0,19.8,2.4,5.7,0.427,1.1,2.9,0.389,1.3,2.8,0.468,0.527,0.9,1.2,0.792,0.3,1.4,1.7,3.5,0.5,0.1,0.9,1.4,6.9,,2023
155.0,Courtney Lee,29.0,MEM,SG,77.0,74.0,30.6,3.7,8.4,0.448,1.2,2.9,0.402,2.6,5.4,0.473,0.518,1.4,1.7,0.86,0.3,2.0,2.3,2.0,1.0,0.2,1.0,1.7,10.1,,2015
161.0,Courtney Lee,30.0,MEM,SG,51.0,37.0,29.2,3.8,8.2,0.458,1.0,2.7,0.37,2.8,5.5,0.502,0.519,1.5,1.8,0.826,0.4,1.9,2.3,1.5,1.0,0.3,1.0,1.5,10.0,,2016
128.0,Courtney Lee,31.0,NYK,SG,77.0,74.0,31.9,4.2,9.1,0.456,1.4,3.5,0.401,2.8,5.6,0.49,0.533,1.1,1.3,0.867,0.7,2.7,3.4,2.3,1.1,0.3,0.9,1.8,10.8,,2017
130.0,Courtney Lee,32.0,NYK,SG,76.0,69.0,30.4,4.5,9.9,0.454,1.5,3.7,0.406,3.0,6.3,0.482,0.529,1.5,1.6,0.919,0.4,2.6,2.9,2.4,1.1,0.2,1.1,1.4,12.0,,2018
340.0,Cristiano Felício,24.0,CHI,C,66.0,0.0,15.8,1.9,3.3,0.579,0.0,0.0,,1.9,3.3,0.579,0.579,0.9,1.4,0.645,1.9,2.8,4.7,0.6,0.4,0.3,0.5,1.7,4.8,,2017
319.0,Cristiano Felício,25.0,CHI,C,55.0,16.0,17.8,2.3,3.9,0.591,0.0,0.0,0.0,2.3,3.9,0.596,0.591,1.0,1.5,0.667,1.5,2.7,4.2,1.0,0.3,0.2,1.0,1.9,5.6,,2018
396.0,Cristiano Felício,27.0,CHI,C,22.0,0.0,17.5,1.5,2.5,0.63,0.0,0.1,0.0,1.5,2.4,0.654,0.63,0.8,1.0,0.783,2.5,2.1,4.6,0.7,0.5,0.1,0.8,1.5,3.9,,2020
87.0,D'Angelo Russell,19.0,LAL,PG,80.0,48.0,28.2,4.9,12.0,0.41,1.6,4.6,0.351,3.3,7.3,0.447,0.478,1.8,2.4,0.737,0.6,2.8,3.4,3.3,1.2,0.2,2.5,1.8,13.2,,2016
58.0,D'Angelo Russell,20.0,LAL,PG,63.0,60.0,28.7,5.6,13.8,0.405,2.1,6.1,0.352,3.4,7.7,0.447,0.483,2.3,3.0,0.782,0.5,3.0,3.5,4.8,1.4,0.3,2.8,2.1,15.6,,2017
64.0,D'Angelo Russell,21.0,BRK,PG,48.0,35.0,25.7,5.8,14.0,0.414,1.9,5.8,0.324,3.9,8.2,0.477,0.481,2.0,2.7,0.74,0.6,3.3,3.9,5.2,0.8,0.4,3.1,1.9,15.5,,2018
27.0,D'Angelo Russell,22.0,BRK,PG,81.0,81.0,30.2,8.1,18.7,0.434,2.9,7.8,0.369,5.2,10.9,0.482,0.512,2.0,2.5,0.78,0.7,3.2,3.9,7.0,1.2,0.2,3.1,1.7,21.1,,2019
18.0,D'Angelo Russell,23.0,MIN,PG,12.0,12.0,32.7,7.3,17.6,0.412,3.2,9.2,0.345,4.1,8.4,0.485,0.502,4.0,4.6,0.873,0.3,4.3,4.6,6.6,1.4,0.3,3.8,1.8,21.7,,2020
53.0,D'Angelo Russell,24.0,MIN,PG,42.0,26.0,28.5,6.7,15.5,0.431,2.9,7.4,0.387,3.8,8.1,0.471,0.523,2.7,3.5,0.765,0.4,2.3,2.6,5.8,1.1,0.4,2.7,1.6,19.0,,2021
54.0,D'Angelo Russell,25.0,MIN,PG,65.0,65.0,32.0,6.2,15.0,0.411,2.7,8.0,0.34,3.5,7.0,0.492,0.502,3.0,3.7,0.825,0.4,2.9,3.3,7.1,1.0,0.3,2.5,2.0,18.1,,2022
70.0,D'Angelo Russell,26.0,MIN,PG,54.0,54.0,32.9,6.3,13.5,0.465,2.7,7.0,0.391,3.5,6.4,0.546,0.567,2.6,3.1,0.856,0.5,2.5,3.1,6.2,1.1,0.4,2.7,2.2,17.9,,2023
65.0,D'Angelo Russell,27.0,LAL,PG,76.0,69.0,32.7,6.5,14.2,0.456,3.0,7.2,0.415,3.5,7.0,0.497,0.56,2.1,2.5,0.828,0.4,2.7,3.1,6.3,0.9,0.5,2.1,2.1,18.0,,2024
130.0,D'Angelo Russell,28.0,LAL,PG,29.0,10.0,26.3,4.4,10.7,0.415,1.9,5.8,0.333,2.5,4.9,0.51,0.505,1.6,1.8,0.849,0.3,2.5,2.8,4.7,0.8,0.1,1.7,1.8,12.4,,2025
167.0,D.J. Augustin,27.0,OKC,PG,28.0,1.0,24.2,2.5,6.6,0.371,1.2,3.4,0.354,1.3,3.2,0.389,0.462,1.1,1.3,0.861,0.3,1.9,2.2,3.1,0.6,0.0,1.3,1.1,7.3,,2015
217.0,D.J. Augustin,28.0,OKC,PG,34.0,0.0,15.3,1.4,3.6,0.38,0.7,1.8,0.393,0.6,1.8,0.367,0.479,0.8,1.0,0.765,0.1,1.1,1.3,1.9,0.4,0.1,0.9,1.2,4.2,,2016
207.0,D.J. Augustin,29.0,ORL,PG,78.0,20.0,19.7,2.5,6.6,0.377,1.2,3.5,0.347,1.3,3.1,0.412,0.469,1.7,2.1,0.814,0.2,1.3,1.5,2.7,0.4,0.0,1.2,1.3,7.9,,2017
164.0,D.J. Augustin,30.0,ORL,PG,75.0,36.0,23.5,3.3,7.2,0.452,1.5,3.6,0.419,1.7,3.6,0.485,0.557,2.2,2.5,0.868,0.4,1.7,2.1,3.8,0.7,0.0,1.6,1.3,10.2,,2018
133.0,D.J. Augustin,31.0,ORL,PG,81.0,81.0,28.0,3.9,8.4,0.47,1.6,3.8,0.421,2.3,4.5,0.511,0.566,2.2,2.6,0.866,0.5,2.0,2.5,5.3,0.6,0.0,1.6,1.4,11.7,,2019
163.0,D.J. Augustin,32.0,ORL,PG,57.0,13.0,24.9,3.2,8.1,0.399,1.2,3.5,0.348,2.0,4.6,0.438,0.475,2.8,3.2,0.89,0.4,1.8,2.1,4.6,0.6,0.0,1.5,1.3,10.5,,2020
251.0,D.J. Augustin,33.0,MIL,PG,37.0,6.0,19.3,1.9,5.2,0.37,1.3,3.5,0.38,0.6,1.7,0.349,0.497,1.0,1.1,0.9,0.3,1.1,1.4,3.0,0.5,0.0,0.9,0.9,6.1,,2021
374.0,D.J. Augustin,34.0,LAL,PG,21.0,0.0,17.8,1.9,4.1,0.453,1.4,3.2,0.426,0.5,0.9,0.556,0.622,0.2,0.2,1.0,0.2,1.1,1.3,1.6,0.3,0.0,0.5,1.0,5.3,,2022
328.0,D.J. Wilson,22.0,MIL,PF,48.0,3.0,18.4,2.2,5.2,0.414,1.0,2.6,0.362,1.2,2.6,0.468,0.506,0.5,1.0,0.553,0.9,3.7,4.6,1.1,0.4,0.4,0.7,1.8,5.8,,2019
311.0,DaQuan Jeffries,27.0,CHO,SG,47.0,20.0,22.8,2.5,6.2,0.405,1.2,3.5,0.335,1.3,2.7,0.496,0.5,0.5,0.6,0.8,0.8,2.1,2.9,1.1,0.6,0.5,0.7,2.1,6.7,,2025
88.0,Dahntay Jones,35.0,CLE,SF,1.0,0.0,42.0,6.0,14.0,0.429,1.0,2.0,0.5,5.0,12.0,0.417,0.464,0.0,0.0,,1.0,4.0,5.0,2.0,1.0,2.0,0.0,6.0,13.0,,2016
410.0,Daishen Nix,20.0,HOU,PG,57.0,7.0,16.0,1.4,4.2,0.342,0.7,2.5,0.286,0.7,1.7,0.423,0.426,0.4,0.6,0.667,0.3,1.4,1.7,2.3,0.5,0.1,1.5,1.0,4.0,,2023
327.0,Dakota Mathias,25.0,PHI,SG,8.0,2.0,15.4,2.4,6.0,0.396,1.0,3.3,0.308,1.4,2.8,0.5,0.479,0.3,0.8,0.333,0.1,0.8,0.9,1.6,0.1,0.4,0.1,0.9,6.0,,2021
171.0,Dalano Banton,24.0,POR,PG,30.0,8.0,29.2,6.1,15.0,0.408,1.9,6.1,0.311,4.2,8.9,0.474,0.471,2.6,3.3,0.78,1.0,3.8,4.8,3.6,0.9,0.6,2.2,1.5,16.7,,2024
255.0,Dalano Banton,25.0,POR,PG,67.0,7.0,16.7,3.0,7.6,0.391,1.1,3.3,0.324,1.9,4.3,0.442,0.462,1.4,1.9,0.728,0.4,1.6,2.0,2.4,0.6,0.5,1.3,0.9,8.3,,2025
217.0,Dalton Knecht,23.0,LAL,SF,78.0,16.0,19.2,3.3,7.1,0.461,1.6,4.4,0.376,1.7,2.8,0.594,0.576,0.8,1.1,0.762,0.5,2.3,2.8,0.8,0.3,0.1,0.5,1.2,9.1,,2025
340.0,Damian Jones,23.0,GSW,C,24.0,22.0,17.1,2.2,3.1,0.716,0.0,0.0,,2.2,3.1,0.716,0.716,1.0,1.5,0.649,1.3,1.8,3.1,1.2,0.5,1.0,0.7,2.6,5.4,,2019
327.0,Damian Jones,24.0,ATL,C,55.0,27.0,16.1,2.2,3.2,0.68,0.0,0.2,0.222,2.2,3.1,0.704,0.685,1.1,1.5,0.738,1.3,2.4,3.7,0.6,0.5,0.7,0.5,2.7,5.6,,2020
382.0,Damian Jones,25.0,SAC,C,17.0,4.0,20.1,2.7,4.1,0.657,0.1,0.2,0.25,2.6,3.9,0.682,0.664,1.5,2.1,0.714,1.2,3.3,4.5,1.4,0.5,1.0,0.9,2.1,6.9,,2021
253.0,Damian Jones,26.0,SAC,C,56.0,15.0,18.2,3.1,4.8,0.658,0.2,0.5,0.345,2.9,4.2,0.696,0.677,1.7,2.3,0.718,1.3,3.1,4.4,1.2,0.5,0.8,1.1,2.3,8.1,,2022
434.0,Damian Jones,27.0,UTA,C,19.0,0.0,15.8,1.8,2.6,0.714,0.5,0.7,0.714,1.3,1.8,0.714,0.816,0.4,0.5,0.778,1.3,2.3,3.5,0.6,0.3,0.5,0.7,2.0,4.6,,2023
17.0,Damian Lillard,24.0,POR,PG,82.0,82.0,35.7,7.2,16.6,0.434,2.4,7.0,0.343,4.8,9.6,0.5,0.506,4.2,4.9,0.864,0.6,4.0,4.6,6.2,1.2,0.3,2.7,2.0,21.0,,2015
6.0,Damian Lillard,25.0,POR,PG,75.0,75.0,35.7,8.2,19.7,0.419,3.1,8.1,0.375,5.2,11.5,0.45,0.497,5.5,6.2,0.892,0.6,3.4,4.0,6.8,0.9,0.4,3.2,2.2,25.1,,2016
7.0,Damian Lillard,26.0,POR,PG,75.0,75.0,35.9,8.8,19.8,0.444,2.9,7.7,0.37,6.0,12.1,0.492,0.516,6.5,7.3,0.895,0.6,4.3,4.9,5.9,0.9,0.3,2.6,2.0,27.0,,2017
5.0,Damian Lillard,27.0,POR,PG,73.0,73.0,36.6,8.5,19.4,0.439,3.1,8.6,0.361,5.4,10.8,0.501,0.519,6.8,7.4,0.916,0.8,3.6,4.5,6.6,1.1,0.4,2.8,1.6,26.9,,2018
11.0,Damian Lillard,28.0,POR,PG,80.0,80.0,35.5,8.5,19.2,0.444,3.0,8.0,0.369,5.6,11.1,0.499,0.522,5.9,6.4,0.912,0.9,3.8,4.6,6.9,1.1,0.4,2.7,1.9,25.8,,2019
3.0,Damian Lillard,29.0,POR,PG,66.0,66.0,37.5,9.5,20.4,0.463,4.1,10.2,0.401,5.4,10.2,0.524,0.563,7.0,7.8,0.888,0.5,3.8,4.3,8.0,1.1,0.3,2.9,1.7,30.0,,2020
3.0,Damian Lillard,30.0,POR,PG,67.0,67.0,35.8,9.0,19.9,0.451,4.1,10.5,0.391,4.9,9.4,0.519,0.554,6.7,7.2,0.928,0.5,3.7,4.2,7.5,0.9,0.3,3.0,1.5,28.8,,2021
19.0,Damian Lillard,31.0,POR,PG,29.0,29.0,36.4,7.7,19.0,0.402,3.2,9.8,0.324,4.5,9.2,0.485,0.486,5.5,6.2,0.878,0.4,3.7,4.1,7.3,0.6,0.4,2.9,1.3,24.0,,2022
3.0,Damian Lillard,32.0,POR,PG,58.0,58.0,36.3,9.6,20.7,0.463,4.2,11.3,0.371,5.4,9.4,0.574,0.564,8.8,9.6,0.914,0.8,4.0,4.8,7.3,0.9,0.3,3.3,1.9,32.2,,2023
20.0,Damian Lillard,33.0,MIL,PG,73.0,73.0,35.3,7.4,17.5,0.424,3.0,8.5,0.354,4.4,9.0,0.49,0.51,6.5,7.0,0.92,0.5,3.9,4.4,7.0,1.0,0.2,2.6,1.8,24.3,,2024
14.0,Damian Lillard,34.0,MIL,PG,58.0,58.0,36.1,7.7,17.1,0.448,3.4,9.0,0.376,4.3,8.1,0.528,0.547,6.2,6.8,0.921,0.5,4.2,4.7,7.1,1.2,0.2,2.8,1.7,24.9,,2025
279.0,Damion Baugh,24.0,CHO,SG,15.0,2.0,24.7,2.8,8.7,0.323,0.8,3.7,0.214,2.0,4.9,0.405,0.369,0.9,1.0,0.867,0.9,2.4,3.3,3.7,1.0,0.1,2.1,1.5,7.3,,2025
159.0,Damion Lee,25.0,ATL,SG,15.0,11.0,26.9,4.1,10.1,0.408,1.0,4.0,0.25,3.1,6.1,0.511,0.457,1.5,1.9,0.759,0.7,4.0,4.7,1.9,1.3,0.1,0.9,1.7,10.7,,2018
115.0,Damion Lee,27.0,GSW,SG,49.0,36.0,29.0,4.3,10.4,0.417,1.7,4.9,0.356,2.6,5.6,0.471,0.5,2.2,2.6,0.873,0.7,4.2,4.9,2.7,1.0,0.1,1.4,2.4,12.7,,2020
311.0,Damion Lee,28.0,GSW,SG,57.0,1.0,18.9,2.2,4.8,0.467,1.4,3.4,0.397,0.9,1.4,0.638,0.608,0.7,0.8,0.909,0.4,2.8,3.2,1.3,0.7,0.1,0.5,1.6,6.5,,2021
282.0,Damion Lee,29.0,GSW,SG,63.0,5.0,19.9,2.7,6.1,0.441,1.0,3.0,0.337,1.7,3.1,0.541,0.523,1.0,1.2,0.88,0.4,2.8,3.2,1.0,0.6,0.1,0.6,1.5,7.4,,2022
235.0,Damion Lee,30.0,PHO,SG,74.0,5.0,20.4,2.7,6.1,0.442,1.5,3.3,0.445,1.2,2.8,0.439,0.564,1.3,1.4,0.904,0.5,2.5,3.0,1.3,0.4,0.1,1.1,1.6,8.2,,2023
333.0,Damjan Rudež,28.0,IND,SF,68.0,2.0,15.4,1.8,3.9,0.452,1.0,2.5,0.406,0.7,1.4,0.538,0.584,0.2,0.3,0.696,0.1,0.6,0.7,0.8,0.2,0.1,0.7,1.2,4.8,,2015
157.0,Damyean Dotson,24.0,NYK,SG,73.0,40.0,27.5,4.0,9.6,0.415,1.7,4.7,0.368,2.2,4.9,0.461,0.506,1.0,1.3,0.745,0.5,3.1,3.6,1.8,0.8,0.1,1.0,1.8,10.7,,2019
277.0,Damyean Dotson,25.0,NYK,SG,48.0,0.0,17.4,2.5,6.0,0.414,1.2,3.4,0.362,1.3,2.6,0.48,0.516,0.5,0.7,0.667,0.2,1.7,1.9,1.2,0.5,0.1,0.4,0.9,6.7,,2020
300.0,Damyean Dotson,26.0,CLE,SG,46.0,7.0,19.7,2.6,6.4,0.406,1.0,3.5,0.289,1.6,2.9,0.545,0.485,0.5,0.8,0.667,0.1,1.9,2.0,2.0,0.3,0.1,0.9,0.9,6.7,,2021
283.0,Daniel Gafford,22.0,WAS,C,23.0,0.0,17.7,4.1,6.0,0.681,0.0,0.0,,4.1,6.0,0.681,0.681,2.0,2.9,0.672,2.2,3.4,5.6,0.5,0.7,1.8,0.8,1.9,10.1,,2021
199.0,Daniel Gafford,23.0,WAS,C,72.0,53.0,20.1,4.0,5.7,0.693,0.0,0.0,0.0,4.0,5.7,0.695,0.693,1.5,2.1,0.699,2.2,3.5,5.7,0.9,0.4,1.4,0.9,2.4,9.4,,2022
215.0,Daniel Gafford,24.0,WAS,C,78.0,47.0,20.6,3.7,5.1,0.732,0.0,0.0,,3.7,5.1,0.732,0.732,1.6,2.4,0.679,2.1,3.5,5.6,1.1,0.4,1.3,1.1,2.4,9.0,,2023
155.0,Daniel Gafford,25.0,WAS,C,45.0,45.0,26.5,4.5,6.5,0.69,0.0,0.0,,4.5,6.5,0.69,0.69,1.9,2.6,0.706,2.9,5.1,8.0,1.5,1.0,2.2,1.0,3.3,10.9,,2024
139.0,Daniel Gafford,26.0,DAL,C,57.0,31.0,21.5,5.0,7.1,0.702,0.0,0.0,,5.0,7.1,0.702,0.702,2.4,3.4,0.689,2.7,4.1,6.8,1.4,0.4,1.8,1.2,2.7,12.3,,2025
198.0,Daniel Theis,27.0,BOS,C,65.0,64.0,24.1,3.7,6.6,0.566,0.5,1.5,0.333,3.2,5.1,0.633,0.603,1.3,1.8,0.763,2.2,4.4,6.6,1.7,0.6,1.3,0.8,3.4,9.2,,2020
192.0,Daniel Theis,28.0,CHI,C,23.0,14.0,25.0,4.0,7.7,0.522,0.7,2.5,0.281,3.3,5.3,0.636,0.567,1.2,1.9,0.651,1.7,4.2,5.9,1.8,0.7,0.6,1.1,2.0,10.0,,2021
246.0,Daniel Theis,29.0,HOU,C,26.0,21.0,22.5,3.2,6.9,0.469,0.9,3.0,0.291,2.3,3.8,0.61,0.534,1.0,1.5,0.675,1.2,3.8,5.0,0.8,0.4,0.7,1.2,2.4,8.4,,2022
273.0,Daniel Theis,30.0,IND,C,7.0,1.0,15.6,3.0,6.3,0.477,0.3,1.6,0.182,2.7,4.7,0.576,0.5,0.7,1.7,0.417,1.0,2.1,3.1,1.3,0.3,0.9,0.4,1.0,7.0,,2023
291.0,Daniel Theis,31.0,LAC,C,59.0,3.0,17.1,2.6,4.9,0.536,0.4,1.2,0.371,2.2,3.7,0.589,0.581,0.6,0.8,0.76,1.4,2.7,4.1,1.0,0.4,0.9,0.7,2.1,6.3,,2024
410.0,Daniel Theis,32.0,NOP,C,38.0,9.0,16.3,1.6,3.4,0.473,0.2,1.0,0.243,1.4,2.4,0.565,0.508,0.8,1.0,0.838,1.2,3.2,4.3,1.6,0.5,0.5,0.7,1.8,4.3,,2025
100.0,Danilo Gallinari,26.0,DEN,SF,59.0,27.0,24.2,3.9,9.6,0.401,1.8,5.1,0.355,2.1,4.5,0.453,0.496,2.9,3.2,0.895,0.5,3.2,3.7,1.4,0.8,0.3,1.0,1.6,12.4,,2015
27.0,Danilo Gallinari,27.0,DEN,SF,53.0,53.0,34.7,5.4,13.2,0.41,1.6,4.5,0.364,3.8,8.7,0.434,0.472,7.1,8.2,0.868,1.0,4.3,5.3,2.5,0.8,0.4,1.5,1.6,19.5,,2016
40.0,Danilo Gallinari,28.0,DEN,SF,63.0,63.0,33.9,5.3,11.9,0.447,2.0,5.1,0.389,3.3,6.8,0.491,0.531,5.5,6.1,0.902,0.6,4.5,5.2,2.1,0.6,0.2,1.3,1.5,18.2,,2017
65.0,Danilo Gallinari,29.0,LAC,SF,21.0,21.0,32.0,4.9,12.2,0.398,1.7,5.3,0.324,3.1,6.9,0.455,0.469,3.9,4.1,0.931,0.4,4.4,4.8,2.0,0.6,0.5,1.2,1.4,15.3,,2018
36.0,Danilo Gallinari,30.0,LAC,SF,68.0,68.0,30.3,6.0,13.0,0.463,2.4,5.5,0.433,3.6,7.5,0.484,0.554,5.4,6.0,0.904,0.8,5.3,6.1,2.6,0.7,0.3,1.5,1.9,19.8,,2019
48.0,Danilo Gallinari,31.0,OKC,PF,62.0,62.0,29.6,5.8,13.2,0.438,2.9,7.1,0.405,2.9,6.1,0.476,0.547,4.3,4.8,0.893,0.5,4.6,5.2,1.9,0.7,0.1,1.2,1.2,18.7,,2020
118.0,Danilo Gallinari,32.0,ATL,PF,51.0,4.0,24.0,4.0,9.3,0.434,2.0,5.0,0.406,2.0,4.3,0.466,0.542,3.2,3.4,0.925,0.3,3.8,4.1,1.5,0.6,0.2,0.8,2.1,13.3,,2021
140.0,Danilo Gallinari,33.0,ATL,PF,66.0,18.0,25.3,3.9,9.0,0.434,1.7,4.5,0.381,2.2,4.6,0.485,0.528,2.1,2.4,0.904,0.5,4.1,4.7,1.5,0.4,0.2,0.6,1.4,11.7,,2022
263.0,Danny Granger,31.0,MIA,SF,30.0,6.0,20.4,2.2,5.4,0.401,1.0,2.8,0.357,1.2,2.6,0.449,0.494,0.9,1.2,0.757,0.7,2.0,2.7,0.6,0.4,0.2,0.8,2.2,6.3,,2015
120.0,Danny Green,27.0,SAS,SG,81.0,80.0,28.5,4.0,9.1,0.436,2.4,5.6,0.418,1.6,3.5,0.466,0.566,1.4,1.6,0.874,0.7,3.6,4.2,2.0,1.2,1.1,1.1,2.0,11.7,,2015
233.0,Danny Green,28.0,SAS,SG,79.0,79.0,26.1,2.7,7.1,0.376,1.5,4.4,0.332,1.2,2.7,0.448,0.48,0.4,0.6,0.739,0.6,3.2,3.8,1.8,1.0,0.8,0.9,1.8,7.2,,2016
224.0,Danny Green,29.0,SAS,SG,68.0,68.0,26.6,2.6,6.6,0.392,1.7,4.6,0.379,0.9,2.0,0.42,0.523,0.4,0.5,0.844,0.5,2.8,3.3,1.8,1.0,0.8,1.1,1.8,7.3,,2017
204.0,Danny Green,30.0,SAS,SG,70.0,60.0,25.6,3.1,8.0,0.387,1.7,4.6,0.363,1.4,3.4,0.419,0.49,0.7,0.9,0.769,0.6,3.0,3.6,1.6,0.9,1.1,1.1,1.7,8.6,,2018
168.0,Danny Green,31.0,TOR,SG,80.0,80.0,27.7,3.7,7.9,0.465,2.5,5.4,0.455,1.2,2.4,0.487,0.622,0.5,0.6,0.841,0.8,3.2,4.0,1.6,0.9,0.7,0.9,2.1,10.3,,2019
233.0,Danny Green,32.0,LAL,SG,68.0,68.0,24.8,2.9,7.0,0.416,1.8,4.8,0.367,1.1,2.2,0.524,0.542,0.5,0.7,0.688,0.8,2.6,3.3,1.3,1.3,0.5,0.9,2.0,8.0,,2020
197.0,Danny Green,33.0,PHI,SF,69.0,69.0,28.0,3.2,7.9,0.412,2.5,6.3,0.405,0.7,1.6,0.438,0.573,0.4,0.6,0.775,0.8,3.0,3.8,1.7,1.3,0.8,1.0,1.8,9.5,,2021
347.0,Danny Green,34.0,PHI,SF,62.0,28.0,21.8,2.0,5.2,0.394,1.7,4.4,0.38,0.4,0.8,0.469,0.555,0.2,0.2,0.786,0.5,2.0,2.5,1.0,1.0,0.6,0.7,1.7,5.9,,2022
315.0,Dante Cunningham,27.0,NOP,PF,66.0,27.0,25.0,2.3,5.1,0.457,0.0,0.2,0.1,2.3,5.0,0.468,0.459,0.4,0.7,0.617,1.1,2.8,3.9,0.8,0.7,0.6,0.5,1.5,5.2,,2015
272.0,Dante Cunningham,28.0,NOP,SF,80.0,46.0,24.6,2.3,5.2,0.451,0.7,2.2,0.316,1.6,3.0,0.55,0.518,0.7,1.0,0.695,0.7,2.2,3.0,1.0,0.5,0.4,0.5,2.2,6.1,,2016
255.0,Dante Cunningham,29.0,NOP,PF,66.0,35.0,25.0,2.6,5.4,0.485,1.1,2.7,0.392,1.6,2.7,0.579,0.584,0.2,0.4,0.593,0.8,3.3,4.2,0.6,0.6,0.4,0.4,1.5,6.6,,2017
314.0,Dante Cunningham,30.0,NOP,SF,51.0,24.0,21.9,1.9,4.4,0.44,0.7,2.1,0.324,1.3,2.3,0.547,0.518,0.4,0.7,0.556,1.0,2.8,3.8,0.5,0.5,0.3,0.3,1.5,5.0,,2018
331.0,Dante Exum,19.0,UTA,PG,82.0,41.0,22.2,1.8,5.1,0.349,1.0,3.2,0.314,0.8,1.9,0.408,0.448,0.2,0.4,0.625,0.3,1.3,1.6,2.4,0.5,0.2,1.4,1.8,4.8,,2015
272.0,Dante Exum,21.0,UTA,PG,66.0,26.0,18.6,2.3,5.5,0.427,0.7,2.3,0.295,1.7,3.2,0.519,0.488,0.9,1.1,0.795,0.5,1.5,2.0,1.7,0.3,0.2,1.2,2.2,6.2,,2017
220.0,Dante Exum,22.0,UTA,PG,14.0,0.0,16.8,3.0,6.2,0.483,0.4,1.3,0.278,2.6,4.9,0.536,0.511,1.8,2.2,0.806,0.3,1.6,1.9,3.1,0.6,0.2,1.4,1.4,8.1,,2018
273.0,Dante Exum,23.0,UTA,PG,42.0,1.0,15.8,2.4,5.7,0.419,0.4,1.5,0.29,2.0,4.3,0.464,0.456,1.6,2.0,0.791,0.4,1.2,1.6,2.6,0.3,0.1,1.2,1.6,6.9,,2019
421.0,Dante Exum,25.0,CLE,SG,6.0,3.0,19.3,1.7,4.3,0.385,0.3,1.8,0.182,1.3,2.5,0.533,0.423,0.2,0.3,0.5,0.3,2.5,2.8,2.2,0.7,0.3,1.2,1.5,3.8,,2021
231.0,Dante Exum,28.0,DAL,PG,55.0,17.0,19.8,2.9,5.5,0.533,1.0,2.0,0.491,2.0,3.5,0.557,0.621,1.0,1.2,0.779,0.5,2.3,2.7,2.9,0.4,0.1,0.9,1.5,7.8,,2024
241.0,Dante Exum,29.0,DAL,PG,20.0,13.0,18.6,3.2,6.7,0.478,1.2,2.7,0.434,2.1,4.1,0.506,0.563,1.2,1.6,0.742,0.2,1.5,1.7,2.8,0.6,0.2,1.1,1.7,8.7,,2025
278.0,Danuel House Jr.,24.0,PHO,SG,23.0,3.0,17.5,2.4,5.6,0.434,0.7,2.5,0.259,1.8,3.1,0.577,0.492,1.1,1.3,0.806,0.6,2.7,3.3,1.1,0.3,0.3,0.5,1.0,6.6,,2018
189.0,Danuel House Jr.,25.0,HOU,SF,39.0,13.0,25.1,3.0,6.5,0.468,1.9,4.6,0.416,1.1,1.9,0.595,0.615,1.4,1.8,0.789,0.6,2.9,3.6,1.0,0.5,0.3,0.9,2.1,9.4,,2019
164.0,Danuel House Jr.,26.0,HOU,SF,63.0,52.0,30.4,3.7,8.6,0.427,2.0,5.6,0.363,1.6,2.9,0.549,0.546,1.2,1.4,0.811,0.9,3.3,4.2,1.3,1.1,0.5,0.9,2.1,10.5,,2020
218.0,Danuel House Jr.,27.0,HOU,SF,36.0,23.0,25.9,3.1,7.6,0.404,1.5,4.3,0.346,1.6,3.2,0.483,0.504,1.1,1.8,0.651,0.5,3.2,3.7,1.9,0.6,0.4,1.0,1.9,8.8,,2021
345.0,Danuel House Jr.,28.0,UTA,SF,25.0,6.0,19.6,2.2,4.9,0.447,1.4,3.3,0.415,0.8,1.6,0.512,0.585,1.1,1.6,0.692,0.6,2.2,2.7,1.0,0.6,0.5,0.6,1.4,6.8,,2022
390.0,Danuel House Jr.,30.0,PHI,SF,34.0,4.0,15.0,1.4,3.1,0.448,0.4,1.5,0.3,0.9,1.6,0.582,0.519,1.0,1.4,0.761,0.5,1.2,1.7,0.8,0.4,0.1,0.6,1.3,4.2,,2024
100.0,Dario Šarić,22.0,PHI,PF,81.0,36.0,26.3,4.7,11.4,0.411,1.3,4.2,0.311,3.4,7.2,0.469,0.468,2.1,2.7,0.782,1.4,5.0,6.3,2.2,0.7,0.4,2.3,2.0,12.8,,2017
75.0,Dario Šarić,23.0,PHI,PF,78.0,73.0,29.6,5.2,11.4,0.453,2.0,5.1,0.393,3.2,6.3,0.501,0.541,2.3,2.7,0.86,2.0,4.7,6.7,2.6,0.7,0.3,1.9,2.1,14.6,,2018
158.0,Dario Šarić,24.0,PHI,PF,13.0,13.0,30.5,3.7,10.2,0.364,1.6,5.4,0.3,2.1,4.8,0.435,0.443,2.1,2.3,0.9,1.6,5.0,6.6,2.0,0.3,0.2,1.9,3.0,11.1,,2019
160.0,Dario Šarić,25.0,PHO,PF,66.0,51.0,24.7,3.9,8.2,0.476,1.3,3.6,0.357,2.6,4.6,0.568,0.554,1.6,1.9,0.844,1.5,4.6,6.2,1.9,0.6,0.2,1.3,2.4,10.7,,2020
224.0,Dario Šarić,26.0,PHO,C,50.0,4.0,17.4,3.1,6.8,0.447,0.9,2.7,0.348,2.1,4.1,0.512,0.516,1.7,2.0,0.848,0.9,2.9,3.8,1.3,0.6,0.1,1.1,1.9,8.7,,2021
229.0,Dario Šarić,29.0,GSW,C,64.0,9.0,17.2,2.8,6.1,0.466,1.2,3.1,0.376,1.7,3.0,0.56,0.562,1.2,1.5,0.849,1.1,3.3,4.4,2.3,0.5,0.2,1.2,1.8,8.0,,2024
326.0,Darius Bazley,19.0,OKC,PF,61.0,9.0,18.5,2.0,5.2,0.394,0.8,2.3,0.348,1.2,2.9,0.432,0.472,0.7,1.0,0.694,0.5,3.5,4.0,0.7,0.4,0.7,0.7,0.9,5.6,,2020
106.0,Darius Bazley,20.0,OKC,PF,55.0,55.0,31.2,5.0,12.5,0.396,1.5,5.2,0.29,3.5,7.3,0.47,0.456,2.3,3.2,0.702,0.9,6.3,7.2,1.8,0.5,0.5,2.2,1.1,13.7,,2021
157.0,Darius Bazley,21.0,OKC,PF,69.0,53.0,27.9,4.0,9.4,0.422,1.2,3.9,0.297,2.8,5.5,0.511,0.484,1.7,2.5,0.688,1.0,5.3,6.3,1.4,0.8,1.0,1.3,1.0,10.8,,2022
327.0,Darius Bazley,23.0,UTA,PF,6.0,0.0,23.7,3.0,4.8,0.621,0.3,1.3,0.25,2.7,3.5,0.762,0.655,1.7,2.0,0.833,1.3,3.2,4.5,0.8,1.0,1.2,1.2,0.5,8.0,,2024
119.0,Darius Garland,20.0,CLE,SG,59.0,59.0,30.9,4.7,11.8,0.401,1.8,5.0,0.355,3.0,6.8,0.434,0.476,1.1,1.2,0.875,0.5,1.4,1.9,3.9,0.7,0.1,2.6,1.6,12.3,,2020
62.0,Darius Garland,21.0,CLE,PG,54.0,50.0,33.1,6.7,14.9,0.451,1.9,4.9,0.395,4.8,9.9,0.479,0.517,2.1,2.4,0.848,0.4,2.0,2.4,6.1,1.2,0.1,3.0,2.0,17.4,,2021
28.0,Darius Garland,22.0,CLE,PG,68.0,68.0,35.7,8.0,17.3,0.462,2.6,6.7,0.383,5.4,10.6,0.512,0.536,3.2,3.5,0.892,0.6,2.7,3.3,8.6,1.3,0.1,3.6,1.7,21.7,,2022
38.0,Darius Garland,23.0,CLE,PG,69.0,69.0,35.5,7.6,16.4,0.462,2.4,6.0,0.41,5.1,10.4,0.492,0.537,4.0,4.7,0.863,0.4,2.3,2.7,7.8,1.2,0.1,2.9,2.1,21.6,,2023
64.0,Darius Garland,24.0,CLE,PG,57.0,57.0,33.4,6.6,14.8,0.446,2.3,6.2,0.371,4.3,8.5,0.501,0.524,2.6,3.1,0.834,0.5,2.1,2.7,6.5,1.3,0.1,3.1,1.7,18.0,,2024
45.0,Darius Garland,25.0,CLE,PG,75.0,75.0,30.7,7.4,15.7,0.472,2.8,7.1,0.401,4.6,8.6,0.53,0.562,3.0,3.4,0.878,0.6,2.2,2.9,6.7,1.2,0.1,2.5,1.9,20.6,,2025
233.0,Darius Miller,27.0,NOP,SF,82.0,3.0,23.7,2.6,5.9,0.444,1.8,4.4,0.411,0.8,1.6,0.535,0.594,0.7,0.8,0.866,0.2,1.8,2.0,1.4,0.3,0.2,0.7,2.0,7.8,,2018
222.0,Darius Miller,28.0,NOP,SF,69.0,15.0,25.5,2.7,7.0,0.39,1.9,5.3,0.365,0.8,1.7,0.467,0.528,0.8,1.0,0.789,0.2,1.7,1.9,2.1,0.6,0.3,0.9,2.4,8.2,,2019
255.0,Darrell Arthur,26.0,DEN,PF,58.0,4.0,17.0,2.7,6.6,0.404,0.4,1.9,0.236,2.2,4.7,0.471,0.438,0.8,1.0,0.78,0.9,2.0,2.9,1.0,0.8,0.4,0.8,2.5,6.6,,2015
218.0,Darrell Arthur,27.0,DEN,PF,70.0,16.0,21.7,3.2,7.0,0.452,0.6,1.7,0.385,2.5,5.3,0.473,0.498,0.6,0.8,0.755,1.2,3.0,4.2,1.4,0.8,0.7,0.9,2.6,7.5,,2016
261.0,Darrell Arthur,28.0,DEN,PF,41.0,7.0,15.6,2.3,5.2,0.442,1.3,2.9,0.453,1.0,2.4,0.429,0.565,0.5,0.5,0.864,0.6,2.1,2.7,1.0,0.5,0.5,0.9,1.9,6.4,,2017
47.0,Darren Collison,27.0,SAC,PG,45.0,45.0,34.8,5.8,12.2,0.473,1.3,3.6,0.373,4.4,8.6,0.514,0.527,3.2,4.1,0.788,0.4,2.8,3.2,5.6,1.5,0.3,2.5,2.1,16.1,,2015
78.0,Darren Collison,28.0,SAC,PG,74.0,15.0,30.0,5.1,10.5,0.486,1.2,2.9,0.401,3.9,7.6,0.519,0.542,2.6,3.1,0.858,0.4,1.9,2.3,4.3,1.0,0.1,1.8,1.9,14.0,,2016
91.0,Darren Collison,29.0,SAC,PG,68.0,64.0,30.3,5.0,10.5,0.476,1.1,2.6,0.417,3.9,7.9,0.495,0.527,2.2,2.5,0.86,0.3,1.9,2.2,4.6,1.0,0.1,1.7,1.8,13.2,,2017
120.0,Darren Collison,30.0,IND,PG,69.0,64.0,29.2,4.6,9.2,0.495,1.4,3.0,0.468,3.2,6.3,0.508,0.571,1.8,2.1,0.882,0.5,2.0,2.6,5.3,1.3,0.2,1.2,1.8,12.4,,2018
143.0,Darren Collison,31.0,IND,PG,76.0,76.0,28.2,4.1,8.7,0.467,1.0,2.6,0.407,3.0,6.1,0.492,0.527,2.1,2.5,0.832,0.5,2.6,3.1,6.0,1.4,0.1,1.6,1.8,11.2,,2019
394.0,David Duke Jr.,22.0,BRK,PG,22.0,7.0,15.5,1.8,4.9,0.361,0.4,1.7,0.243,1.4,3.2,0.423,0.403,0.8,1.0,0.81,1.4,1.7,3.0,0.8,0.6,0.3,0.4,1.6,4.7,,2022
213.0,David Lee,31.0,GSW,PF,49.0,4.0,18.4,3.3,6.4,0.511,0.0,0.0,0.0,3.3,6.3,0.514,0.511,1.4,2.1,0.654,1.7,3.6,5.2,1.7,0.6,0.5,1.0,1.7,7.9,,2015
208.0,David Lee,32.0,DAL,PF,25.0,1.0,17.3,3.6,5.7,0.636,0.0,0.0,,3.6,5.7,0.636,0.636,1.2,1.7,0.738,2.4,4.6,7.0,1.2,0.4,0.6,1.1,2.5,8.5,,2016
225.0,David Lee,33.0,SAS,PF,79.0,10.0,18.7,3.1,5.3,0.59,0.0,0.0,,3.1,5.3,0.59,0.59,1.0,1.4,0.708,1.9,3.7,5.6,1.6,0.4,0.5,1.0,1.6,7.3,,2017
287.0,David Nwaba,24.0,LAL,SG,20.0,2.0,19.9,2.4,4.1,0.58,0.1,0.3,0.2,2.3,3.8,0.605,0.586,1.3,2.0,0.641,0.9,2.3,3.2,0.7,0.7,0.4,0.6,1.8,6.0,,2017
230.0,David Nwaba,25.0,CHI,SG,70.0,21.0,23.5,2.9,6.0,0.478,0.3,0.7,0.346,2.6,5.3,0.496,0.499,1.9,2.9,0.655,1.3,3.4,4.7,1.5,0.8,0.4,1.1,2.3,7.9,,2018
293.0,David Nwaba,26.0,CLE,SF,51.0,14.0,19.3,2.5,5.1,0.481,0.5,1.5,0.32,2.0,3.7,0.545,0.527,1.1,1.7,0.682,0.8,2.4,3.2,1.1,0.7,0.3,0.6,2.1,6.5,,2019
206.0,David Nwaba,28.0,HOU,SF,30.0,9.0,22.6,3.5,7.3,0.486,0.6,2.1,0.27,3.0,5.2,0.574,0.525,1.6,2.3,0.691,1.3,2.6,3.9,1.0,1.0,0.7,0.6,2.0,9.2,,2021
293.0,David Roddy,21.0,MEM,PF,70.0,4.0,18.0,2.6,6.0,0.429,0.9,3.0,0.307,1.6,3.0,0.553,0.506,0.6,0.9,0.631,0.7,2.0,2.8,0.8,0.4,0.3,0.8,1.5,6.7,,2023
123.0,David West,34.0,IND,PF,66.0,66.0,28.7,4.9,10.4,0.471,0.1,0.3,0.2,4.8,10.1,0.479,0.474,1.8,2.4,0.739,1.6,5.2,6.8,3.4,0.7,0.7,1.8,2.4,11.7,,2015
237.0,David West,35.0,SAS,PF,78.0,19.0,18.0,3.1,5.7,0.545,0.0,0.1,0.429,3.1,5.7,0.546,0.548,0.8,1.0,0.788,0.9,3.0,4.0,1.8,0.6,0.7,0.9,1.8,7.1,,2016
142.0,Davion Mitchell,23.0,SAC,PG,75.0,19.0,27.7,4.7,11.2,0.418,1.3,4.3,0.316,3.3,7.0,0.48,0.477,0.7,1.1,0.659,0.4,1.8,2.2,4.2,0.7,0.3,1.5,1.9,11.5,,2022
337.0,Davion Mitchell,24.0,SAC,PG,80.0,9.0,18.1,2.3,5.0,0.454,0.8,2.5,0.32,1.5,2.5,0.584,0.533,0.3,0.4,0.806,0.2,1.1,1.3,2.3,0.6,0.2,0.8,1.4,5.6,,2023
331.0,Davion Mitchell,25.0,SAC,PG,72.0,4.0,15.3,2.0,4.5,0.452,0.8,2.2,0.361,1.2,2.3,0.539,0.54,0.4,0.6,0.714,0.3,1.1,1.3,1.9,0.2,0.0,0.6,1.2,5.3,,2024
264.0,Davion Mitchell,26.0,TOR,PG,44.0,22.0,24.5,2.4,5.5,0.434,1.0,2.7,0.359,1.5,2.9,0.504,0.52,0.6,0.8,0.676,0.4,1.6,1.9,4.6,0.7,0.2,1.8,2.6,6.3,,2025
271.0,Day'Ron Sharpe,22.0,BRK,C,61.0,1.0,15.1,2.8,4.8,0.571,0.1,0.2,0.267,2.7,4.6,0.588,0.578,1.2,2.0,0.61,2.6,3.7,6.4,1.4,0.4,0.7,1.1,2.1,6.8,,2024
267.0,Day'Ron Sharpe,23.0,BRK,C,50.0,2.0,18.1,3.3,6.3,0.521,0.2,0.9,0.244,3.1,5.4,0.566,0.538,1.1,1.5,0.757,3.0,3.6,6.6,1.8,0.8,0.8,1.3,2.3,7.9,,2025
140.0,De'Aaron Fox,20.0,SAC,PG,73.0,61.0,27.8,4.5,10.9,0.412,0.6,2.1,0.307,3.8,8.8,0.436,0.441,1.9,2.7,0.723,0.5,2.3,2.8,4.4,1.0,0.3,2.4,2.2,11.6,,2018
53.0,De'Aaron Fox,21.0,SAC,PG,81.0,81.0,31.4,6.2,13.6,0.458,1.1,2.9,0.371,5.2,10.7,0.482,0.497,3.7,5.1,0.727,0.5,3.2,3.8,7.3,1.6,0.6,2.8,2.5,17.3,,2019
27.0,De'Aaron Fox,22.0,SAC,PG,51.0,49.0,32.0,7.7,16.0,0.48,1.1,3.6,0.292,6.6,12.4,0.535,0.513,4.7,6.7,0.705,0.7,3.2,3.8,6.8,1.5,0.5,3.1,2.8,21.1,,2020
16.0,De'Aaron Fox,23.0,SAC,PG,58.0,58.0,35.1,9.1,19.1,0.477,1.8,5.5,0.322,7.3,13.6,0.539,0.523,5.2,7.2,0.719,0.6,2.9,3.5,7.2,1.5,0.5,3.0,2.9,25.2,,2021
23.0,De'Aaron Fox,24.0,SAC,PG,59.0,59.0,35.3,8.7,18.5,0.473,1.3,4.2,0.297,7.5,14.3,0.524,0.506,4.4,5.9,0.75,0.4,3.5,3.9,5.6,1.2,0.4,2.8,2.9,23.2,,2022
20.0,De'Aaron Fox,25.0,SAC,PG,73.0,73.0,33.4,9.3,18.2,0.512,1.6,5.0,0.324,7.7,13.2,0.584,0.557,4.7,6.0,0.78,0.5,3.6,4.2,6.1,1.1,0.3,2.5,2.4,25.0,,2023
9.0,De'Aaron Fox,26.0,SAC,PG,74.0,74.0,35.9,9.7,20.9,0.465,2.9,7.8,0.369,6.8,13.1,0.522,0.534,4.2,5.7,0.738,0.9,3.7,4.6,5.6,2.0,0.4,2.6,2.6,26.6,,2024
28.0,De'Aaron Fox,27.0,SAS,PG,17.0,17.0,34.0,7.4,16.5,0.446,1.5,5.6,0.274,5.8,10.9,0.535,0.493,3.5,4.2,0.819,0.5,3.8,4.3,6.8,1.5,0.3,2.4,2.7,19.7,,2025
121.0,De'Andre Hunter,22.0,ATL,SF,63.0,62.0,32.0,4.4,10.8,0.41,1.7,4.8,0.355,2.7,6.0,0.454,0.489,1.7,2.3,0.764,0.7,3.8,4.5,1.8,0.7,0.3,1.6,2.9,12.3,,2020
89.0,De'Andre Hunter,23.0,ATL,SF,23.0,19.0,29.5,5.2,10.8,0.484,1.3,4.1,0.326,3.9,6.7,0.582,0.546,3.2,3.7,0.859,0.7,4.0,4.8,1.9,0.8,0.5,1.3,2.6,15.0,,2021
111.0,De'Andre Hunter,24.0,ATL,SF,53.0,52.0,29.8,4.8,10.8,0.442,1.4,3.7,0.379,3.4,7.2,0.474,0.506,2.4,3.1,0.765,0.5,2.8,3.3,1.3,0.7,0.4,1.3,2.9,13.4,,2022
90.0,De'Andre Hunter,25.0,ATL,SF,67.0,67.0,31.7,5.7,12.3,0.461,1.5,4.3,0.35,4.2,8.0,0.521,0.522,2.6,3.1,0.826,0.7,3.6,4.2,1.4,0.5,0.3,1.2,3.0,15.4,,2023
88.0,De'Andre Hunter,26.0,ATL,SF,57.0,37.0,29.5,5.3,11.6,0.459,2.1,5.3,0.385,3.3,6.3,0.521,0.547,2.9,3.4,0.847,0.5,3.4,3.9,1.5,0.7,0.3,1.5,2.6,15.6,,2024
77.0,De'Andre Hunter,27.0,CLE,SF,27.0,5.0,25.0,4.9,10.0,0.485,2.2,5.2,0.426,2.6,4.8,0.55,0.596,2.4,2.9,0.821,0.6,3.6,4.2,1.3,0.7,0.3,0.9,2.5,14.3,,2025
359.0,De'Anthony Melton,20.0,PHO,PG,50.0,31.0,19.7,2.0,5.1,0.391,0.6,1.9,0.305,1.4,3.2,0.441,0.447,0.4,0.6,0.75,0.5,2.2,2.7,3.2,1.4,0.5,1.5,2.3,5.0,,2019
242.0,De'Anthony Melton,21.0,MEM,PG,60.0,8.0,19.5,2.7,6.7,0.401,0.7,2.3,0.286,2.0,4.4,0.464,0.451,1.6,2.0,0.769,0.7,3.0,3.7,2.9,1.3,0.3,1.4,1.8,7.6,,2020
209.0,De'Anthony Melton,22.0,MEM,PG,52.0,1.0,20.1,3.3,7.6,0.438,1.7,4.1,0.412,1.6,3.5,0.467,0.548,0.8,1.0,0.804,0.6,2.5,3.1,2.5,1.2,0.6,1.3,1.6,9.1,,2021
160.0,De'Anthony Melton,23.0,MEM,SG,73.0,15.0,22.7,3.8,9.5,0.404,1.9,5.1,0.374,1.9,4.4,0.44,0.504,1.2,1.6,0.75,0.9,3.6,4.5,2.7,1.4,0.5,1.5,1.8,10.8,,2022
174.0,De'Anthony Melton,24.0,PHI,SG,77.0,58.0,27.9,3.6,8.5,0.425,2.0,5.2,0.39,1.6,3.2,0.484,0.546,0.9,1.1,0.793,0.9,3.2,4.1,2.6,1.6,0.5,1.3,2.5,10.1,,2023
152.0,De'Anthony Melton,25.0,PHI,SG,38.0,33.0,26.9,3.7,9.5,0.386,2.0,5.6,0.36,1.6,3.8,0.425,0.493,1.7,2.1,0.835,0.7,3.0,3.7,3.0,1.6,0.4,1.0,2.2,11.1,,2024
181.0,De'Anthony Melton,26.0,GSW,SG,6.0,2.0,20.2,3.7,9.0,0.407,2.2,5.8,0.371,1.5,3.2,0.474,0.528,0.8,1.3,0.625,1.0,2.3,3.3,2.8,1.2,0.3,1.7,3.0,10.3,,2025
129.0,DeAndre Jordan,26.0,LAC,C,82.0,82.0,34.4,4.6,6.5,0.71,0.0,0.0,0.25,4.6,6.5,0.713,0.711,2.3,5.7,0.397,4.8,10.1,15.0,0.7,1.0,2.2,1.3,3.0,11.5,,2015
97.0,DeAndre Jordan,27.0,LAC,C,77.0,77.0,33.7,4.6,6.6,0.703,0.0,0.0,0.0,4.6,6.6,0.704,0.703,3.5,8.0,0.43,3.5,10.3,13.8,1.2,0.7,2.3,1.4,2.7,12.7,,2016
103.0,DeAndre Jordan,28.0,LAC,C,81.0,81.0,31.7,5.1,7.1,0.714,0.0,0.0,0.0,5.1,7.1,0.717,0.714,2.5,5.2,0.482,3.7,10.1,13.8,1.2,0.6,1.7,1.4,2.6,12.7,,2017
129.0,DeAndre Jordan,29.0,LAC,C,77.0,77.0,31.5,4.8,7.5,0.645,0.0,0.0,,4.8,7.5,0.645,0.645,2.4,4.1,0.58,4.3,10.9,15.2,1.5,0.5,0.9,1.8,2.6,12.0,,2018
146.0,DeAndre Jordan,30.0,NYK,C,19.0,19.0,25.9,4.1,6.5,0.634,0.0,0.0,,4.1,6.5,0.634,0.634,2.7,3.5,0.773,3.4,8.0,11.4,3.0,0.5,1.1,2.2,2.2,10.9,,2019
221.0,DeAndre Jordan,31.0,BRK,C,56.0,6.0,22.0,3.4,5.1,0.666,0.0,0.0,,3.4,5.1,0.666,0.666,1.5,2.2,0.68,2.5,7.5,10.0,1.9,0.3,0.9,1.3,2.0,8.3,,2020
266.0,DeAndre Jordan,32.0,BRK,C,57.0,43.0,21.9,3.3,4.4,0.763,0.0,0.0,0.0,3.3,4.4,0.766,0.763,0.8,1.6,0.5,2.1,5.4,7.5,1.6,0.3,1.1,1.5,2.0,7.5,,2021
357.0,DeAndre Jordan,34.0,DEN,C,39.0,8.0,15.0,2.3,2.9,0.765,0.0,0.0,1.0,2.2,2.9,0.763,0.77,0.6,1.2,0.458,1.3,3.8,5.2,0.9,0.3,0.6,1.2,1.8,5.1,,2023
426.0,DeAndre Liggins,28.0,DAL,SG,1.0,0.0,25.0,3.0,6.0,0.5,0.0,1.0,0.0,3.0,5.0,0.6,0.5,2.0,3.0,0.667,3.0,4.0,7.0,0.0,2.0,0.0,0.0,3.0,8.0,,2017
338.0,DeAndre' Bembry,23.0,ATL,SF,26.0,3.0,17.5,2.0,4.9,0.414,0.4,1.2,0.367,1.6,3.8,0.429,0.457,0.7,1.3,0.576,0.3,2.5,2.8,1.9,0.8,0.5,1.8,1.5,5.2,,2018
214.0,DeAndre' Bembry,24.0,ATL,SG,82.0,15.0,23.5,3.4,7.5,0.446,0.6,2.1,0.289,2.7,5.4,0.508,0.487,1.1,1.7,0.64,0.7,3.7,4.4,2.5,1.3,0.5,1.7,2.3,8.4,,2019
317.0,DeAndre' Bembry,25.0,ATL,SG,43.0,4.0,21.3,2.4,5.3,0.456,0.3,1.5,0.231,2.1,3.8,0.546,0.489,0.6,1.1,0.542,0.8,2.7,3.5,1.9,1.3,0.4,1.4,2.0,5.8,,2020
331.0,DeAndre' Bembry,26.0,TOR,SF,51.0,12.0,19.1,2.3,4.5,0.513,0.3,1.0,0.264,2.0,3.4,0.589,0.544,0.9,1.3,0.682,0.6,2.2,2.9,2.1,1.0,0.4,1.4,1.7,5.7,,2021
354.0,DeJon Jarreau,26.0,MEM,SG,9.0,0.0,16.7,1.9,5.6,0.34,0.4,1.4,0.308,1.4,4.1,0.351,0.38,0.6,1.2,0.455,0.9,4.0,4.9,2.9,0.7,0.2,1.0,1.6,4.8,,2024
18.0,DeMar DeRozan,25.0,TOR,SG,60.0,60.0,35.0,6.8,16.5,0.413,0.4,1.5,0.284,6.4,15.0,0.426,0.426,6.0,7.2,0.832,0.7,3.9,4.6,3.5,1.2,0.2,2.3,2.0,20.1,,2015
8.0,DeMar DeRozan,26.0,TOR,SG,78.0,78.0,35.9,7.9,17.7,0.446,0.6,1.8,0.338,7.3,15.9,0.458,0.463,7.1,8.4,0.85,0.8,3.7,4.5,4.0,1.0,0.3,2.2,2.1,23.5,,2016
5.0,DeMar DeRozan,27.0,TOR,SG,74.0,74.0,35.4,9.7,20.9,0.467,0.4,1.7,0.266,9.3,19.2,0.484,0.477,7.4,8.7,0.842,0.9,4.3,5.2,3.9,1.1,0.2,2.4,1.8,27.3,,2017
14.0,DeMar DeRozan,28.0,TOR,SG,80.0,80.0,33.9,8.1,17.7,0.456,1.1,3.6,0.31,7.0,14.1,0.494,0.488,5.8,7.0,0.825,0.7,3.2,3.9,5.2,1.1,0.3,2.2,1.9,23.0,,2018
23.0,DeMar DeRozan,29.0,SAS,SG,77.0,77.0,34.9,8.2,17.1,0.481,0.1,0.6,0.156,8.1,16.5,0.492,0.483,4.8,5.7,0.83,0.7,5.3,6.0,6.2,1.1,0.5,2.6,2.3,21.2,,2019
23.0,DeMar DeRozan,30.0,SAS,SF,68.0,68.0,34.1,8.2,15.4,0.531,0.1,0.5,0.257,8.1,14.9,0.54,0.535,5.6,6.6,0.845,0.6,4.9,5.5,5.6,1.0,0.3,2.4,2.6,22.1,,2020
32.0,DeMar DeRozan,31.0,SAS,PF,61.0,61.0,33.7,7.5,15.1,0.495,0.3,1.2,0.257,7.1,13.9,0.515,0.505,6.3,7.2,0.88,0.7,3.6,4.2,6.9,0.9,0.2,2.0,2.1,21.6,,2021
7.0,DeMar DeRozan,32.0,CHI,PF,76.0,76.0,36.1,10.2,20.2,0.504,0.7,1.9,0.352,9.5,18.3,0.52,0.521,6.8,7.8,0.877,0.7,4.4,5.2,4.9,0.9,0.3,2.4,2.3,27.9,,2022
24.0,DeMar DeRozan,33.0,CHI,SF,74.0,74.0,36.2,8.9,17.6,0.504,0.6,1.9,0.324,8.3,15.7,0.526,0.522,6.2,7.1,0.872,0.5,4.2,4.6,5.1,1.1,0.5,2.1,2.5,24.5,,2023
21.0,DeMar DeRozan,34.0,CHI,SF,79.0,79.0,37.8,8.2,17.2,0.48,0.9,2.8,0.333,7.3,14.3,0.509,0.507,6.6,7.7,0.853,0.5,3.8,4.3,5.3,1.1,0.6,1.7,2.0,24.0,,2024
33.0,DeMar DeRozan,35.0,SAC,SF,77.0,77.0,35.9,8.1,17.0,0.477,1.1,3.3,0.328,7.0,13.7,0.513,0.509,4.9,5.7,0.857,0.6,3.2,3.9,4.4,0.8,0.4,1.4,1.9,22.2,,2025
7.0,DeMarcus Cousins,24.0,SAC,C,59.0,59.0,34.1,8.4,18.1,0.467,0.0,0.1,0.25,8.4,17.9,0.469,0.468,7.2,9.2,0.782,3.1,9.5,12.7,3.6,1.5,1.7,4.3,4.1,24.1,,2015
4.0,DeMarcus Cousins,25.0,SAC,C,65.0,65.0,34.6,9.2,20.5,0.451,1.1,3.2,0.333,8.2,17.3,0.473,0.477,7.3,10.2,0.718,2.4,9.1,11.5,3.3,1.6,1.4,3.8,3.6,26.9,,2016
6.0,DeMarcus Cousins,26.0,SAC,C,55.0,55.0,34.4,9.2,20.3,0.452,1.7,4.9,0.356,7.5,15.5,0.482,0.494,7.7,10.0,0.77,2.1,8.5,10.6,4.8,1.4,1.3,3.8,3.7,27.8,,2017
9.0,DeMarcus Cousins,27.0,NOP,C,48.0,48.0,36.2,8.5,18.0,0.47,2.2,6.1,0.354,6.3,11.9,0.53,0.53,6.1,8.2,0.746,2.2,10.7,12.9,5.4,1.6,1.6,5.0,3.8,25.2,,2018
66.0,DeMarcus Cousins,28.0,GSW,C,30.0,30.0,25.7,5.9,12.4,0.48,0.9,3.2,0.274,5.1,9.2,0.551,0.515,3.5,4.8,0.736,1.4,6.8,8.2,3.6,1.3,1.5,2.4,3.6,16.3,,2019
214.0,DeMarcus Cousins,31.0,MIL,C,17.0,5.0,16.9,3.2,6.9,0.466,0.8,2.8,0.271,2.5,4.1,0.6,0.521,1.8,2.2,0.816,1.4,4.4,5.8,1.1,0.9,0.5,0.9,2.7,9.1,,2022
95.0,DeMarre Carroll,28.0,ATL,SF,70.0,69.0,31.3,4.5,9.3,0.487,1.7,4.3,0.395,2.8,5.0,0.567,0.579,1.8,2.6,0.702,1.4,3.9,5.3,1.7,1.3,0.2,1.1,2.2,12.6,,2015
129.0,DeMarre Carroll,29.0,TOR,SF,26.0,22.0,30.2,4.0,10.4,0.389,1.8,4.5,0.39,2.3,5.8,0.388,0.474,1.2,1.9,0.6,1.2,3.5,4.7,1.0,1.7,0.2,1.1,2.4,11.0,,2016
182.0,DeMarre Carroll,30.0,TOR,SF,72.0,72.0,26.1,3.1,7.6,0.4,1.5,4.4,0.341,1.5,3.2,0.483,0.499,1.2,1.6,0.761,0.9,2.9,3.8,1.0,1.1,0.4,0.8,2.0,8.9,,2017
93.0,DeMarre Carroll,31.0,BRK,PF,73.0,73.0,29.9,4.5,10.8,0.414,2.0,5.4,0.371,2.5,5.4,0.457,0.506,2.6,3.4,0.764,1.4,5.1,6.6,2.0,0.8,0.4,1.4,2.3,13.5,,2018
144.0,DeMarre Carroll,32.0,BRK,PF,67.0,8.0,25.4,3.4,8.6,0.395,1.6,4.6,0.342,1.8,4.0,0.457,0.487,2.7,3.6,0.76,1.0,4.2,5.2,1.3,0.5,0.1,1.1,1.7,11.1,,2019
328.0,Dean Wade,24.0,CLE,PF,63.0,19.0,19.2,2.1,4.9,0.431,1.2,3.4,0.366,0.9,1.6,0.571,0.556,0.5,0.6,0.769,0.6,2.8,3.4,1.2,0.6,0.3,0.5,1.2,6.0,,2021
376.0,Dean Wade,25.0,CLE,PF,51.0,28.0,19.2,1.9,4.3,0.456,1.0,2.8,0.359,0.9,1.5,0.64,0.574,0.4,0.6,0.667,0.6,2.3,2.9,1.0,0.6,0.1,0.3,1.7,5.3,,2022
381.0,Dean Wade,26.0,CLE,PF,44.0,13.0,20.3,1.7,4.0,0.412,1.0,2.9,0.354,0.6,1.1,0.56,0.54,0.3,0.5,0.652,0.5,3.0,3.4,0.8,0.6,0.5,0.4,2.0,4.7,,2023
326.0,Dean Wade,27.0,CLE,PF,54.0,32.0,20.5,1.8,4.3,0.414,1.5,3.7,0.391,0.3,0.6,0.567,0.584,0.4,0.5,0.769,0.7,3.4,4.0,0.8,0.7,0.5,0.4,1.7,5.4,,2024
366.0,Dean Wade,28.0,CLE,PF,59.0,30.0,21.2,1.9,4.6,0.413,1.4,3.8,0.36,0.5,0.8,0.653,0.561,0.3,0.5,0.533,0.9,3.4,4.2,1.3,0.7,0.3,0.4,1.7,5.4,,2025
65.0,Deandre Ayton,20.0,PHO,C,71.0,70.0,30.7,7.2,12.3,0.585,0.0,0.1,0.0,7.2,12.2,0.588,0.585,2.0,2.7,0.746,3.1,7.1,10.3,1.8,0.9,0.9,1.8,2.9,16.3,,2019
55.0,Deandre Ayton,21.0,PHO,C,38.0,32.0,32.5,8.2,14.9,0.546,0.1,0.3,0.231,8.1,14.6,0.553,0.548,1.8,2.3,0.753,3.9,7.6,11.5,1.9,0.7,1.5,2.1,3.1,18.2,,2020
95.0,Deandre Ayton,22.0,PHO,C,69.0,69.0,30.7,6.2,10.0,0.626,0.1,0.3,0.2,6.2,9.7,0.639,0.629,1.9,2.5,0.769,3.3,7.2,10.5,1.4,0.6,1.2,1.5,2.8,14.4,,2021
62.0,Deandre Ayton,23.0,PHO,C,58.0,58.0,29.5,7.6,12.0,0.634,0.1,0.3,0.368,7.5,11.7,0.642,0.639,1.8,2.4,0.746,2.6,7.7,10.2,1.4,0.7,0.7,1.6,2.4,17.2,,2022
68.0,Deandre Ayton,24.0,PHO,C,67.0,67.0,30.4,7.8,13.2,0.589,0.1,0.4,0.292,7.7,12.9,0.597,0.592,2.3,3.0,0.76,2.6,7.4,10.0,1.7,0.6,0.8,1.8,2.8,18.0,,2023
76.0,Deandre Ayton,25.0,POR,C,55.0,55.0,32.4,7.8,13.6,0.57,0.0,0.2,0.1,7.7,13.4,0.576,0.571,1.2,1.4,0.823,3.2,7.9,11.1,1.6,1.0,0.8,1.8,2.0,16.7,,2024
103.0,Deandre Ayton,26.0,POR,C,40.0,40.0,30.2,6.6,11.7,0.566,0.2,0.8,0.188,6.5,10.9,0.594,0.573,1.0,1.5,0.667,3.1,7.1,10.2,1.6,0.8,1.0,1.7,2.2,14.4,,2025
221.0,Dejounte Murray,21.0,SAS,PG,81.0,48.0,21.5,3.3,7.5,0.443,0.1,0.4,0.265,3.2,7.1,0.454,0.451,1.3,1.8,0.709,1.4,4.3,5.7,2.9,1.2,0.4,1.7,1.9,8.1,,2018
156.0,Dejounte Murray,23.0,SAS,PG,66.0,58.0,25.6,4.5,9.7,0.462,0.6,1.7,0.369,3.8,8.0,0.481,0.494,1.4,1.7,0.798,1.0,4.8,5.8,4.1,1.7,0.3,1.9,2.2,10.9,,2020
79.0,Dejounte Murray,24.0,SAS,PG,67.0,67.0,31.9,6.6,14.5,0.453,0.9,3.0,0.317,5.6,11.6,0.488,0.485,1.6,2.0,0.791,0.9,6.2,7.1,5.4,1.5,0.1,1.7,2.0,15.7,,2021
31.0,Dejounte Murray,25.0,SAS,PG,68.0,68.0,34.8,8.4,18.3,0.462,1.4,4.3,0.327,7.0,13.9,0.504,0.5,2.9,3.6,0.794,1.2,7.1,8.3,9.2,2.0,0.3,2.6,2.0,21.1,,2022
49.0,Dejounte Murray,26.0,ATL,SG,74.0,74.0,36.4,8.3,17.8,0.464,1.8,5.2,0.344,6.5,12.6,0.514,0.514,2.1,2.6,0.832,0.7,4.5,5.3,6.1,1.5,0.3,2.2,1.4,20.5,,2023
34.0,Dejounte Murray,27.0,ATL,SG,78.0,78.0,35.7,8.6,18.8,0.459,2.6,7.1,0.363,6.0,11.7,0.518,0.528,2.7,3.4,0.794,0.8,4.5,5.3,6.4,1.4,0.3,2.6,1.8,22.5,,2024
74.0,Dejounte Murray,28.0,NOP,PG,31.0,31.0,32.6,6.3,15.9,0.393,1.7,5.6,0.299,4.6,10.3,0.444,0.445,3.3,4.0,0.823,0.5,5.9,6.5,7.4,2.0,0.4,3.4,2.0,17.5,,2025
303.0,Delon Wright,24.0,TOR,PG,27.0,0.0,16.5,1.8,4.3,0.422,0.4,1.1,0.333,1.4,3.2,0.453,0.466,1.6,2.0,0.764,0.6,1.2,1.8,2.1,1.0,0.4,0.9,1.1,5.6,,2017
223.0,Delon Wright,25.0,TOR,PG,69.0,4.0,20.8,2.9,6.3,0.465,0.8,2.2,0.366,2.1,4.0,0.52,0.53,1.4,1.7,0.829,0.7,2.2,2.9,2.9,1.0,0.5,1.1,1.2,8.0,,2018
208.0,Delon Wright,26.0,TOR,PG,49.0,2.0,18.3,2.6,6.0,0.433,0.6,1.8,0.333,2.0,4.1,0.478,0.485,1.1,1.2,0.869,0.8,1.8,2.6,2.2,0.9,0.3,0.8,1.1,6.9,,2019
272.0,Delon Wright,27.0,DAL,PG,73.0,5.0,21.5,2.6,5.6,0.462,0.6,1.7,0.37,2.0,3.9,0.504,0.519,1.1,1.4,0.77,1.0,2.9,3.8,3.3,1.2,0.3,1.0,1.3,6.9,,2020
179.0,Delon Wright,28.0,SAC,PG,27.0,8.0,25.8,3.9,8.3,0.462,1.2,3.1,0.398,2.6,5.3,0.5,0.536,1.1,1.3,0.833,1.0,2.9,3.9,3.6,1.6,0.4,1.3,1.1,10.0,,2021
408.0,Delon Wright,29.0,ATL,SG,77.0,8.0,18.9,1.6,3.5,0.454,0.6,1.5,0.379,1.0,2.0,0.51,0.535,0.7,0.8,0.857,0.6,2.2,2.9,2.4,1.2,0.2,0.6,0.7,4.4,,2022
260.0,Delon Wright,30.0,WAS,PG,50.0,14.0,24.4,2.8,5.8,0.474,0.8,2.4,0.345,1.9,3.4,0.564,0.545,1.0,1.2,0.867,1.2,2.4,3.6,3.9,1.8,0.3,0.9,1.2,7.4,,2023
464.0,Delon Wright,32.0,NYK,PG,14.0,5.0,16.4,1.6,3.5,0.469,0.6,1.7,0.333,1.1,1.8,0.6,0.551,0.4,0.6,0.667,0.9,0.6,1.4,2.1,0.9,0.2,0.6,0.6,4.3,,2025
318.0,Deni Avdija,20.0,WAS,SF,54.0,32.0,23.3,2.4,5.8,0.417,1.0,3.1,0.315,1.4,2.7,0.535,0.502,0.5,0.8,0.644,0.4,4.4,4.9,1.2,0.6,0.3,0.6,2.6,6.3,,2021
237.0,Deni Avdija,21.0,WAS,SF,82.0,8.0,24.2,3.0,7.1,0.432,1.0,3.2,0.317,2.0,3.9,0.525,0.503,1.3,1.7,0.757,0.6,4.5,5.2,2.0,0.7,0.5,1.1,2.3,8.4,,2022
204.0,Deni Avdija,22.0,WAS,SF,76.0,40.0,26.6,3.3,7.6,0.437,0.9,3.1,0.297,2.4,4.6,0.53,0.497,1.6,2.2,0.739,1.0,5.4,6.4,2.8,0.9,0.4,1.6,2.8,9.2,,2023
100.0,Deni Avdija,23.0,WAS,SF,75.0,75.0,30.1,5.4,10.7,0.506,1.2,3.1,0.374,4.2,7.6,0.56,0.56,2.7,3.6,0.74,1.1,6.1,7.2,3.8,0.8,0.5,2.1,2.5,14.7,,2024
79.0,Deni Avdija,24.0,POR,SF,72.0,54.0,30.0,5.6,11.7,0.476,1.7,4.8,0.365,3.8,7.0,0.552,0.55,4.0,5.2,0.78,1.5,5.7,7.3,3.9,1.0,0.5,2.7,2.4,16.9,,2025
157.0,Dennis Schröder,21.0,ATL,PG,77.0,10.0,19.7,3.7,8.6,0.427,0.7,1.9,0.351,3.0,6.7,0.449,0.466,1.9,2.3,0.827,0.4,1.8,2.1,4.1,0.6,0.1,1.9,1.6,10.0,,2015
130.0,Dennis Schröder,22.0,ATL,PG,80.0,6.0,20.3,4.1,9.8,0.421,1.0,3.0,0.322,3.2,6.8,0.465,0.471,1.8,2.3,0.791,0.3,2.2,2.6,4.4,0.9,0.1,2.3,1.7,11.0,,2016
45.0,Dennis Schröder,23.0,ATL,PG,79.0,78.0,31.5,6.9,15.4,0.451,1.3,3.7,0.34,5.7,11.6,0.487,0.493,2.8,3.2,0.855,0.5,2.6,3.1,6.3,0.9,0.2,3.3,1.9,17.9,,2017
31.0,Dennis Schröder,24.0,ATL,PG,67.0,67.0,31.0,7.5,17.1,0.436,1.1,3.9,0.29,6.3,13.2,0.48,0.469,3.4,4.0,0.849,0.7,2.4,3.1,6.2,1.1,0.1,2.7,2.2,19.4,,2018
76.0,Dennis Schröder,25.0,OKC,PG,79.0,14.0,29.3,5.8,14.0,0.414,1.6,4.6,0.341,4.2,9.4,0.45,0.47,2.4,2.9,0.819,0.5,3.1,3.6,4.1,0.8,0.2,2.2,2.4,15.5,,2019
47.0,Dennis Schröder,26.0,OKC,PG,65.0,2.0,30.8,7.0,14.8,0.469,1.9,5.0,0.385,5.0,9.8,0.513,0.534,3.0,3.6,0.839,0.3,3.3,3.6,4.0,0.7,0.2,2.6,2.2,18.9,,2020
83.0,Dennis Schröder,27.0,LAL,SG,61.0,61.0,32.1,5.4,12.5,0.437,1.2,3.5,0.335,4.3,9.0,0.476,0.484,3.4,4.0,0.848,0.5,3.0,3.5,5.8,1.1,0.2,2.7,2.6,15.4,,2021
108.0,Dennis Schröder,28.0,HOU,PG,15.0,4.0,26.9,3.7,9.3,0.393,1.3,3.9,0.328,2.4,5.5,0.439,0.461,2.3,2.6,0.872,0.4,2.9,3.3,5.9,0.8,0.2,2.6,2.5,10.9,,2022
128.0,Dennis Schröder,29.0,LAL,PG,66.0,50.0,30.1,4.1,9.8,0.415,1.1,3.4,0.329,3.0,6.4,0.461,0.472,3.3,3.8,0.857,0.3,2.2,2.5,4.5,0.8,0.2,1.7,2.2,12.6,,2023
105.0,Dennis Schröder,30.0,TOR,PG,51.0,33.0,30.6,4.8,11.0,0.442,1.5,4.3,0.35,3.3,6.6,0.501,0.511,2.5,2.9,0.852,0.4,2.3,2.7,6.1,0.9,0.2,1.6,2.1,13.7,,2024
122.0,Dennis Schröder,31.0,GSW,SG,24.0,18.0,26.2,3.9,10.5,0.375,1.5,4.8,0.322,2.4,5.7,0.419,0.448,1.2,1.6,0.744,0.4,1.9,2.3,4.4,1.0,0.1,2.0,2.8,10.6,,2025
68.0,Dennis Smith Jr.,20.0,DAL,PG,69.0,69.0,29.7,5.9,14.8,0.395,1.5,4.9,0.313,4.3,9.9,0.435,0.446,1.9,2.8,0.694,0.7,3.0,3.8,5.2,1.0,0.3,2.8,2.2,15.2,,2018
103.0,Dennis Smith Jr.,21.0,NYK,PG,21.0,18.0,28.6,5.8,14.0,0.413,1.1,4.0,0.289,4.6,10.0,0.462,0.454,2.0,3.5,0.568,0.7,2.1,2.8,5.4,1.3,0.4,2.6,2.2,14.7,,2019
334.0,Dennis Smith Jr.,22.0,NYK,PG,34.0,3.0,15.8,2.1,6.2,0.341,0.5,1.6,0.296,1.6,4.6,0.357,0.379,0.8,1.6,0.509,0.6,1.7,2.3,2.9,0.8,0.2,1.7,1.9,5.5,,2020
365.0,Dennis Smith Jr.,24.0,POR,PG,37.0,4.0,17.2,2.1,5.1,0.418,0.2,0.7,0.222,2.0,4.4,0.451,0.434,1.1,1.7,0.656,0.5,1.8,2.4,3.6,1.2,0.3,1.4,1.4,5.6,,2022
222.0,Dennis Smith Jr.,25.0,CHO,PG,54.0,15.0,25.7,3.4,8.4,0.412,0.4,2.1,0.216,3.0,6.3,0.475,0.438,1.4,2.0,0.736,0.5,2.6,3.1,4.8,1.4,0.5,1.5,2.3,8.8,,2023
279.0,Dennis Smith Jr.,26.0,BRK,PG,56.0,2.0,18.9,2.6,6.0,0.435,0.6,1.9,0.294,2.1,4.1,0.502,0.482,0.8,1.0,0.741,0.9,2.0,2.9,3.6,1.2,0.2,1.2,2.2,6.6,,2024
326.0,Denzel Valentine,23.0,CHI,SG,57.0,0.0,17.1,1.8,5.1,0.354,1.3,3.6,0.351,0.5,1.4,0.363,0.481,0.2,0.3,0.778,0.2,2.5,2.6,1.1,0.5,0.1,0.9,1.5,5.1,,2017
168.0,Denzel Valentine,24.0,CHI,SG,77.0,37.0,27.2,3.9,9.4,0.417,1.9,4.8,0.386,2.1,4.6,0.45,0.517,0.5,0.7,0.745,0.6,4.5,5.1,3.2,0.8,0.1,1.3,2.4,10.2,,2018
313.0,Denzel Valentine,27.0,CHI,SG,62.0,3.0,16.7,2.5,6.7,0.373,1.3,3.9,0.331,1.2,2.8,0.431,0.469,0.3,0.3,0.941,0.4,2.8,3.2,1.7,0.5,0.1,0.7,1.1,6.5,,2021
206.0,Dereck Lively II,19.0,DAL,C,55.0,42.0,23.5,4.0,5.4,0.747,0.0,0.0,0.0,4.0,5.3,0.752,0.747,0.7,1.5,0.506,2.5,4.4,6.9,1.1,0.7,1.4,0.9,2.6,8.8,,2024
244.0,Dereck Lively II,20.0,DAL,C,36.0,29.0,23.1,3.7,5.3,0.702,0.0,0.0,,3.7,5.3,0.702,0.702,1.3,2.0,0.63,2.9,4.6,7.5,2.4,0.6,1.6,1.1,2.8,8.7,,2025
90.0,Deron Williams,30.0,BRK,PG,68.0,55.0,31.1,4.4,11.3,0.387,1.3,3.5,0.367,3.1,7.9,0.395,0.443,3.0,3.5,0.834,0.4,3.1,3.5,6.6,0.9,0.3,2.3,2.3,13.0,,2015
77.0,Deron Williams,31.0,DAL,PG,65.0,63.0,32.4,4.9,11.9,0.414,1.5,4.3,0.344,3.4,7.6,0.454,0.477,2.8,3.2,0.869,0.3,2.6,2.9,5.8,0.9,0.2,2.3,2.4,14.1,,2016
116.0,Deron Williams,32.0,DAL,PG,40.0,40.0,29.3,4.9,11.3,0.43,1.6,4.5,0.348,3.3,6.8,0.485,0.5,1.7,2.1,0.821,0.3,2.2,2.6,6.9,0.6,0.1,2.5,2.4,13.1,,2017
50.0,Derrick Favors,23.0,UTA,PF,74.0,74.0,30.8,6.5,12.4,0.525,0.0,0.1,0.167,6.5,12.3,0.527,0.526,3.0,4.5,0.669,2.6,5.6,8.2,1.5,0.8,1.7,1.6,2.8,16.0,,2015
47.0,Derrick Favors,24.0,UTA,PF,62.0,59.0,32.0,6.7,13.1,0.515,0.0,0.1,0.0,6.7,13.0,0.518,0.515,2.9,4.1,0.709,2.7,5.4,8.1,1.5,1.2,1.5,1.7,2.4,16.4,,2016
160.0,Derrick Favors,25.0,UTA,PF,50.0,39.0,23.7,4.1,8.3,0.487,0.1,0.2,0.3,4.0,8.1,0.491,0.49,1.3,2.2,0.615,1.8,4.3,6.1,1.1,0.9,0.8,1.2,2.1,9.5,,2017
121.0,Derrick Favors,26.0,UTA,C,77.0,77.0,28.0,5.1,9.1,0.563,0.2,0.8,0.222,4.9,8.3,0.596,0.573,1.8,2.8,0.651,2.6,4.6,7.2,1.3,0.7,1.1,1.1,2.1,12.3,,2018
131.0,Derrick Favors,27.0,UTA,C,76.0,70.0,23.2,4.8,8.1,0.586,0.2,1.0,0.218,4.6,7.1,0.64,0.6,2.0,3.0,0.675,2.7,4.6,7.4,1.2,0.7,1.4,1.1,2.1,11.8,,2019
203.0,Derrick Favors,28.0,NOP,C,51.0,49.0,24.4,4.1,6.6,0.617,0.0,0.1,0.143,4.1,6.5,0.627,0.618,0.8,1.4,0.563,3.2,6.6,9.8,1.6,0.6,0.9,1.1,2.1,9.0,,2020
347.0,Derrick Favors,29.0,UTA,C,68.0,0.0,15.3,2.3,3.6,0.638,0.0,0.0,0.0,2.3,3.5,0.643,0.638,0.9,1.2,0.738,2.0,3.5,5.5,0.6,0.5,1.0,0.5,2.1,5.4,,2021
375.0,Derrick Favors,30.0,OKC,C,39.0,18.0,16.7,2.4,4.7,0.516,0.1,0.4,0.125,2.4,4.3,0.554,0.522,0.4,0.6,0.64,1.5,3.2,4.7,0.6,0.4,0.3,0.2,1.6,5.3,,2022
313.0,Derrick Jones Jr.,19.0,PHO,SF,32.0,8.0,17.0,2.1,3.8,0.562,0.1,0.3,0.273,2.0,3.4,0.591,0.574,0.9,1.3,0.707,1.2,1.3,2.5,0.4,0.4,0.4,0.4,2.0,5.3,,2017
267.0,Derrick Jones Jr.,21.0,MIA,SF,60.0,14.0,19.2,2.7,5.4,0.494,0.5,1.5,0.308,2.2,3.9,0.567,0.537,1.2,2.0,0.607,1.6,2.4,4.0,0.6,0.8,0.7,0.7,2.1,7.0,,2019
218.0,Derrick Jones Jr.,22.0,MIA,SF,59.0,16.0,23.3,3.1,5.9,0.527,0.6,2.2,0.28,2.5,3.7,0.677,0.58,1.6,2.1,0.772,1.1,2.8,3.9,1.1,1.0,0.6,0.5,2.2,8.5,,2020
294.0,Derrick Jones Jr.,23.0,POR,SF,58.0,43.0,22.7,2.5,5.2,0.484,0.7,2.3,0.316,1.8,2.9,0.619,0.554,1.0,1.6,0.648,1.3,2.2,3.5,0.8,0.6,0.9,0.6,2.2,6.8,,2021
363.0,Derrick Jones Jr.,24.0,CHI,PF,51.0,8.0,17.6,2.1,3.8,0.538,0.4,1.2,0.328,1.7,2.6,0.634,0.59,1.1,1.4,0.8,1.2,2.1,3.3,0.6,0.5,0.6,0.6,2.1,5.6,,2022
212.0,Derrick Jones Jr.,26.0,DAL,SF,76.0,66.0,23.5,3.1,6.5,0.483,1.1,3.1,0.343,2.1,3.4,0.613,0.566,1.3,1.8,0.713,1.1,2.2,3.3,1.0,0.7,0.7,0.9,1.6,8.6,,2024
188.0,Derrick Jones Jr.,27.0,LAC,SF,77.0,55.0,24.3,4.0,7.6,0.526,1.0,2.8,0.356,3.0,4.8,0.627,0.593,1.1,1.5,0.703,1.2,2.2,3.4,0.8,1.0,0.4,0.9,2.0,10.1,,2025
28.0,Derrick Rose,26.0,CHI,PG,51.0,51.0,30.0,6.6,16.4,0.405,1.5,5.3,0.28,5.1,11.1,0.465,0.45,3.0,3.7,0.813,0.7,2.5,3.2,4.9,0.7,0.3,3.2,1.2,17.7,,2015
48.0,Derrick Rose,27.0,CHI,PG,66.0,66.0,31.8,6.8,15.9,0.427,0.7,2.3,0.293,6.1,13.6,0.449,0.448,2.2,2.7,0.793,0.7,2.7,3.4,4.7,0.7,0.2,2.7,1.3,16.4,,2016
44.0,Derrick Rose,28.0,NYK,PG,64.0,64.0,32.5,7.2,15.3,0.471,0.2,0.9,0.217,7.0,14.3,0.487,0.477,3.5,4.0,0.874,1.0,2.8,3.8,4.4,0.7,0.3,2.3,1.3,18.0,,2017
50.0,Derrick Rose,30.0,MIN,PG,51.0,13.0,27.3,7.1,14.8,0.482,1.1,2.9,0.37,6.1,11.9,0.509,0.518,2.7,3.1,0.856,0.6,2.1,2.7,4.3,0.6,0.2,1.6,1.1,18.0,,2019
58.0,Derrick Rose,31.0,DET,PG,50.0,15.0,26.0,7.4,15.1,0.49,0.9,2.9,0.306,6.5,12.1,0.535,0.52,2.4,2.8,0.871,0.5,1.9,2.4,5.6,0.8,0.3,2.5,1.0,18.1,,2020
92.0,Derrick Rose,32.0,NYK,PG,35.0,3.0,26.8,5.9,12.2,0.487,1.1,2.6,0.411,4.9,9.6,0.507,0.53,1.9,2.2,0.883,0.4,2.5,2.9,4.2,0.9,0.4,1.4,1.1,14.9,,2021
134.0,Derrick Rose,33.0,NYK,PG,26.0,4.0,24.5,4.7,10.5,0.445,1.4,3.5,0.402,3.3,7.0,0.467,0.513,1.2,1.2,0.968,0.8,2.2,3.0,4.0,0.8,0.5,1.5,0.6,12.0,,2022
228.0,Derrick Rose,35.0,MEM,PG,24.0,7.0,16.6,3.2,6.9,0.461,0.6,1.7,0.366,2.5,5.2,0.492,0.506,1.0,1.1,0.889,0.3,1.6,1.9,3.3,0.3,0.1,1.3,0.9,8.0,,2024
326.0,Derrick Walton,26.0,DET,PG,3.0,3.0,36.0,2.0,8.7,0.231,1.0,4.3,0.231,1.0,4.3,0.231,0.288,1.3,1.3,1.0,0.7,2.7,3.3,7.0,2.3,1.3,3.7,2.7,6.3,,2022
177.0,Derrick White,24.0,SAS,PG,67.0,55.0,25.8,3.9,8.1,0.479,0.7,2.1,0.338,3.2,6.0,0.529,0.523,1.4,1.8,0.772,0.5,3.2,3.7,3.9,1.0,0.7,1.4,2.2,9.9,,2019
144.0,Derrick White,25.0,SAS,SG,68.0,20.0,24.7,3.7,8.1,0.458,1.2,3.2,0.366,2.6,4.9,0.518,0.53,2.6,3.1,0.853,0.5,2.8,3.3,3.5,0.6,0.9,1.3,2.2,11.3,,2020
84.0,Derrick White,26.0,SAS,SG,36.0,32.0,29.6,5.2,12.6,0.411,2.3,6.8,0.346,2.8,5.8,0.486,0.503,2.7,3.2,0.851,0.4,2.6,3.0,3.5,0.7,1.0,1.3,2.5,15.4,,2021
114.0,Derrick White,27.0,SAS,SG,49.0,48.0,30.3,5.0,11.6,0.426,1.7,5.3,0.314,3.3,6.4,0.519,0.497,2.8,3.3,0.869,0.5,3.0,3.5,5.6,1.0,0.9,1.8,2.4,14.4,,2022
133.0,Derrick White,28.0,BOS,SG,82.0,70.0,28.3,4.3,9.2,0.462,1.8,4.8,0.381,2.5,4.5,0.548,0.56,2.0,2.3,0.875,0.6,2.9,3.6,3.9,0.7,0.9,1.2,2.2,12.4,,2023
95.0,Derrick White,29.0,BOS,SG,73.0,73.0,32.6,5.3,11.5,0.461,2.7,6.8,0.396,2.6,4.7,0.555,0.578,1.9,2.1,0.901,0.7,3.5,4.2,5.2,1.0,1.2,1.5,2.1,15.2,,2024
82.0,Derrick White,30.0,BOS,SG,76.0,76.0,33.9,5.6,12.6,0.442,3.5,9.1,0.384,2.1,3.5,0.593,0.58,1.8,2.1,0.839,0.9,3.6,4.5,4.8,0.9,1.1,1.7,1.8,16.4,,2025
202.0,Derrick Williams,23.0,SAC,PF,74.0,6.0,19.8,2.9,6.6,0.447,0.7,2.1,0.314,2.3,4.4,0.511,0.498,1.8,2.6,0.684,0.6,2.2,2.7,0.7,0.5,0.1,0.8,0.9,8.3,,2015
167.0,Derrick Williams,24.0,NYK,SF,80.0,9.0,17.9,3.2,7.1,0.45,0.6,1.9,0.293,2.6,5.2,0.506,0.488,2.4,3.2,0.758,0.6,3.1,3.7,0.9,0.4,0.1,0.8,0.9,9.3,,2016
279.0,Derrick Williams,25.0,MIA,PF,25.0,11.0,15.1,2.2,5.5,0.394,0.4,1.8,0.2,1.8,3.7,0.489,0.427,1.2,2.0,0.62,0.6,2.3,2.9,0.6,0.4,0.2,0.6,1.3,5.9,,2017
204.0,Desmond Bane,22.0,MEM,SG,68.0,17.0,22.3,3.4,7.3,0.469,1.7,4.0,0.432,1.7,3.4,0.513,0.586,0.6,0.7,0.816,0.5,2.6,3.1,1.7,0.6,0.2,0.9,1.8,9.2,,2021
52.0,Desmond Bane,23.0,MEM,SG,76.0,76.0,29.8,6.7,14.5,0.461,3.0,6.9,0.436,3.7,7.6,0.484,0.565,1.8,2.0,0.903,0.6,3.8,4.4,2.7,1.2,0.4,1.5,2.6,18.2,,2022
39.0,Desmond Bane,24.0,MEM,SG,58.0,58.0,31.7,7.8,16.2,0.479,2.9,7.0,0.408,4.9,9.2,0.534,0.568,3.1,3.5,0.883,0.7,4.3,5.0,4.4,1.0,0.4,2.2,2.6,21.5,,2023
24.0,Desmond Bane,25.0,MEM,SG,42.0,42.0,34.4,8.6,18.5,0.464,3.3,8.6,0.381,5.3,9.9,0.536,0.552,3.3,3.8,0.87,0.9,3.5,4.4,5.5,1.0,0.5,2.7,2.9,23.7,,2024
54.0,Desmond Bane,26.0,MEM,SG,69.0,68.0,32.0,7.1,14.8,0.484,2.4,6.1,0.392,4.8,8.7,0.548,0.565,2.6,2.9,0.894,0.9,5.2,6.1,5.3,1.2,0.4,2.4,2.4,19.2,,2025
81.0,Devin Booker,19.0,PHO,SG,76.0,51.0,27.7,4.8,11.4,0.423,1.3,3.8,0.343,3.5,7.6,0.464,0.48,2.8,3.4,0.84,0.4,2.1,2.5,2.6,0.6,0.3,2.1,3.0,13.8,,2016
25.0,Devin Booker,20.0,PHO,SG,78.0,78.0,35.0,7.8,18.3,0.423,1.9,5.2,0.363,5.9,13.2,0.447,0.475,4.7,5.7,0.832,0.6,2.6,3.2,3.4,0.9,0.3,3.1,3.1,22.1,,2017
10.0,Devin Booker,21.0,PHO,SG,54.0,54.0,34.5,8.4,19.5,0.432,2.7,7.1,0.383,5.7,12.4,0.46,0.501,5.4,6.1,0.878,0.5,4.0,4.5,4.7,0.9,0.3,3.6,3.1,24.9,,2018
7.0,Devin Booker,22.0,PHO,SG,64.0,64.0,35.0,9.2,19.6,0.467,2.1,6.5,0.326,7.0,13.1,0.536,0.521,6.1,7.1,0.866,0.6,3.5,4.1,6.8,0.9,0.2,4.1,3.1,26.6,,2019
10.0,Devin Booker,23.0,PHO,SG,70.0,70.0,35.9,9.0,18.3,0.489,2.0,5.7,0.354,6.9,12.6,0.549,0.544,6.7,7.3,0.919,0.4,3.8,4.2,6.5,0.7,0.3,3.8,3.0,26.6,,2020
14.0,Devin Booker,24.0,PHO,SG,67.0,67.0,33.9,9.3,19.2,0.484,1.9,5.5,0.34,7.4,13.7,0.543,0.533,5.1,5.9,0.867,0.5,3.7,4.2,4.3,0.8,0.2,3.1,2.7,25.6,,2021
12.0,Devin Booker,25.0,PHO,SG,68.0,68.0,34.5,9.7,20.9,0.466,2.7,7.0,0.383,7.0,13.9,0.508,0.53,4.6,5.3,0.868,0.7,4.4,5.0,4.8,1.1,0.4,2.4,2.6,26.8,,2022
11.0,Devin Booker,26.0,PHO,SG,53.0,53.0,34.6,9.9,20.1,0.494,2.1,6.0,0.351,7.8,14.2,0.554,0.546,5.8,6.8,0.855,0.9,3.7,4.5,5.5,1.0,0.3,2.7,3.0,27.8,,2023
6.0,Devin Booker,27.0,PHO,PG,68.0,68.0,36.0,9.4,19.2,0.492,2.2,6.1,0.364,7.2,13.0,0.552,0.55,6.0,6.7,0.886,0.8,3.7,4.5,6.9,0.9,0.4,2.6,3.0,27.1,,2024
12.0,Devin Booker,28.0,PHO,SG,75.0,75.0,37.3,8.7,18.9,0.461,2.4,7.3,0.332,6.3,11.6,0.542,0.525,5.8,6.4,0.894,1.0,3.1,4.1,7.1,0.9,0.2,2.9,2.6,25.6,,2025
184.0,Devin Cannady,25.0,ORL,PG,5.0,0.0,29.0,3.0,8.8,0.341,3.0,7.4,0.405,0.0,1.4,0.0,0.511,1.0,1.4,0.714,0.2,1.0,1.2,2.0,1.0,0.6,1.0,1.8,10.0,,2022
186.0,Devin Harris,31.0,DAL,PG,76.0,3.0,22.2,2.9,6.9,0.418,1.3,3.5,0.357,1.6,3.4,0.481,0.509,1.7,2.1,0.815,0.2,1.6,1.8,3.1,1.0,0.2,1.1,1.9,8.8,,2015
216.0,Devin Harris,32.0,DAL,PG,64.0,0.0,20.0,2.6,5.8,0.447,0.8,2.5,0.329,1.8,3.4,0.532,0.516,1.6,2.2,0.721,0.3,1.9,2.2,1.8,0.9,0.2,1.0,1.9,7.6,,2016
251.0,Devin Harris,33.0,DAL,PG,65.0,0.0,16.7,2.1,5.2,0.399,0.9,2.7,0.328,1.2,2.5,0.476,0.484,1.6,2.0,0.829,0.2,1.8,2.0,2.1,0.7,0.1,0.9,1.6,6.7,,2017
210.0,Devin Harris,34.0,DEN,PG,27.0,0.0,19.7,2.6,6.3,0.406,1.3,3.8,0.343,1.3,2.5,0.5,0.509,1.8,2.1,0.845,0.1,1.4,1.6,2.5,0.5,0.1,1.0,2.0,8.2,,2018
302.0,Devin Harris,35.0,DAL,PG,68.0,2.0,15.8,1.9,5.1,0.38,0.9,2.9,0.31,1.0,2.2,0.476,0.47,1.5,2.0,0.761,0.2,1.5,1.6,1.8,0.5,0.2,0.8,2.0,6.3,,2019
345.0,Devin Vassell,20.0,SAS,SF,62.0,7.0,17.0,2.0,4.9,0.406,0.8,2.4,0.347,1.1,2.5,0.464,0.492,0.7,0.8,0.843,0.4,2.4,2.8,0.9,0.7,0.3,0.4,1.4,5.5,,2021
129.0,Devin Vassell,21.0,SAS,SF,71.0,32.0,27.3,4.6,10.8,0.427,1.9,5.4,0.361,2.7,5.4,0.492,0.516,1.2,1.4,0.838,0.6,3.7,4.3,1.9,1.1,0.6,0.8,2.0,12.3,,2022
67.0,Devin Vassell,22.0,SAS,SG,38.0,32.0,31.0,6.9,15.7,0.439,2.7,7.0,0.387,4.2,8.7,0.48,0.525,2.1,2.6,0.78,0.2,3.7,3.9,3.6,1.1,0.4,1.5,1.5,18.5,,2023
57.0,Devin Vassell,23.0,SAS,SG,68.0,62.0,33.1,7.3,15.5,0.472,2.4,6.6,0.372,4.9,9.0,0.544,0.55,2.4,3.0,0.801,0.4,3.4,3.8,4.1,1.1,0.3,1.6,1.1,19.5,,2024
84.0,Devin Vassell,24.0,SAS,SG,64.0,53.0,31.0,6.2,13.9,0.443,2.5,6.7,0.368,3.7,7.2,0.513,0.532,1.5,1.9,0.792,0.5,3.5,4.0,2.9,1.3,0.5,1.4,1.7,16.3,,2025
56.0,Devonte' Graham,24.0,CHO,PG,63.0,53.0,35.1,5.8,15.3,0.382,3.5,9.3,0.373,2.4,6.0,0.397,0.495,3.0,3.7,0.82,0.7,2.7,3.4,7.5,1.0,0.2,2.9,1.8,18.2,,2020
91.0,Devonte' Graham,25.0,CHO,PG,55.0,44.0,30.2,4.6,12.2,0.377,3.3,8.7,0.375,1.3,3.5,0.38,0.51,2.4,2.9,0.842,0.4,2.3,2.7,5.4,0.9,0.1,1.5,1.4,14.8,,2021
135.0,Devonte' Graham,26.0,NOP,PG,76.0,63.0,28.4,3.9,10.7,0.363,2.5,7.4,0.341,1.4,3.3,0.413,0.481,1.6,1.8,0.843,0.5,1.8,2.3,4.2,0.9,0.2,1.4,1.3,11.9,,2022
255.0,Devonte' Graham,27.0,SAS,PG,20.0,8.0,26.4,3.8,10.0,0.38,2.7,7.4,0.358,1.2,2.6,0.442,0.513,2.7,3.6,0.75,0.4,2.2,2.5,4.0,0.8,0.3,1.3,1.6,13.0,,2023
322.0,Dewayne Dedmon,27.0,SAS,C,76.0,37.0,17.5,2.1,3.4,0.622,0.0,0.0,,2.1,3.4,0.622,0.622,0.9,1.2,0.699,1.7,4.8,6.5,0.6,0.5,0.8,0.8,2.4,5.1,,2017
172.0,Dewayne Dedmon,28.0,ATL,C,62.0,46.0,24.9,4.0,7.7,0.524,0.8,2.3,0.355,3.2,5.4,0.595,0.577,1.1,1.4,0.779,1.6,6.3,7.9,1.5,0.6,0.8,1.4,2.6,10.0,,2018
154.0,Dewayne Dedmon,29.0,ATL,C,64.0,52.0,25.1,4.0,8.2,0.492,1.3,3.4,0.382,2.8,4.8,0.57,0.571,1.4,1.8,0.814,1.6,5.9,7.5,1.4,1.1,1.1,1.3,3.3,10.8,,2019
314.0,Dewayne Dedmon,30.0,SAC,C,34.0,10.0,15.9,2.0,5.0,0.404,0.4,2.1,0.197,1.6,2.9,0.55,0.444,0.7,0.8,0.821,1.4,3.6,4.9,0.4,0.4,0.8,1.4,2.7,5.1,,2020
324.0,Dewayne Dedmon,32.0,MIA,C,67.0,15.0,15.9,2.4,4.3,0.566,0.3,0.7,0.404,2.2,3.6,0.597,0.598,1.1,1.5,0.75,1.6,4.2,5.8,0.7,0.4,0.6,1.0,2.6,6.3,,2022
309.0,Deyonta Davis,21.0,MEM,C,62.0,6.0,15.2,2.6,4.3,0.608,0.0,0.0,,2.6,4.3,0.608,0.608,0.6,0.9,0.667,1.2,2.8,4.0,0.6,0.2,0.6,0.5,2.0,5.8,,2018
458.0,Didi Louzada,21.0,NOP,SF,3.0,0.0,18.7,1.0,4.3,0.231,0.7,2.7,0.25,0.3,1.7,0.2,0.308,0.0,0.0,,0.3,0.7,1.0,1.0,0.7,0.0,1.0,1.7,2.7,,2021
436.0,Didi Louzada,22.0,POR,SG,7.0,1.0,17.4,1.7,4.3,0.4,1.3,2.9,0.45,0.4,1.4,0.3,0.55,0.3,0.3,1.0,0.4,1.7,2.1,0.6,0.3,0.3,0.7,1.9,5.0,,2022
151.0,Dillon Brooks,22.0,MEM,SF,82.0,74.0,28.7,4.1,9.4,0.44,1.1,3.2,0.356,3.0,6.2,0.484,0.501,1.5,2.0,0.747,0.6,2.5,3.1,1.6,0.9,0.2,1.5,2.8,11.0,,2018
246.0,Dillon Brooks,23.0,MEM,SF,18.0,0.0,18.3,2.7,6.8,0.402,0.8,2.2,0.375,1.9,4.6,0.415,0.463,1.2,1.7,0.733,0.5,1.2,1.7,0.9,0.6,0.2,1.1,2.8,7.5,,2019
71.0,Dillon Brooks,24.0,MEM,SG,73.0,73.0,28.9,6.0,14.6,0.407,2.0,5.6,0.358,3.9,9.0,0.438,0.476,2.2,2.8,0.808,0.9,2.4,3.3,2.1,0.9,0.4,1.7,3.8,16.2,,2020
63.0,Dillon Brooks,25.0,MEM,SF,67.0,67.0,29.8,6.4,15.4,0.419,1.9,5.6,0.344,4.5,9.8,0.461,0.481,2.4,2.9,0.815,0.8,2.1,2.9,2.3,1.2,0.4,1.8,3.5,17.2,,2021
49.0,Dillon Brooks,26.0,MEM,SF,32.0,31.0,27.7,7.1,16.4,0.432,1.4,4.7,0.309,5.7,11.8,0.48,0.475,2.8,3.3,0.849,0.9,2.3,3.2,2.8,1.1,0.3,1.6,3.3,18.4,,2022
105.0,Dillon Brooks,27.0,MEM,SF,73.0,73.0,30.3,5.4,13.6,0.396,2.0,6.0,0.326,3.4,7.6,0.451,0.468,1.6,2.1,0.779,0.6,2.7,3.3,2.6,0.9,0.2,1.4,3.3,14.3,,2023
126.0,Dillon Brooks,28.0,HOU,SF,72.0,72.0,30.9,4.6,10.7,0.428,1.8,5.1,0.359,2.7,5.5,0.492,0.515,1.7,2.0,0.844,0.7,2.7,3.4,1.7,0.9,0.1,1.2,3.3,12.7,,2024
112.0,Dillon Brooks,29.0,HOU,SF,75.0,75.0,31.8,5.1,11.9,0.429,2.5,6.3,0.397,2.6,5.7,0.465,0.533,1.3,1.6,0.818,1.0,2.7,3.7,1.7,0.8,0.2,1.0,3.2,14.0,,2025
116.0,Dion Waiters,23.0,OKC,SG,47.0,20.0,30.3,5.0,12.9,0.392,1.1,3.4,0.319,4.0,9.4,0.419,0.435,1.5,2.4,0.625,0.6,2.3,2.9,1.9,1.0,0.2,1.3,2.0,12.7,,2015
158.0,Dion Waiters,24.0,OKC,SG,78.0,15.0,27.6,3.6,9.1,0.399,1.1,3.1,0.358,2.5,6.0,0.421,0.46,1.4,2.0,0.713,0.5,2.1,2.6,2.0,1.0,0.2,1.5,1.8,9.8,,2016
56.0,Dion Waiters,25.0,MIA,SG,46.0,43.0,30.1,6.1,14.4,0.424,1.8,4.7,0.395,4.3,9.7,0.438,0.488,1.8,2.8,0.646,0.4,2.9,3.3,4.3,0.9,0.4,2.2,2.1,15.8,,2017
81.0,Dion Waiters,26.0,MIA,SG,30.0,30.0,30.6,5.4,13.7,0.398,1.7,5.7,0.306,3.7,8.0,0.463,0.461,1.7,2.3,0.739,0.3,2.3,2.6,3.8,0.8,0.3,2.3,2.0,14.3,,2018
127.0,Dion Waiters,27.0,MIA,SG,44.0,28.0,25.9,4.5,10.9,0.414,2.5,6.6,0.377,2.0,4.3,0.471,0.528,0.5,1.0,0.5,0.2,2.5,2.6,2.8,0.7,0.2,1.5,1.6,12.0,,2019
31.0,Dirk Nowitzki,36.0,DAL,PF,77.0,77.0,29.6,6.3,13.8,0.459,1.4,3.6,0.38,5.0,10.2,0.486,0.508,3.3,3.8,0.882,0.6,5.4,5.9,1.9,0.5,0.4,1.1,2.1,17.3,,2015
32.0,Dirk Nowitzki,37.0,DAL,PF,75.0,75.0,31.5,6.6,14.8,0.448,1.7,4.6,0.368,5.0,10.3,0.483,0.504,3.3,3.7,0.893,0.7,5.8,6.5,1.8,0.7,0.7,1.1,2.1,18.3,,2016
74.0,Dirk Nowitzki,38.0,DAL,PF,54.0,54.0,26.4,5.5,12.6,0.437,1.5,3.9,0.378,4.0,8.7,0.463,0.495,1.8,2.1,0.875,0.4,6.1,6.5,1.5,0.6,0.7,0.9,2.1,14.2,,2017
131.0,Dirk Nowitzki,39.0,DAL,C,77.0,77.0,24.7,4.5,9.8,0.456,1.8,4.4,0.409,2.7,5.5,0.494,0.547,1.3,1.4,0.898,0.3,5.4,5.7,1.6,0.6,0.6,0.7,1.9,12.0,,2018
256.0,Dirk Nowitzki,40.0,DAL,PF,51.0,20.0,15.6,2.6,7.4,0.359,1.3,4.0,0.312,1.4,3.4,0.415,0.444,0.8,1.0,0.78,0.1,3.0,3.1,0.7,0.2,0.4,0.4,1.5,7.3,,2019
291.0,Domantas Sabonis,20.0,OKC,PF,81.0,66.0,20.1,2.4,5.9,0.399,0.6,2.0,0.321,1.7,4.0,0.438,0.452,0.5,0.8,0.657,0.6,3.0,3.6,1.0,0.5,0.4,1.0,2.5,5.9,,2017
141.0,Domantas Sabonis,21.0,IND,C,74.0,19.0,24.5,4.6,8.9,0.514,0.2,0.5,0.351,4.4,8.4,0.524,0.524,2.3,3.0,0.75,2.2,5.5,7.7,2.0,0.5,0.4,1.9,3.0,11.6,,2018
92.0,Domantas Sabonis,22.0,IND,C,74.0,5.0,24.8,5.6,9.5,0.59,0.1,0.2,0.529,5.5,9.2,0.592,0.596,2.8,3.9,0.715,2.5,6.8,9.3,2.9,0.6,0.4,2.2,3.2,14.1,,2019
54.0,Domantas Sabonis,23.0,IND,PF,62.0,62.0,34.8,7.4,13.7,0.54,0.3,1.1,0.254,7.1,12.6,0.565,0.55,3.5,4.8,0.723,3.0,9.4,12.4,5.0,0.8,0.5,2.7,3.1,18.5,,2020
41.0,Domantas Sabonis,24.0,IND,PF,62.0,62.0,36.0,7.8,14.6,0.535,0.8,2.6,0.321,7.0,12.0,0.582,0.564,3.9,5.3,0.732,2.4,9.5,12.0,6.7,1.2,0.5,3.4,3.3,20.3,,2021
46.0,Domantas Sabonis,25.0,SAC,PF,15.0,15.0,33.6,7.5,13.5,0.554,0.3,1.1,0.235,7.2,12.3,0.584,0.564,3.7,4.9,0.743,3.1,9.3,12.3,5.8,0.9,0.3,3.5,3.8,18.9,,2022
64.0,Domantas Sabonis,26.0,SAC,C,79.0,79.0,34.6,7.3,11.9,0.615,0.4,1.1,0.373,6.9,10.8,0.639,0.632,4.1,5.5,0.742,3.2,9.1,12.3,7.3,0.8,0.5,2.9,3.5,19.1,,2023
58.0,Domantas Sabonis,27.0,SAC,C,82.0,82.0,35.7,7.7,13.0,0.594,0.4,1.1,0.379,7.3,12.0,0.613,0.609,3.6,5.1,0.704,3.6,10.1,13.7,8.2,0.9,0.6,3.3,3.0,19.4,,2024
55.0,Domantas Sabonis,28.0,SAC,C,70.0,70.0,34.7,7.5,12.8,0.59,0.9,2.2,0.417,6.6,10.5,0.627,0.627,3.1,4.1,0.754,3.8,10.1,13.9,6.0,0.7,0.4,2.9,3.3,19.1,,2025
229.0,Donald Sloan,27.0,IND,PG,53.0,21.0,20.9,2.7,6.7,0.408,0.8,2.5,0.313,2.0,4.2,0.464,0.466,1.1,1.5,0.779,0.2,2.5,2.7,3.6,0.4,0.0,1.2,0.9,7.4,,2015
245.0,Donald Sloan,28.0,BRK,PG,61.0,33.0,21.6,2.5,5.7,0.44,0.6,1.6,0.384,1.9,4.1,0.462,0.494,1.3,1.7,0.75,0.3,2.6,2.8,4.4,0.5,0.1,1.3,1.2,7.0,,2016
110.0,Donatas Motiejūnas,24.0,HOU,PF,71.0,62.0,28.7,5.0,9.9,0.504,0.7,1.9,0.368,4.3,8.0,0.536,0.539,1.4,2.3,0.602,1.9,4.0,5.9,1.8,0.8,0.5,1.7,2.9,12.0,,2015
319.0,Donovan Clingan,20.0,POR,C,67.0,37.0,19.8,2.7,5.0,0.539,0.2,0.7,0.286,2.5,4.3,0.582,0.56,0.9,1.6,0.596,3.2,4.6,7.9,1.1,0.5,1.6,1.1,2.8,6.5,,2025
25.0,Donovan Mitchell,21.0,UTA,SG,79.0,71.0,33.4,7.5,17.2,0.437,2.4,7.0,0.34,5.2,10.3,0.502,0.506,3.0,3.8,0.805,0.7,3.1,3.7,3.7,1.5,0.3,2.7,2.7,20.5,,2018
17.0,Donovan Mitchell,22.0,UTA,SG,77.0,77.0,33.7,8.6,19.9,0.432,2.4,6.7,0.362,6.1,13.1,0.468,0.493,4.1,5.1,0.806,0.8,3.3,4.1,4.2,1.4,0.4,2.8,2.7,23.8,,2019
15.0,Donovan Mitchell,23.0,UTA,SG,69.0,69.0,34.3,8.7,19.4,0.449,2.5,6.9,0.366,6.2,12.6,0.494,0.513,4.0,4.7,0.863,0.8,3.6,4.4,4.3,1.0,0.2,2.7,2.5,24.0,,2020
12.0,Donovan Mitchell,24.0,UTA,PG,53.0,53.0,33.4,9.0,20.6,0.438,3.4,8.7,0.386,5.7,11.9,0.476,0.52,5.0,6.0,0.845,0.9,3.5,4.4,5.2,1.0,0.3,2.8,2.2,26.4,,2021
13.0,Donovan Mitchell,25.0,UTA,SG,67.0,67.0,33.8,9.2,20.5,0.448,3.5,9.8,0.355,5.7,10.8,0.533,0.533,4.0,4.7,0.853,0.8,3.4,4.2,5.3,1.5,0.2,3.0,2.4,25.9,,2022
10.0,Donovan Mitchell,26.0,CLE,SG,68.0,68.0,35.8,10.0,20.6,0.484,3.6,9.3,0.386,6.4,11.3,0.566,0.572,4.7,5.4,0.867,0.9,3.3,4.3,4.4,1.5,0.4,2.6,2.5,28.3,,2023
10.0,Donovan Mitchell,27.0,CLE,SG,55.0,55.0,35.3,9.1,19.8,0.462,3.3,9.0,0.368,5.8,10.8,0.539,0.545,5.0,5.8,0.865,0.8,4.3,5.1,6.1,1.8,0.5,2.8,2.1,26.6,,2024
24.0,Donovan Mitchell,28.0,CLE,SG,71.0,71.0,31.4,8.2,18.6,0.443,3.3,8.9,0.368,5.0,9.7,0.512,0.531,4.2,5.1,0.823,0.8,3.7,4.5,5.0,1.3,0.2,2.1,2.0,24.0,,2025
364.0,Donte DiVincenzo,22.0,MIL,SG,27.0,0.0,15.2,1.9,4.6,0.403,0.8,3.1,0.265,1.0,1.5,0.683,0.492,0.3,0.4,0.75,0.6,1.8,2.4,1.1,0.5,0.2,0.7,1.4,4.9,,2019
197.0,Donte DiVincenzo,23.0,MIL,SG,66.0,24.0,23.0,3.5,7.7,0.455,1.3,3.7,0.336,2.3,4.0,0.567,0.536,1.0,1.3,0.733,1.0,3.8,4.8,2.3,1.3,0.3,1.4,1.7,9.2,,2020
175.0,Donte DiVincenzo,24.0,MIL,SG,66.0,66.0,27.5,3.8,9.1,0.42,2.0,5.2,0.379,1.8,3.9,0.475,0.528,0.8,1.1,0.718,1.2,4.5,5.8,3.1,1.1,0.2,1.4,1.7,10.4,,2021
213.0,Donte DiVincenzo,25.0,SAC,SG,25.0,1.0,26.6,3.2,8.7,0.362,2.1,5.8,0.368,1.0,3.0,0.351,0.484,1.9,2.2,0.839,0.9,3.5,4.4,3.6,1.5,0.2,1.8,1.7,10.3,,2022
197.0,Donte DiVincenzo,26.0,GSW,SG,72.0,36.0,26.3,3.3,7.5,0.435,2.1,5.3,0.397,1.2,2.3,0.525,0.574,0.8,1.0,0.817,1.1,3.4,4.5,3.5,1.3,0.1,1.6,1.8,9.4,,2023
89.0,Donte DiVincenzo,27.0,NYK,SG,81.0,63.0,29.1,5.5,12.4,0.443,3.5,8.7,0.401,2.0,3.7,0.542,0.584,1.1,1.4,0.754,0.8,2.9,3.7,2.7,1.3,0.4,1.4,2.0,15.5,,2024
150.0,Donte DiVincenzo,28.0,MIN,SG,62.0,10.0,25.9,4.0,9.6,0.422,2.8,7.1,0.397,1.2,2.5,0.49,0.568,0.8,1.0,0.778,0.5,3.2,3.7,3.6,1.2,0.3,1.6,1.8,11.7,,2025
361.0,Dorian Finney-Smith,23.0,DAL,PF,81.0,35.0,20.3,1.5,4.1,0.372,0.7,2.4,0.293,0.8,1.8,0.479,0.456,0.6,0.8,0.754,0.7,2.1,2.7,0.8,0.6,0.3,0.6,1.5,4.3,,2017
307.0,Dorian Finney-Smith,24.0,DAL,PF,21.0,13.0,21.3,2.2,5.8,0.38,1.0,3.2,0.299,1.2,2.6,0.481,0.463,0.5,0.7,0.733,1.0,2.5,3.6,1.2,0.5,0.2,1.0,2.0,5.9,,2018
247.0,Dorian Finney-Smith,25.0,DAL,SF,81.0,26.0,24.5,2.8,6.5,0.432,1.0,3.1,0.311,1.8,3.4,0.544,0.507,0.9,1.3,0.709,1.7,3.1,4.8,1.2,0.9,0.4,0.9,2.3,7.5,,2019
186.0,Dorian Finney-Smith,26.0,DAL,PF,71.0,68.0,29.9,3.4,7.4,0.466,1.6,4.3,0.376,1.8,3.1,0.589,0.575,1.1,1.5,0.722,2.0,3.7,5.7,1.6,0.6,0.5,1.0,2.5,9.5,,2020
187.0,Dorian Finney-Smith,27.0,DAL,PF,60.0,60.0,32.0,3.7,7.8,0.472,2.0,5.0,0.394,1.7,2.7,0.616,0.6,0.5,0.7,0.756,1.6,3.8,5.4,1.7,0.9,0.4,0.8,2.3,9.8,,2021
154.0,Dorian Finney-Smith,28.0,DAL,PF,80.0,80.0,33.1,4.1,8.7,0.471,2.2,5.4,0.395,1.9,3.2,0.599,0.595,0.7,1.0,0.675,1.5,3.2,4.7,1.9,1.1,0.5,1.0,2.3,11.0,,2022
231.0,Dorian Finney-Smith,29.0,DAL,PF,40.0,40.0,32.2,3.2,7.8,0.416,1.9,5.4,0.355,1.3,2.3,0.559,0.54,0.8,1.0,0.75,1.7,3.0,4.7,1.5,1.0,0.5,0.9,2.0,9.1,,2023
214.0,Dorian Finney-Smith,30.0,BRK,PF,68.0,56.0,28.4,3.2,7.5,0.421,1.7,4.9,0.348,1.4,2.6,0.56,0.535,0.5,0.7,0.717,1.6,3.1,4.7,1.6,0.8,0.6,0.9,2.2,8.5,,2024
237.0,Dorian Finney-Smith,31.0,LAL,PF,43.0,20.0,28.8,2.8,6.4,0.442,1.9,4.8,0.398,0.9,1.6,0.571,0.591,0.3,0.5,0.714,1.1,2.5,3.6,1.4,0.9,0.3,0.9,1.9,7.9,,2025
164.0,Doug McDermott,24.0,CHI,SF,81.0,4.0,23.0,3.6,8.0,0.452,1.4,3.2,0.425,2.2,4.8,0.47,0.537,0.9,1.0,0.857,0.5,2.0,2.4,0.7,0.2,0.1,0.7,1.6,9.4,,2016
178.0,Doug McDermott,25.0,OKC,SF,22.0,1.0,19.5,2.5,5.6,0.452,1.0,2.6,0.362,1.6,3.0,0.53,0.536,0.5,0.8,0.706,0.3,2.0,2.2,0.6,0.1,0.0,0.3,1.0,6.6,,2017
232.0,Doug McDermott,26.0,NYK,SF,55.0,1.0,21.3,2.7,6.0,0.46,1.0,2.5,0.387,1.8,3.5,0.513,0.541,0.7,1.0,0.755,0.6,1.8,2.4,0.9,0.2,0.2,0.6,1.3,7.2,,2018
255.0,Doug McDermott,27.0,IND,SF,77.0,1.0,17.4,2.7,5.5,0.491,1.1,2.7,0.408,1.6,2.8,0.569,0.59,0.9,1.0,0.835,0.2,1.2,1.4,0.9,0.2,0.1,0.5,1.4,7.3,,2019
170.0,Doug McDermott,28.0,IND,PF,69.0,0.0,19.9,3.9,7.9,0.488,1.9,4.3,0.435,2.0,3.7,0.549,0.605,0.7,0.8,0.828,0.4,2.1,2.5,1.1,0.2,0.1,0.6,1.7,10.3,,2020
109.0,Doug McDermott,29.0,IND,PF,66.0,29.0,24.5,5.4,10.1,0.532,1.7,4.3,0.388,3.7,5.7,0.641,0.616,1.2,1.5,0.816,0.9,2.4,3.3,1.3,0.3,0.1,0.8,1.8,13.6,,2021
148.0,Doug McDermott,30.0,SAS,PF,51.0,51.0,24.0,4.2,9.1,0.462,2.1,5.0,0.422,2.1,4.1,0.512,0.578,0.8,1.0,0.784,0.4,1.9,2.3,1.3,0.3,0.1,0.8,1.5,11.3,,2022
171.0,Doug McDermott,31.0,SAS,SF,64.0,0.0,20.5,3.7,8.2,0.457,1.9,4.7,0.413,1.8,3.5,0.516,0.575,0.8,1.1,0.757,0.4,1.8,2.2,1.4,0.2,0.1,0.9,1.8,10.2,,2023
315.0,Doug McDermott,32.0,SAS,SF,46.0,0.0,15.2,2.1,4.7,0.442,1.7,3.8,0.439,0.4,0.9,0.452,0.619,0.2,0.4,0.588,0.2,0.9,1.0,1.2,0.2,0.0,0.5,1.0,6.0,,2024
280.0,Dragan Bender,20.0,PHO,PF,82.0,37.0,25.2,2.3,5.9,0.386,1.4,3.9,0.366,0.8,2.0,0.426,0.508,0.5,0.6,0.765,0.5,3.9,4.4,1.6,0.3,0.6,1.4,2.0,6.5,,2018
355.0,Dragan Bender,21.0,PHO,PF,46.0,27.0,18.0,1.9,4.3,0.447,0.5,2.2,0.218,1.4,2.1,0.688,0.503,0.7,1.2,0.593,0.7,3.2,4.0,1.2,0.4,0.5,0.8,2.0,5.0,,2019
121.0,Draymond Green,24.0,GSW,PF,79.0,79.0,31.5,4.3,9.7,0.443,1.4,4.2,0.337,2.9,5.5,0.523,0.516,1.7,2.5,0.66,1.4,6.7,8.2,3.7,1.6,1.3,1.7,3.2,11.7,,2015
79.0,Draymond Green,25.0,GSW,PF,81.0,81.0,34.7,5.0,10.1,0.49,1.2,3.2,0.388,3.7,6.9,0.537,0.551,2.8,4.1,0.696,1.7,7.8,9.5,7.4,1.5,1.4,3.2,3.0,14.0,,2016
143.0,Draymond Green,26.0,GSW,PF,76.0,76.0,32.5,3.6,8.6,0.418,1.1,3.5,0.308,2.5,5.1,0.494,0.481,2.0,2.8,0.709,1.3,6.6,7.9,7.0,2.0,1.4,2.4,2.9,10.2,,2017
152.0,Draymond Green,27.0,GSW,PF,70.0,70.0,32.7,4.0,8.8,0.454,1.1,3.7,0.301,2.9,5.2,0.562,0.516,1.9,2.5,0.775,1.1,6.6,7.6,7.3,1.4,1.3,2.9,2.6,11.0,,2018
250.0,Draymond Green,28.0,GSW,PF,66.0,66.0,31.3,2.8,6.4,0.445,0.7,2.5,0.285,2.1,3.9,0.549,0.501,1.0,1.4,0.692,0.9,6.4,7.3,6.9,1.4,1.1,2.6,3.0,7.4,,2019
234.0,Draymond Green,29.0,GSW,PF,43.0,43.0,28.4,2.9,7.3,0.389,0.8,3.0,0.279,2.0,4.3,0.465,0.446,1.5,1.9,0.759,0.5,5.7,6.2,6.2,1.4,0.8,2.3,2.6,8.0,,2020
284.0,Draymond Green,30.0,GSW,PF,63.0,63.0,31.5,2.7,6.0,0.447,0.5,2.0,0.27,2.2,4.0,0.535,0.492,1.1,1.4,0.795,0.9,6.2,7.1,8.9,1.7,0.8,3.0,3.1,7.0,,2021
275.0,Draymond Green,31.0,GSW,PF,46.0,44.0,28.9,2.9,5.6,0.525,0.3,1.2,0.296,2.6,4.4,0.586,0.556,1.3,2.0,0.659,1.0,6.3,7.3,7.0,1.3,1.1,3.0,3.0,7.5,,2022
229.0,Draymond Green,32.0,GSW,PF,73.0,73.0,31.5,3.4,6.5,0.527,0.5,1.8,0.305,2.9,4.7,0.612,0.57,1.1,1.5,0.713,0.9,6.3,7.2,6.8,1.0,0.8,2.8,3.1,8.5,,2023
210.0,Draymond Green,33.0,GSW,PF,55.0,52.0,27.1,3.4,6.8,0.497,0.9,2.3,0.395,2.4,4.4,0.551,0.566,1.0,1.3,0.73,1.4,5.9,7.2,6.0,1.0,0.9,2.5,3.0,8.6,,2024
224.0,Draymond Green,34.0,GSW,PF,68.0,66.0,29.2,3.2,7.5,0.424,1.2,3.6,0.325,2.0,3.9,0.517,0.503,1.5,2.2,0.687,1.1,5.0,6.1,5.6,1.5,1.0,2.6,3.2,9.0,,2025
296.0,Drew Eubanks,25.0,POR,C,78.0,28.0,20.3,2.7,4.3,0.641,0.1,0.2,0.389,2.7,4.1,0.655,0.651,1.1,1.6,0.664,1.7,3.7,5.4,1.3,0.5,1.3,0.9,2.2,6.6,,2023
339.0,Drew Eubanks,26.0,PHO,C,75.0,6.0,15.6,2.0,3.4,0.601,0.0,0.0,1.0,2.0,3.3,0.596,0.607,1.0,1.2,0.774,1.4,2.9,4.3,0.8,0.4,0.8,0.8,1.5,5.1,,2024
391.0,Drew Eubanks,27.0,UTA,C,37.0,4.0,15.4,2.4,3.9,0.607,0.1,0.1,0.6,2.3,3.8,0.607,0.617,1.0,1.5,0.632,1.1,3.5,4.5,1.2,0.3,0.9,0.8,1.2,5.8,,2025
303.0,Drew Gooden,33.0,WAS,PF,51.0,7.0,16.9,2.2,5.4,0.399,0.5,1.2,0.39,1.7,4.3,0.401,0.44,0.7,0.9,0.773,1.4,3.0,4.4,1.0,0.4,0.2,0.5,1.8,5.4,,2015
143.0,Drew Timme,24.0,BRK,PF,9.0,2.0,28.2,5.0,11.3,0.441,1.0,3.9,0.257,4.0,7.4,0.537,0.485,1.1,1.8,0.625,1.9,5.3,7.2,2.2,0.4,0.1,1.7,2.3,12.1,,2025
337.0,Dru Smith,27.0,MIA,SG,14.0,1.0,19.1,2.2,4.4,0.508,1.1,2.1,0.533,1.1,2.2,0.484,0.639,0.6,0.9,0.75,0.9,1.7,2.6,1.6,1.5,0.4,1.2,2.1,6.2,,2025
192.0,Duane Washington Jr.,21.0,IND,PG,48.0,7.0,20.2,3.6,8.9,0.405,1.7,4.5,0.377,1.9,4.4,0.434,0.5,1.0,1.3,0.754,0.1,1.6,1.7,1.8,0.5,0.1,1.2,1.4,9.9,,2022
280.0,Duje Dukan,24.0,SAC,SF,1.0,0.0,24.0,2.0,10.0,0.2,2.0,5.0,0.4,0.0,5.0,0.0,0.3,0.0,0.0,,2.0,2.0,4.0,1.0,1.0,0.0,0.0,2.0,6.0,,2016
107.0,Duncan Robinson,25.0,MIA,SG,73.0,68.0,29.7,4.4,9.4,0.47,3.7,8.3,0.446,0.7,1.1,0.654,0.667,0.9,1.0,0.931,0.1,3.0,3.2,1.4,0.5,0.3,1.0,2.6,13.5,,2020
119.0,Duncan Robinson,26.0,MIA,SF,72.0,72.0,31.4,4.4,10.0,0.439,3.5,8.5,0.408,0.9,1.4,0.625,0.614,0.9,1.0,0.827,0.1,3.4,3.5,1.8,0.6,0.3,1.1,2.5,13.1,,2021
156.0,Duncan Robinson,27.0,MIA,SG,79.0,68.0,25.9,3.7,9.2,0.399,2.9,7.9,0.372,0.7,1.3,0.569,0.559,0.6,0.8,0.836,0.3,2.3,2.6,1.6,0.5,0.2,0.8,2.5,10.9,,2022
309.0,Duncan Robinson,28.0,MIA,SF,42.0,1.0,16.5,2.1,5.6,0.371,1.5,4.6,0.328,0.6,1.1,0.556,0.504,0.7,0.8,0.906,0.2,1.5,1.6,1.1,0.3,0.0,0.7,1.8,6.4,,2023
125.0,Duncan Robinson,29.0,MIA,SF,68.0,36.0,28.0,4.5,9.9,0.45,2.8,7.0,0.395,1.7,3.0,0.579,0.589,1.2,1.3,0.889,0.2,2.3,2.5,2.8,0.7,0.2,1.4,2.4,12.9,,2024
162.0,Duncan Robinson,30.0,MIA,SF,74.0,37.0,24.1,3.9,9.0,0.437,2.6,6.5,0.393,1.4,2.4,0.556,0.581,0.6,0.7,0.887,0.2,2.0,2.3,2.4,0.5,0.1,1.2,1.8,11.0,,2025
202.0,Duop Reath,27.0,POR,C,68.0,20.0,17.9,3.4,7.3,0.461,1.3,3.6,0.359,2.1,3.7,0.559,0.549,1.0,1.4,0.742,1.4,2.3,3.7,1.0,0.5,0.6,0.8,2.4,9.1,,2024
252.0,Dwayne Bacon,23.0,CHO,SG,43.0,13.0,17.7,2.8,6.0,0.475,0.9,2.0,0.437,2.0,4.0,0.494,0.549,0.8,1.1,0.739,0.2,1.9,2.1,1.1,0.3,0.1,0.4,1.7,7.3,,2019
323.0,Dwayne Bacon,24.0,CHO,SG,39.0,11.0,17.6,2.2,6.3,0.348,0.5,1.7,0.284,1.7,4.5,0.373,0.387,0.9,1.4,0.66,0.4,2.2,2.6,1.3,0.6,0.1,0.9,1.3,5.7,,2020
166.0,Dwayne Bacon,25.0,ORL,SG,72.0,50.0,25.7,4.1,10.1,0.402,0.8,2.9,0.285,3.2,7.2,0.449,0.443,2.0,2.4,0.824,0.4,2.7,3.1,1.3,0.6,0.1,0.6,1.4,10.9,,2021
188.0,Dwight Buycks,25.0,LAL,PG,6.0,0.0,20.5,3.0,6.7,0.45,1.2,1.8,0.636,1.8,4.8,0.379,0.538,1.5,1.7,0.9,0.3,1.7,2.0,2.3,0.5,0.0,2.0,0.5,8.7,,2015
56.0,Dwight Howard,29.0,HOU,C,41.0,41.0,29.8,6.1,10.3,0.593,0.0,0.0,0.5,6.1,10.3,0.594,0.595,3.5,6.6,0.528,2.7,7.8,10.5,1.2,0.7,1.3,2.8,3.3,15.8,,2015
83.0,Dwight Howard,30.0,HOU,C,71.0,71.0,32.1,5.2,8.5,0.62,0.0,0.1,0.0,5.2,8.4,0.626,0.62,3.3,6.7,0.489,3.4,8.4,11.8,1.4,1.0,1.6,2.3,3.1,13.7,,2016
88.0,Dwight Howard,31.0,ATL,C,74.0,74.0,29.7,5.2,8.3,0.633,0.0,0.0,0.0,5.2,8.3,0.635,0.633,3.1,5.7,0.533,4.0,8.7,12.7,1.4,0.9,1.2,2.3,2.7,13.5,,2017
53.0,Dwight Howard,32.0,CHO,C,81.0,81.0,30.4,6.2,11.2,0.555,0.0,0.1,0.143,6.2,11.2,0.559,0.556,4.1,7.2,0.574,3.1,9.3,12.5,1.3,0.6,1.6,2.6,3.1,16.6,,2018
113.0,Dwight Howard,33.0,WAS,C,9.0,9.0,25.6,4.8,7.7,0.623,0.0,0.0,,4.8,7.7,0.623,0.623,3.2,5.3,0.604,2.7,6.6,9.2,0.4,0.8,0.4,1.8,3.8,12.8,,2019
246.0,Dwight Howard,34.0,LAL,C,69.0,2.0,18.9,2.9,4.0,0.729,0.0,0.1,0.6,2.9,3.9,0.732,0.735,1.6,3.1,0.514,2.5,4.9,7.3,0.7,0.4,1.1,1.2,3.2,7.5,,2020
285.0,Dwight Howard,35.0,PHI,C,69.0,6.0,17.3,2.6,4.4,0.587,0.1,0.3,0.25,2.5,4.1,0.611,0.596,1.8,3.0,0.576,2.8,5.7,8.4,0.9,0.4,0.9,1.6,2.9,7.0,,2021
331.0,Dwight Howard,36.0,LAL,C,60.0,27.0,16.2,2.2,3.7,0.612,0.1,0.3,0.533,2.1,3.4,0.618,0.63,1.6,2.4,0.658,2.0,4.0,5.9,0.6,0.6,0.6,0.8,1.9,6.2,,2022
252.0,Dwight Powell,25.0,DAL,C,77.0,3.0,17.3,2.5,4.9,0.515,0.3,1.0,0.284,2.2,3.9,0.571,0.542,1.4,1.8,0.759,1.2,2.8,4.0,0.6,0.8,0.5,0.4,1.8,6.7,,2017
208.0,Dwight Powell,26.0,DAL,C,79.0,24.0,21.2,3.2,5.4,0.593,0.4,1.1,0.333,2.9,4.4,0.656,0.626,1.7,2.3,0.719,1.7,3.9,5.6,1.2,0.8,0.4,0.7,2.4,8.5,,2018
160.0,Dwight Powell,27.0,DAL,C,77.0,22.0,21.6,3.8,6.3,0.597,0.5,1.6,0.307,3.3,4.7,0.699,0.637,2.5,3.3,0.772,1.8,3.5,5.3,1.5,0.6,0.6,0.9,2.6,10.6,,2019
191.0,Dwight Powell,28.0,DAL,C,40.0,37.0,26.5,3.7,5.7,0.638,0.3,1.0,0.256,3.4,4.8,0.716,0.659,1.9,2.8,0.667,1.9,3.8,5.7,1.5,0.9,0.6,0.9,2.6,9.4,,2020
329.0,Dwight Powell,29.0,DAL,C,58.0,19.0,16.7,2.1,3.3,0.619,0.1,0.4,0.238,2.0,3.0,0.665,0.631,1.7,2.1,0.782,1.4,2.7,4.0,1.1,0.6,0.5,0.7,2.3,5.9,,2021
227.0,Dwight Powell,30.0,DAL,C,82.0,71.0,21.9,3.3,4.9,0.671,0.2,0.5,0.351,3.1,4.4,0.703,0.687,2.0,2.6,0.783,2.1,2.8,4.9,1.2,0.5,0.5,0.8,2.7,8.7,,2022
292.0,Dwight Powell,31.0,DAL,C,76.0,64.0,19.2,2.6,3.5,0.732,0.0,0.1,0.0,2.6,3.5,0.746,0.732,1.5,2.2,0.667,2.0,2.2,4.1,0.9,0.6,0.3,0.9,2.8,6.7,,2023
14.0,Dwyane Wade,33.0,MIA,SG,62.0,62.0,31.8,8.2,17.5,0.47,0.5,1.6,0.284,7.7,15.8,0.489,0.483,4.6,6.0,0.768,0.9,2.6,3.5,4.8,1.2,0.3,3.4,1.7,21.5,,2015
30.0,Dwyane Wade,34.0,MIA,SG,74.0,73.0,30.5,7.3,16.0,0.456,0.1,0.6,0.159,7.2,15.4,0.468,0.459,4.4,5.5,0.793,1.1,3.0,4.1,4.6,1.1,0.6,2.7,1.6,19.0,,2016
39.0,Dwyane Wade,35.0,CHI,SG,60.0,59.0,29.9,6.9,15.9,0.434,0.8,2.4,0.31,6.2,13.5,0.456,0.457,3.7,4.7,0.794,1.1,3.5,4.5,3.8,1.4,0.7,2.3,1.9,18.3,,2017
146.0,Dwyane Wade,36.0,MIA,SG,21.0,0.0,22.2,4.8,11.8,0.409,0.4,2.0,0.22,4.4,9.8,0.447,0.427,2.0,2.6,0.745,0.5,2.9,3.4,3.1,0.9,0.7,2.3,1.9,12.0,,2018
84.0,Dwyane Wade,37.0,MIA,SG,72.0,2.0,26.2,5.8,13.3,0.433,1.2,3.6,0.33,4.6,9.7,0.472,0.478,2.3,3.2,0.708,1.0,3.0,4.0,4.2,0.8,0.5,2.3,1.6,15.0,,2019
363.0,Dylan Windler,24.0,CLE,SF,31.0,0.0,16.5,1.8,4.2,0.438,0.8,2.5,0.338,1.0,1.7,0.585,0.538,0.7,0.9,0.778,0.6,2.8,3.5,1.1,0.6,0.4,1.0,1.2,5.2,,2021
421.0,Dyson Daniels,19.0,NOP,PG,59.0,11.0,17.7,1.5,3.5,0.418,0.5,1.5,0.314,1.0,2.1,0.492,0.483,0.4,0.7,0.65,0.6,2.6,3.2,2.3,0.7,0.2,1.0,1.7,3.8,,2023
306.0,Dyson Daniels,20.0,NOP,PG,61.0,16.0,22.3,2.3,5.1,0.447,0.7,2.2,0.311,1.6,2.9,0.551,0.514,0.6,0.9,0.642,1.0,2.9,3.9,2.7,1.4,0.4,1.0,1.7,5.8,,2024
108.0,Dyson Daniels,21.0,ATL,SG,76.0,76.0,33.8,6.0,12.1,0.493,1.1,3.1,0.34,4.9,9.1,0.545,0.536,1.1,1.8,0.593,1.6,4.3,5.9,4.4,3.0,0.7,2.0,2.3,14.1,,2025
228.0,Dāvis Bertāns,26.0,SAS,PF,76.0,12.0,21.5,2.7,6.0,0.45,1.9,4.4,0.429,0.8,1.5,0.513,0.61,0.7,0.8,0.883,0.3,3.2,3.5,1.3,0.5,0.4,0.6,1.8,8.0,,2019
80.0,Dāvis Bertāns,27.0,WAS,PF,54.0,4.0,29.3,4.9,11.3,0.434,3.7,8.7,0.424,1.2,2.6,0.471,0.598,1.9,2.3,0.852,0.6,3.9,4.5,1.7,0.7,0.6,1.1,2.6,15.4,,2020
148.0,Dāvis Bertāns,28.0,WAS,PF,57.0,7.0,25.7,3.4,8.4,0.404,3.0,7.5,0.395,0.4,0.9,0.48,0.581,1.8,2.0,0.87,0.3,2.6,2.9,0.9,0.6,0.2,0.6,2.4,11.5,,2021
221.0,E'Twaun Moore,26.0,CHI,SG,59.0,22.0,21.4,3.2,6.6,0.481,0.8,1.8,0.452,2.4,4.8,0.491,0.541,0.4,0.6,0.629,0.3,1.9,2.3,1.7,0.6,0.3,0.9,1.7,7.5,,2016
158.0,E'Twaun Moore,27.0,NOP,SG,73.0,22.0,24.9,3.9,8.5,0.457,1.1,2.8,0.37,2.8,5.6,0.501,0.519,0.8,1.0,0.77,0.5,1.6,2.1,2.2,0.7,0.4,0.8,1.8,9.6,,2017
119.0,E'Twaun Moore,28.0,NOP,SG,82.0,80.0,31.5,5.2,10.1,0.508,1.6,3.7,0.425,3.6,6.5,0.556,0.585,0.6,0.8,0.706,0.7,2.2,2.9,2.3,1.0,0.1,1.2,2.2,12.5,,2018
130.0,E'Twaun Moore,29.0,NOP,SG,53.0,36.0,27.6,4.8,10.0,0.481,1.4,3.3,0.432,3.4,6.7,0.506,0.553,0.8,1.1,0.763,0.7,1.7,2.4,1.9,0.8,0.2,1.1,2.1,11.9,,2019
222.0,E'Twaun Moore,30.0,NOP,SG,56.0,6.0,18.2,3.3,7.8,0.426,1.1,3.0,0.377,2.2,4.8,0.456,0.498,0.6,0.8,0.689,0.6,1.8,2.3,1.4,0.6,0.2,0.7,1.4,8.3,,2020
200.0,Ed Davis,25.0,LAL,PF,79.0,24.0,23.3,3.6,5.9,0.601,0.0,0.0,,3.6,5.9,0.601,0.601,1.2,2.4,0.487,2.9,4.7,7.6,1.2,0.6,1.2,0.7,2.6,8.3,,2015
257.0,Ed Davis,26.0,POR,PF,81.0,0.0,20.8,2.5,4.2,0.611,0.0,0.0,,2.5,4.2,0.611,0.611,1.4,2.5,0.559,2.8,4.6,7.4,1.1,0.7,0.9,0.8,2.5,6.5,,2016
360.0,Ed Davis,27.0,POR,PF,46.0,12.0,17.2,1.6,3.1,0.528,0.0,0.0,,1.6,3.1,0.528,0.528,1.1,1.8,0.617,2.1,3.2,5.3,0.6,0.3,0.5,0.8,3.0,4.3,,2017
335.0,Ed Davis,28.0,POR,C,78.0,0.0,18.9,2.2,3.7,0.582,0.0,0.0,0.0,2.2,3.7,0.584,0.582,0.9,1.4,0.667,2.3,5.0,7.4,0.5,0.4,0.7,0.8,2.4,5.3,,2018
324.0,Ed Davis,29.0,BRK,C,81.0,1.0,17.9,2.3,3.7,0.616,0.0,0.0,0.0,2.3,3.7,0.62,0.616,1.2,2.0,0.617,2.7,5.9,8.6,0.8,0.4,0.4,0.8,2.8,5.8,,2019
267.0,Edmond Sumner,25.0,IND,SG,53.0,24.0,16.2,2.8,5.3,0.525,0.7,1.7,0.398,2.1,3.7,0.582,0.587,1.3,1.6,0.819,0.3,1.4,1.8,0.9,0.6,0.2,1.0,1.7,7.5,,2021
368.0,Edy Tavares,24.0,CLE,C,1.0,0.0,24.0,3.0,4.0,0.75,0.0,0.0,,3.0,4.0,0.75,0.75,0.0,1.0,0.0,4.0,6.0,10.0,1.0,0.0,6.0,2.0,3.0,6.0,,2017
183.0,Elfrid Payton,20.0,ORL,PG,82.0,63.0,30.4,3.7,8.6,0.425,0.1,0.5,0.262,3.5,8.1,0.435,0.433,1.4,2.6,0.551,1.3,3.0,4.3,6.5,1.7,0.2,2.5,2.4,8.9,,2015
133.0,Elfrid Payton,21.0,ORL,PG,73.0,69.0,29.4,4.4,10.0,0.436,0.4,1.3,0.326,3.9,8.7,0.451,0.456,1.5,2.6,0.589,1.1,2.5,3.6,6.4,1.2,0.3,2.4,2.2,10.7,,2016
99.0,Elfrid Payton,22.0,ORL,PG,82.0,58.0,29.4,5.2,11.1,0.471,0.5,1.8,0.274,4.8,9.3,0.509,0.493,1.8,2.6,0.692,1.1,3.6,4.7,6.5,1.1,0.5,2.2,2.2,12.8,,2017
111.0,Elfrid Payton,23.0,PHO,PG,19.0,19.0,29.0,4.8,11.0,0.435,0.3,1.3,0.2,4.5,9.7,0.467,0.447,1.9,2.8,0.685,0.9,4.4,5.3,6.2,1.0,0.3,2.8,2.6,11.8,,2018
159.0,Elfrid Payton,24.0,NOP,PG,42.0,42.0,29.8,4.3,9.8,0.434,0.8,2.5,0.314,3.5,7.3,0.476,0.475,1.3,1.8,0.743,1.2,4.1,5.2,7.6,1.0,0.4,2.7,1.9,10.6,,2019
178.0,Elfrid Payton,25.0,NYK,PG,45.0,36.0,27.7,4.3,9.8,0.439,0.3,1.5,0.203,4.0,8.2,0.482,0.455,1.1,1.9,0.57,1.2,3.6,4.7,7.2,1.6,0.4,2.1,2.0,10.0,,2020
184.0,Elfrid Payton,26.0,NYK,PG,63.0,63.0,23.6,4.3,9.9,0.432,0.4,1.6,0.286,3.8,8.3,0.46,0.455,1.2,1.7,0.682,1.0,2.4,3.4,3.2,0.7,0.1,1.6,1.8,10.1,,2021
449.0,Elfrid Payton,30.0,NOP,PG,18.0,7.0,21.6,2.1,5.6,0.366,0.1,0.3,0.167,2.0,5.3,0.379,0.371,0.2,0.4,0.571,0.8,2.9,3.7,8.1,1.0,0.4,2.9,1.3,4.4,,2025
333.0,Elie Okobo,21.0,PHO,PG,53.0,16.0,18.1,2.2,5.5,0.393,0.7,2.5,0.295,1.4,3.0,0.475,0.46,0.7,0.9,0.787,0.2,1.6,1.8,2.4,0.6,0.1,1.3,2.1,5.7,,2019
76.0,Elijah Bryant,25.0,MIL,SG,1.0,0.0,32.0,6.0,13.0,0.462,1.0,5.0,0.2,5.0,8.0,0.625,0.5,3.0,3.0,1.0,2.0,4.0,6.0,3.0,0.0,1.0,4.0,4.0,16.0,,2021
310.0,Elijah Millsap,27.0,UTA,SG,47.0,5.0,19.7,1.7,5.1,0.34,0.6,1.9,0.311,1.1,3.1,0.358,0.399,1.2,1.8,0.674,0.6,2.6,3.2,1.2,1.2,0.3,1.4,2.6,5.3,,2015
93.0,Emmanuel Mudiay,19.0,DEN,PG,68.0,66.0,30.4,4.8,13.3,0.364,1.1,3.4,0.319,3.8,9.9,0.379,0.404,2.1,3.1,0.67,0.5,2.9,3.4,5.5,1.0,0.5,3.2,2.1,12.8,,2016
121.0,Emmanuel Mudiay,20.0,DEN,PG,55.0,41.0,25.6,3.8,10.0,0.377,1.0,3.2,0.315,2.8,6.8,0.408,0.428,2.4,3.0,0.784,0.5,2.7,3.2,3.9,0.7,0.2,2.2,1.7,11.0,,2017
203.0,Emmanuel Mudiay,21.0,NYK,PG,22.0,14.0,22.4,3.4,9.3,0.368,0.4,2.1,0.196,3.0,7.2,0.418,0.39,1.6,2.3,0.686,0.5,2.2,2.6,3.9,0.9,0.3,1.9,1.5,8.8,,2018
86.0,Emmanuel Mudiay,22.0,NYK,PG,59.0,42.0,27.2,5.6,12.5,0.446,1.2,3.6,0.329,4.4,9.0,0.492,0.493,2.4,3.2,0.774,0.6,2.8,3.3,3.9,0.7,0.3,2.4,1.7,14.8,,2019
258.0,Emmanuel Mudiay,23.0,UTA,PG,54.0,2.0,15.7,2.8,6.1,0.462,0.6,1.6,0.345,2.2,4.4,0.504,0.508,1.2,1.5,0.759,0.3,2.0,2.3,2.1,0.4,0.2,1.4,1.3,7.3,,2020
58.0,Enes Freedom,22.0,UTA,C,49.0,48.0,27.1,5.8,11.9,0.491,0.3,0.8,0.317,5.6,11.0,0.505,0.503,1.9,2.4,0.788,3.0,4.8,7.8,0.5,0.5,0.3,1.9,2.3,13.8,,2015
96.0,Enes Freedom,23.0,OKC,C,82.0,1.0,21.0,5.0,8.8,0.576,0.1,0.3,0.476,4.9,8.5,0.579,0.583,2.4,3.1,0.797,3.0,5.1,8.1,0.4,0.3,0.4,1.4,2.0,12.7,,2016
73.0,Enes Freedom,24.0,OKC,C,72.0,0.0,21.3,5.6,10.2,0.545,0.1,0.5,0.132,5.5,9.7,0.568,0.549,3.1,4.0,0.786,2.7,4.0,6.7,0.9,0.4,0.5,1.7,2.1,14.3,,2017
83.0,Enes Freedom,25.0,NYK,C,71.0,71.0,25.8,5.9,10.0,0.592,0.0,0.0,0.0,5.9,10.0,0.594,0.592,2.2,2.6,0.848,3.8,7.1,11.0,1.5,0.5,0.5,1.7,2.6,14.1,,2018
97.0,Enes Freedom,26.0,POR,C,23.0,8.0,22.3,5.4,9.3,0.577,0.1,0.5,0.25,5.3,8.8,0.596,0.584,2.2,3.0,0.735,3.7,4.9,8.6,1.4,0.6,0.4,1.7,2.7,13.1,,2019
229.0,Enes Freedom,27.0,BOS,C,58.0,7.0,16.9,3.4,6.0,0.572,0.0,0.1,0.143,3.4,5.9,0.581,0.573,1.2,1.7,0.707,2.8,4.6,7.4,1.0,0.4,0.7,1.0,1.7,8.1,,2020
158.0,Enes Freedom,28.0,POR,C,72.0,35.0,24.4,4.7,7.8,0.604,0.0,0.1,0.25,4.7,7.7,0.607,0.605,1.8,2.3,0.774,3.9,7.1,11.0,1.2,0.5,0.7,1.1,2.3,11.2,,2021
36.0,Eric Bledsoe,25.0,PHO,PG,81.0,81.0,34.6,5.8,12.9,0.447,1.1,3.4,0.324,4.7,9.6,0.491,0.489,4.4,5.4,0.8,0.9,4.3,5.2,6.1,1.6,0.6,3.4,2.3,17.0,,2015
22.0,Eric Bledsoe,26.0,PHO,PG,31.0,31.0,34.2,7.2,15.9,0.453,1.5,4.2,0.372,5.6,11.7,0.482,0.502,4.5,5.5,0.802,0.6,3.5,4.0,6.1,2.0,0.6,3.5,2.4,20.4,,2016
28.0,Eric Bledsoe,27.0,PHO,PG,66.0,66.0,33.0,6.8,15.7,0.434,1.6,4.7,0.335,5.2,11.0,0.477,0.485,5.9,6.9,0.847,0.8,4.1,4.8,6.3,1.4,0.5,3.4,2.5,21.1,,2017
41.0,Eric Bledsoe,28.0,PHO,PG,3.0,3.0,27.7,5.3,13.3,0.4,1.3,4.3,0.308,4.0,9.0,0.444,0.45,3.7,4.7,0.786,1.0,1.3,2.3,3.0,1.3,0.7,3.3,2.0,15.7,,2018
69.0,Eric Bledsoe,29.0,MIL,PG,78.0,78.0,29.1,6.0,12.4,0.484,1.6,4.8,0.329,4.4,7.6,0.582,0.548,2.3,3.0,0.75,1.1,3.6,4.6,5.5,1.5,0.4,2.1,2.0,15.9,,2019
89.0,Eric Bledsoe,30.0,MIL,PG,61.0,61.0,27.0,5.5,11.5,0.475,1.2,3.5,0.344,4.3,8.0,0.533,0.528,2.8,3.5,0.79,0.7,3.9,4.6,5.4,0.9,0.4,2.4,2.1,14.9,,2020
139.0,Eric Bledsoe,31.0,NOP,SG,71.0,70.0,29.7,4.3,10.3,0.421,1.7,5.0,0.341,2.6,5.3,0.496,0.503,1.9,2.7,0.687,0.4,3.0,3.4,3.8,0.8,0.3,1.6,1.6,12.2,,2021
189.0,Eric Bledsoe,32.0,LAC,PG,54.0,29.0,25.2,3.6,8.7,0.421,0.9,3.0,0.313,2.7,5.6,0.479,0.475,1.6,2.2,0.761,0.5,2.9,3.4,4.2,1.3,0.4,2.1,1.6,9.9,,2022
85.0,Eric Gordon,26.0,NOP,SG,61.0,60.0,33.1,4.7,11.4,0.411,2.3,5.2,0.448,2.4,6.2,0.38,0.512,1.8,2.2,0.805,0.5,2.1,2.6,3.8,0.8,0.2,2.0,2.4,13.4,,2015
62.0,Eric Gordon,27.0,NOP,SG,45.0,44.0,32.9,5.1,12.3,0.418,2.5,6.5,0.384,2.6,5.7,0.457,0.521,2.5,2.8,0.888,0.2,2.0,2.2,2.7,1.0,0.3,1.6,2.2,15.2,,2016
53.0,Eric Gordon,28.0,HOU,SG,75.0,15.0,31.0,5.5,13.5,0.406,3.3,8.8,0.372,2.2,4.7,0.468,0.527,2.0,2.3,0.84,0.4,2.3,2.7,2.5,0.6,0.5,1.6,2.0,16.2,,2017
38.0,Eric Gordon,29.0,HOU,SG,69.0,30.0,31.2,6.0,14.1,0.428,3.2,8.8,0.359,2.9,5.2,0.544,0.54,2.8,3.5,0.809,0.4,2.1,2.5,2.2,0.6,0.4,1.9,1.7,18.0,,2018
67.0,Eric Gordon,30.0,HOU,SG,68.0,53.0,31.7,5.6,13.8,0.409,3.2,8.8,0.36,2.5,5.0,0.497,0.525,1.8,2.2,0.783,0.3,1.9,2.2,1.9,0.6,0.4,1.3,2.1,16.2,,2019
98.0,Eric Gordon,31.0,HOU,SF,36.0,15.0,28.2,4.8,12.9,0.369,2.7,8.4,0.317,2.1,4.4,0.469,0.473,2.3,3.0,0.766,0.3,1.7,2.0,1.5,0.6,0.4,1.2,1.9,14.4,,2020
58.0,Eric Gordon,32.0,HOU,SG,27.0,13.0,29.2,5.9,13.6,0.433,2.6,7.8,0.329,3.3,5.8,0.573,0.527,3.5,4.2,0.825,0.3,1.9,2.1,2.6,0.5,0.5,1.9,1.6,17.8,,2021
110.0,Eric Gordon,33.0,HOU,SG,57.0,46.0,29.3,4.7,9.9,0.475,2.2,5.3,0.412,2.5,4.6,0.548,0.585,1.8,2.4,0.778,0.3,1.7,2.0,2.7,0.5,0.3,1.9,1.1,13.4,,2022
132.0,Eric Gordon,34.0,LAC,SG,22.0,11.0,24.9,3.7,8.0,0.463,2.1,5.0,0.423,1.5,2.9,0.531,0.597,1.5,1.7,0.842,0.2,1.5,1.7,2.1,0.6,0.4,1.0,1.5,11.0,,2023
157.0,Eric Gordon,35.0,PHO,SG,68.0,24.0,27.8,4.0,9.1,0.443,2.2,5.8,0.378,1.8,3.3,0.561,0.565,0.8,0.9,0.797,0.2,1.6,1.8,2.0,1.0,0.4,1.1,1.2,11.0,,2024
308.0,Eric Gordon,36.0,PHI,SG,39.0,13.0,19.7,2.2,5.2,0.426,1.4,3.5,0.409,0.8,1.7,0.463,0.564,0.9,1.2,0.75,0.2,1.0,1.2,1.7,0.7,0.3,0.7,0.8,6.8,,2025
309.0,Eric Mika,25.0,SAC,C,1.0,0.0,19.0,2.0,3.0,0.667,0.0,0.0,,2.0,3.0,0.667,0.667,2.0,2.0,1.0,2.0,5.0,7.0,0.0,0.0,0.0,0.0,5.0,6.0,,2020
102.0,Eric Paschall,23.0,GSW,PF,60.0,26.0,27.6,5.3,10.7,0.497,0.6,2.2,0.287,4.7,8.5,0.55,0.526,2.7,3.5,0.774,1.4,3.2,4.6,2.1,0.5,0.2,1.6,2.1,14.0,,2020
198.0,Eric Paschall,24.0,GSW,PF,40.0,2.0,17.4,3.7,7.5,0.497,0.5,1.4,0.333,3.3,6.1,0.533,0.527,1.7,2.4,0.713,0.7,2.5,3.2,1.3,0.3,0.2,1.1,1.7,9.5,,2021
128.0,Ersan İlyasova,27.0,MIL,PF,58.0,36.0,22.7,4.5,9.6,0.472,1.3,3.3,0.389,3.3,6.3,0.515,0.539,1.2,1.8,0.645,1.4,3.4,4.8,1.0,0.6,0.3,0.8,2.6,11.5,,2015
138.0,Ersan İlyasova,28.0,ORL,PF,22.0,4.0,20.3,2.9,7.0,0.418,0.8,2.0,0.409,2.1,5.0,0.422,0.477,1.5,2.0,0.711,2.0,3.5,5.5,0.5,0.6,0.3,0.5,2.3,8.1,,2016
94.0,Ersan İlyasova,29.0,PHI,PF,53.0,40.0,27.3,5.4,12.2,0.44,2.0,5.6,0.359,3.4,6.6,0.509,0.522,2.1,2.7,0.768,1.3,4.6,5.9,1.8,0.6,0.3,1.5,2.5,14.8,,2017
154.0,Ersan İlyasova,30.0,PHI,PF,23.0,3.0,24.1,4.0,9.2,0.439,1.3,3.6,0.361,2.7,5.6,0.488,0.509,1.4,2.0,0.733,1.9,4.8,6.7,1.7,0.7,0.4,1.3,2.8,10.8,,2018
277.0,Ersan İlyasova,31.0,MIL,PF,67.0,7.0,18.4,2.5,5.7,0.438,0.9,2.4,0.363,1.6,3.3,0.493,0.514,0.9,1.1,0.824,1.4,3.1,4.5,0.8,0.5,0.3,0.7,2.6,6.8,,2019
281.0,Ersan İlyasova,32.0,MIL,PF,63.0,8.0,15.7,2.3,5.0,0.466,0.8,2.2,0.365,1.5,2.8,0.545,0.546,1.1,1.4,0.828,1.0,3.8,4.8,0.8,0.4,0.3,0.5,1.5,6.6,,2020
107.0,Evan Fournier,22.0,ORL,SG,58.0,32.0,28.6,4.4,9.9,0.44,1.5,3.9,0.378,2.9,6.0,0.48,0.514,1.8,2.5,0.728,0.5,2.2,2.6,2.1,0.7,0.0,1.4,2.0,12.0,,2015
55.0,Evan Fournier,23.0,ORL,SF,79.0,71.0,32.5,5.4,11.8,0.462,2.0,4.9,0.4,3.5,6.8,0.506,0.546,2.5,3.0,0.836,0.4,2.4,2.8,2.7,1.2,0.0,1.7,2.7,15.4,,2016
48.0,Evan Fournier,24.0,ORL,SG,68.0,66.0,32.9,6.0,13.7,0.439,1.9,5.3,0.356,4.1,8.4,0.491,0.508,3.3,4.1,0.805,0.6,2.4,3.1,3.0,1.0,0.1,2.1,2.6,17.2,,2017
40.0,Evan Fournier,25.0,ORL,SF,57.0,57.0,32.2,6.5,14.1,0.459,2.2,5.9,0.379,4.2,8.2,0.516,0.538,2.6,3.0,0.867,0.4,2.8,3.2,2.9,0.8,0.3,1.7,2.4,17.8,,2018
81.0,Evan Fournier,26.0,ORL,SG,81.0,81.0,31.5,5.8,13.2,0.438,1.9,5.6,0.34,3.9,7.6,0.509,0.509,1.7,2.1,0.806,0.5,2.7,3.2,3.6,0.9,0.1,1.9,2.8,15.1,,2019
52.0,Evan Fournier,27.0,ORL,SF,66.0,66.0,31.5,6.6,14.1,0.467,2.6,6.6,0.399,4.0,7.5,0.527,0.56,2.7,3.3,0.818,0.3,2.3,2.6,3.2,1.1,0.2,1.9,2.4,18.5,,2020
65.0,Evan Fournier,28.0,ORL,SF,26.0,26.0,30.3,6.5,14.2,0.461,2.8,7.2,0.388,3.7,7.0,0.536,0.56,3.8,4.7,0.797,0.2,2.7,2.9,3.7,1.0,0.3,2.1,2.1,19.7,,2021
103.0,Evan Fournier,29.0,NYK,SG,80.0,80.0,29.5,5.0,12.1,0.417,3.0,7.7,0.389,2.0,4.3,0.465,0.541,1.0,1.4,0.708,0.4,2.2,2.6,2.1,1.0,0.3,1.3,2.3,14.1,,2022
321.0,Evan Fournier,30.0,NYK,SG,27.0,7.0,17.0,2.1,6.1,0.337,1.3,4.2,0.307,0.8,1.9,0.404,0.443,0.7,0.8,0.857,0.1,1.7,1.8,1.3,0.6,0.1,0.8,1.7,6.1,,2023
92.0,Evan Mobley,20.0,CLE,PF,69.0,69.0,33.8,6.1,12.0,0.508,0.3,1.3,0.25,5.8,10.7,0.541,0.522,2.4,3.7,0.663,2.1,6.2,8.3,2.5,0.8,1.7,1.9,2.1,15.0,,2022
84.0,Evan Mobley,21.0,CLE,PF,79.0,79.0,34.4,6.6,12.0,0.554,0.3,1.3,0.216,6.4,10.7,0.595,0.566,2.6,3.8,0.674,2.4,6.6,9.0,2.8,0.8,1.5,1.8,2.8,16.2,,2023
87.0,Evan Mobley,22.0,CLE,PF,50.0,50.0,30.6,6.4,11.0,0.58,0.4,1.2,0.373,6.0,9.9,0.604,0.6,2.5,3.4,0.719,2.2,7.1,9.4,3.2,0.9,1.4,1.8,2.7,15.7,,2024
63.0,Evan Mobley,23.0,CLE,PF,71.0,71.0,30.5,7.1,12.8,0.557,1.2,3.2,0.37,5.9,9.5,0.621,0.604,3.1,4.3,0.725,2.3,7.0,9.3,3.2,0.9,1.6,2.0,2.0,18.5,,2025
168.0,Evan Turner,26.0,BOS,SG,82.0,57.0,27.6,3.9,9.1,0.429,0.4,1.5,0.277,3.5,7.6,0.458,0.451,1.3,1.7,0.752,0.5,4.6,5.1,5.5,1.0,0.2,2.4,2.2,9.5,,2015
137.0,Evan Turner,27.0,BOS,SG,81.0,12.0,28.0,4.2,9.3,0.456,0.2,1.0,0.241,4.0,8.3,0.482,0.469,1.8,2.2,0.827,0.6,4.3,4.9,4.4,1.0,0.3,2.1,1.7,10.5,,2016
181.0,Evan Turner,28.0,POR,SF,65.0,12.0,25.5,3.6,8.5,0.426,0.5,1.8,0.263,3.1,6.7,0.47,0.454,1.3,1.6,0.825,0.6,3.2,3.8,3.2,0.8,0.4,1.5,1.9,9.0,,2017
219.0,Evan Turner,29.0,POR,SF,79.0,40.0,25.7,3.3,7.3,0.447,0.5,1.7,0.318,2.7,5.6,0.485,0.484,1.2,1.4,0.85,0.4,2.7,3.1,2.2,0.6,0.4,1.3,2.1,8.2,,2018
279.0,Evan Turner,30.0,POR,PG,73.0,2.0,22.0,2.8,6.1,0.46,0.2,0.7,0.212,2.6,5.4,0.494,0.473,1.0,1.5,0.708,0.5,4.0,4.5,3.9,0.5,0.2,1.6,1.5,6.8,,2019
323.0,Facundo Campazzo,29.0,DEN,PG,65.0,19.0,21.9,1.8,4.8,0.381,1.2,3.3,0.352,0.7,1.5,0.444,0.502,1.2,1.4,0.879,0.3,1.7,2.1,3.6,1.2,0.2,1.1,2.0,6.1,,2021
382.0,Facundo Campazzo,30.0,DEN,PG,65.0,4.0,18.2,1.6,4.6,0.361,0.9,3.0,0.301,0.8,1.6,0.476,0.459,0.9,1.2,0.769,0.4,1.4,1.8,3.4,1.0,0.4,1.0,1.9,5.1,,2022
241.0,Festus Ezeli,26.0,GSW,C,46.0,13.0,16.7,2.7,5.0,0.548,0.0,0.0,,2.7,5.0,0.548,0.548,1.5,2.9,0.53,2.0,3.6,5.6,0.7,0.4,1.1,0.8,2.0,7.0,,2016
225.0,Frank Jackson,20.0,NOP,PG,61.0,16.0,19.2,3.2,7.3,0.434,0.9,2.8,0.314,2.3,4.6,0.507,0.493,0.9,1.2,0.74,0.4,1.8,2.2,1.1,0.4,0.0,0.8,1.5,8.1,,2019
188.0,Frank Jackson,22.0,DET,PG,40.0,6.0,18.5,3.4,7.3,0.457,1.5,3.8,0.407,1.8,3.6,0.51,0.561,1.5,1.9,0.813,0.4,1.8,2.2,0.9,0.4,0.0,0.9,1.3,9.8,,2021
166.0,Frank Jackson,23.0,DET,PG,53.0,7.0,22.0,3.7,9.1,0.402,1.6,5.3,0.308,2.0,3.8,0.529,0.491,1.6,2.0,0.827,0.4,1.3,1.6,1.0,0.5,0.2,0.7,1.7,10.6,,2022
220.0,Frank Kaminsky,22.0,CHO,C,81.0,3.0,21.1,2.7,6.5,0.41,0.8,2.5,0.337,1.8,4.0,0.455,0.474,1.3,1.8,0.73,0.9,3.3,4.1,1.2,0.5,0.5,0.7,1.6,7.5,,2016
111.0,Frank Kaminsky,23.0,CHO,C,75.0,16.0,26.1,4.3,10.7,0.399,1.5,4.7,0.328,2.7,6.0,0.455,0.471,1.6,2.1,0.756,0.8,3.7,4.5,2.2,0.6,0.5,1.0,1.9,11.7,,2017
150.0,Frank Kaminsky,24.0,CHO,PF,79.0,4.0,23.2,3.9,9.1,0.429,1.3,3.5,0.38,2.6,5.6,0.459,0.501,2.0,2.5,0.799,0.6,3.1,3.6,1.6,0.5,0.2,0.8,1.2,11.1,,2018
210.0,Frank Kaminsky,25.0,CHO,C,47.0,0.0,16.1,2.9,6.3,0.463,1.1,3.0,0.36,1.9,3.4,0.553,0.547,1.7,2.3,0.738,0.8,2.6,3.5,1.3,0.3,0.3,0.9,1.4,8.6,,2019
184.0,Frank Kaminsky,26.0,PHO,C,39.0,13.0,19.9,3.5,7.9,0.45,1.1,3.2,0.331,2.5,4.7,0.53,0.516,1.6,2.3,0.678,0.9,3.6,4.5,1.9,0.4,0.3,0.9,1.9,9.7,,2020
307.0,Frank Kaminsky,27.0,PHO,C,47.0,13.0,15.2,2.6,5.5,0.471,0.7,1.8,0.365,1.9,3.7,0.523,0.531,0.8,1.3,0.617,0.8,3.2,4.0,1.7,0.3,0.4,0.5,1.5,6.6,,2021
167.0,Frank Kaminsky,28.0,PHO,C,9.0,0.0,20.1,4.0,7.3,0.545,0.6,1.7,0.333,3.4,5.7,0.608,0.583,2.0,2.2,0.9,1.2,3.3,4.6,1.4,0.9,0.8,0.6,1.6,10.6,,2022
229.0,Frank Mason III,23.0,SAC,PG,52.0,2.0,18.9,2.8,7.3,0.379,0.6,1.7,0.36,2.2,5.7,0.384,0.42,1.8,2.2,0.817,0.6,1.9,2.5,2.8,0.7,0.2,1.3,1.4,7.9,,2018
320.0,Frank Mason III,26.0,ORL,PG,4.0,1.0,19.8,2.3,6.0,0.375,0.5,1.3,0.4,1.8,4.8,0.368,0.417,1.3,1.8,0.714,0.8,2.3,3.0,3.0,0.0,0.0,1.3,1.8,6.3,,2021
308.0,Frank Ntilikina,19.0,NYK,PG,78.0,9.0,21.9,2.3,6.4,0.364,0.6,2.0,0.318,1.7,4.4,0.385,0.414,0.6,0.9,0.721,0.5,1.8,2.3,3.2,0.8,0.2,1.7,2.3,5.9,,2018
332.0,Frank Ntilikina,20.0,NYK,PG,43.0,16.0,21.0,2.2,6.6,0.337,0.8,2.7,0.287,1.4,3.9,0.371,0.395,0.5,0.7,0.767,0.3,1.7,2.0,2.8,0.7,0.3,1.3,2.4,5.7,,2019
298.0,Frank Ntilikina,21.0,NYK,PG,57.0,26.0,20.8,2.3,5.8,0.393,0.8,2.4,0.321,1.5,3.4,0.444,0.459,0.9,1.0,0.864,0.4,1.7,2.1,3.0,0.9,0.3,1.2,2.5,6.3,,2020
87.0,Franz Wagner,20.0,ORL,SF,79.0,79.0,30.7,5.8,12.3,0.468,1.2,3.4,0.354,4.6,8.9,0.511,0.517,2.4,2.8,0.863,1.1,3.4,4.5,2.9,0.9,0.4,1.5,2.1,15.2,,2022
66.0,Franz Wagner,21.0,ORL,SF,80.0,80.0,32.6,6.8,14.0,0.485,1.6,4.5,0.361,5.2,9.5,0.544,0.543,3.4,4.0,0.842,0.9,3.2,4.1,3.5,1.0,0.2,2.1,2.3,18.6,,2023
53.0,Franz Wagner,22.0,ORL,SF,72.0,72.0,32.5,7.3,15.2,0.482,1.3,4.6,0.281,6.0,10.6,0.57,0.525,3.8,4.4,0.85,1.0,4.3,5.3,3.7,1.1,0.4,1.9,2.3,19.7,,2024
22.0,Franz Wagner,23.0,ORL,SF,60.0,60.0,33.7,9.0,19.4,0.463,1.7,5.9,0.295,7.2,13.5,0.535,0.507,4.5,5.2,0.871,0.9,4.8,5.7,4.7,1.3,0.4,2.3,2.5,24.2,,2025
205.0,Fred VanVleet,23.0,TOR,PG,76.0,0.0,20.0,3.1,7.2,0.426,1.4,3.4,0.414,1.6,3.7,0.437,0.525,1.1,1.3,0.832,0.3,2.1,2.4,3.2,0.9,0.3,1.0,1.7,8.6,,2018
147.0,Fred VanVleet,24.0,TOR,PG,64.0,28.0,27.5,3.8,9.4,0.41,1.8,4.6,0.378,2.1,4.8,0.441,0.503,1.5,1.8,0.843,0.3,2.3,2.6,4.8,0.9,0.3,1.3,1.7,11.0,,2019
65.0,Fred VanVleet,25.0,TOR,SG,54.0,54.0,35.7,5.9,14.3,0.413,2.7,6.9,0.39,3.2,7.4,0.434,0.507,3.1,3.7,0.848,0.3,3.4,3.8,6.6,1.9,0.3,2.2,2.4,17.6,,2020
47.0,Fred VanVleet,26.0,TOR,SG,52.0,52.0,36.5,6.5,16.7,0.389,3.3,9.2,0.366,3.2,7.6,0.416,0.489,3.3,3.7,0.885,0.6,3.6,4.2,6.3,1.7,0.7,1.8,2.3,19.6,,2021
34.0,Fred VanVleet,27.0,TOR,PG,65.0,65.0,37.9,6.8,16.9,0.403,3.7,9.9,0.377,3.1,7.0,0.44,0.513,3.0,3.4,0.874,0.7,3.8,4.4,6.7,1.7,0.5,2.6,2.5,20.3,,2022
62.0,Fred VanVleet,28.0,TOR,PG,69.0,69.0,36.7,6.3,16.1,0.393,3.0,8.8,0.342,3.3,7.3,0.455,0.486,3.7,4.1,0.898,0.4,3.6,4.1,7.2,1.8,0.6,2.0,2.8,19.3,,2023
69.0,Fred VanVleet,29.0,HOU,PG,73.0,73.0,36.8,5.8,13.9,0.416,3.1,8.0,0.387,2.7,5.9,0.454,0.527,2.7,3.1,0.86,0.5,3.4,3.8,8.1,1.4,0.8,1.7,2.5,17.4,,2024
111.0,Fred VanVleet,30.0,HOU,PG,60.0,60.0,35.2,4.8,12.7,0.378,2.7,7.7,0.345,2.1,5.0,0.43,0.483,1.9,2.3,0.81,0.5,3.2,3.7,5.6,1.6,0.4,1.5,2.3,14.1,,2025
336.0,Freddie Gillespie,23.0,TOR,PF,20.0,2.0,19.6,2.2,4.2,0.524,0.0,0.0,,2.2,4.2,0.524,0.524,1.2,1.7,0.697,2.1,2.8,4.9,0.5,0.7,1.0,0.6,2.2,5.6,,2021
182.0,Furkan Korkmaz,22.0,PHI,SG,72.0,12.0,21.7,3.4,7.8,0.43,2.0,4.9,0.402,1.4,2.9,0.478,0.557,1.1,1.4,0.755,0.3,2.1,2.3,1.1,0.6,0.2,0.8,1.4,9.8,,2020
208.0,Furkan Korkmaz,23.0,PHI,SG,55.0,11.0,19.3,3.1,7.7,0.401,1.8,4.9,0.375,1.3,2.8,0.445,0.52,1.1,1.5,0.732,0.3,1.7,2.1,1.5,0.9,0.2,0.8,1.2,9.1,,2021
269.0,Furkan Korkmaz,24.0,PHI,SG,67.0,19.0,21.1,2.7,7.0,0.387,1.1,4.0,0.289,1.6,3.0,0.515,0.469,1.0,1.3,0.81,0.3,2.3,2.6,1.9,0.5,0.1,0.7,0.9,7.6,,2022
101.0,GG Jackson II,19.0,MEM,PF,48.0,18.0,25.7,5.0,11.7,0.428,2.1,6.0,0.357,2.9,5.8,0.502,0.519,2.4,3.2,0.752,1.1,3.0,4.1,1.2,0.6,0.5,1.4,1.3,14.6,,2024
286.0,GG Jackson II,20.0,MEM,PF,29.0,3.0,15.8,2.6,6.9,0.372,1.1,3.3,0.337,1.4,3.6,0.404,0.452,1.0,1.4,0.725,0.9,2.2,3.2,1.0,0.4,0.2,1.1,1.0,7.2,,2025
228.0,Gabe Vincent,25.0,MIA,PG,68.0,27.0,23.4,3.1,7.5,0.417,1.8,4.8,0.368,1.4,2.8,0.5,0.533,0.6,0.8,0.815,0.3,1.5,1.9,3.1,0.9,0.2,1.4,2.3,8.7,,2022
199.0,Gabe Vincent,26.0,MIA,PG,68.0,34.0,25.9,3.4,8.3,0.402,1.7,5.1,0.334,1.6,3.2,0.512,0.505,1.0,1.1,0.872,0.4,1.7,2.1,2.5,0.9,0.1,1.4,2.3,9.4,,2023
451.0,Gabe Vincent,27.0,LAL,PG,11.0,0.0,19.8,1.4,4.5,0.306,0.3,2.5,0.107,1.1,1.9,0.571,0.337,0.1,0.2,0.5,0.4,0.5,0.8,1.9,0.8,0.0,0.5,1.7,3.1,,2024
330.0,Gabe Vincent,28.0,LAL,PG,72.0,11.0,21.2,2.3,5.8,0.4,1.5,4.3,0.353,0.8,1.5,0.532,0.53,0.2,0.3,0.714,0.3,1.0,1.3,1.4,0.7,0.2,0.6,2.1,6.4,,2025
244.0,Gabe York,29.0,IND,SG,3.0,0.0,18.7,2.7,7.0,0.381,2.0,6.0,0.333,0.7,1.0,0.667,0.524,0.7,0.7,1.0,0.0,2.0,2.0,1.7,0.7,0.0,0.0,1.7,8.0,,2023
231.0,Gabriel Deck,25.0,OKC,PF,10.0,0.0,21.2,3.2,6.7,0.478,0.2,1.5,0.133,3.0,5.2,0.577,0.493,1.8,2.2,0.818,1.6,2.4,4.0,2.4,0.8,0.0,0.6,0.9,8.4,,2021
226.0,Garrett Temple,29.0,WAS,SF,80.0,43.0,24.4,2.5,6.3,0.398,1.1,3.2,0.345,1.4,3.1,0.453,0.486,1.1,1.6,0.728,0.5,2.2,2.7,1.8,0.9,0.2,0.8,2.4,7.3,,2016
211.0,Garrett Temple,30.0,SAC,SG,65.0,20.0,26.6,2.8,6.6,0.424,1.3,3.4,0.373,1.6,3.3,0.476,0.519,0.9,1.1,0.784,0.5,2.3,2.8,2.6,1.3,0.4,1.2,2.2,7.8,,2017
214.0,Garrett Temple,31.0,SAC,SG,65.0,35.0,24.8,3.1,7.3,0.418,1.4,3.5,0.392,1.7,3.8,0.442,0.512,0.9,1.2,0.769,0.3,2.0,2.3,1.9,0.9,0.4,1.2,2.1,8.4,,2018
231.0,Garrett Temple,32.0,MEM,SG,49.0,49.0,31.2,3.4,7.9,0.429,1.5,4.3,0.352,1.9,3.6,0.52,0.525,1.2,1.6,0.75,0.4,2.7,3.1,1.4,1.0,0.5,1.1,2.7,9.4,,2019
172.0,Garrett Temple,33.0,BRK,SG,62.0,35.0,27.9,3.6,9.5,0.378,2.0,6.2,0.329,1.5,3.2,0.473,0.486,1.1,1.4,0.805,0.5,3.0,3.5,2.5,0.8,0.5,1.0,1.7,10.3,,2020
260.0,Garrett Temple,34.0,CHI,SG,56.0,25.0,27.3,2.8,6.8,0.415,1.2,3.6,0.335,1.6,3.2,0.503,0.503,0.7,0.9,0.8,0.5,2.3,2.9,2.2,0.8,0.5,1.0,2.3,7.6,,2021
378.0,Garrett Temple,35.0,NOP,SG,59.0,16.0,18.6,1.9,5.0,0.376,1.0,3.1,0.319,0.9,1.9,0.473,0.476,0.5,0.7,0.683,0.5,1.9,2.4,1.3,0.7,0.4,0.7,1.4,5.2,,2022
344.0,Garrison Mathews,24.0,WAS,SG,64.0,24.0,16.2,1.5,3.7,0.409,1.2,3.1,0.384,0.3,0.6,0.538,0.57,1.3,1.5,0.884,0.3,1.1,1.4,0.4,0.5,0.1,0.2,1.7,5.5,,2021
186.0,Garrison Mathews,25.0,HOU,SG,65.0,33.0,26.3,2.8,7.1,0.399,2.1,5.9,0.36,0.7,1.2,0.6,0.55,2.2,2.8,0.794,0.5,2.4,2.9,1.0,0.9,0.4,0.6,2.6,10.0,,2022
351.0,Garrison Mathews,27.0,ATL,SG,66.0,5.0,15.0,1.6,3.4,0.456,1.3,2.9,0.44,0.3,0.5,0.545,0.644,0.5,0.6,0.81,0.3,1.1,1.4,0.6,0.3,0.1,0.3,1.7,4.9,,2024
274.0,Garrison Mathews,28.0,ATL,SG,47.0,2.0,17.7,2.2,5.5,0.397,1.8,4.6,0.39,0.4,0.8,0.436,0.562,1.4,1.7,0.821,0.3,1.6,1.9,1.3,0.6,0.3,0.7,1.7,7.5,,2025
105.0,Gary Harris,21.0,DEN,SG,76.0,76.0,32.1,4.7,10.1,0.469,1.4,3.9,0.354,3.3,6.2,0.543,0.538,1.4,1.8,0.82,0.7,2.2,2.9,1.9,1.3,0.2,1.3,1.9,12.3,,2016
63.0,Gary Harris,22.0,DEN,SG,57.0,56.0,31.3,5.6,11.2,0.502,1.9,4.5,0.42,3.7,6.7,0.558,0.586,1.8,2.4,0.776,0.8,2.3,3.1,2.9,1.2,0.1,1.3,1.6,14.9,,2017
46.0,Gary Harris,23.0,DEN,SG,67.0,65.0,34.4,6.6,13.6,0.485,2.3,5.9,0.396,4.2,7.7,0.553,0.57,2.0,2.4,0.827,0.6,2.1,2.6,2.9,1.8,0.2,1.8,1.8,17.5,,2018
112.0,Gary Harris,24.0,DEN,SG,57.0,48.0,28.8,4.7,11.2,0.424,1.4,4.2,0.339,3.3,6.9,0.476,0.488,2.0,2.5,0.799,0.7,2.1,2.8,2.2,1.0,0.3,1.2,2.0,12.9,,2019
167.0,Gary Harris,25.0,DEN,SG,56.0,55.0,31.8,3.9,9.3,0.42,1.3,3.8,0.333,2.6,5.5,0.479,0.487,1.3,1.6,0.815,0.5,2.4,2.9,2.1,1.4,0.3,1.1,2.1,10.4,,2020
186.0,Gary Harris,26.0,ORL,SG,20.0,19.0,25.0,3.5,9.5,0.365,1.2,3.3,0.364,2.3,6.2,0.366,0.429,2.1,2.4,0.875,0.4,1.2,1.6,2.3,0.6,0.4,1.2,1.7,10.2,,2021
152.0,Gary Harris,27.0,ORL,SG,61.0,30.0,28.4,3.9,9.1,0.434,1.9,5.0,0.384,2.0,4.1,0.494,0.539,1.4,1.6,0.874,0.6,1.4,2.0,1.8,1.0,0.1,1.0,1.8,11.1,,2022
233.0,Gary Harris,28.0,ORL,SG,48.0,42.0,24.7,2.9,6.4,0.45,2.0,4.5,0.431,0.9,1.9,0.494,0.603,0.6,0.6,0.9,0.4,1.6,2.0,1.2,0.9,0.3,0.6,1.9,8.3,,2023
260.0,Gary Harris,29.0,ORL,SG,54.0,27.0,24.0,2.4,5.5,0.441,1.4,3.8,0.371,1.0,1.7,0.598,0.569,0.6,0.8,0.756,0.4,1.2,1.7,1.6,0.9,0.3,0.6,1.7,6.9,,2024
150.0,Gary Neal,30.0,MIN,SG,11.0,1.0,23.8,4.1,9.5,0.429,1.0,2.8,0.355,3.1,6.7,0.459,0.481,2.6,3.0,0.879,0.0,3.2,3.2,1.8,0.6,0.0,0.9,1.6,11.8,,2015
156.0,Gary Neal,31.0,WAS,SG,40.0,2.0,20.2,3.8,8.1,0.465,1.0,2.5,0.41,2.8,5.6,0.489,0.528,1.2,1.4,0.855,0.3,1.8,2.1,1.2,0.5,0.0,0.7,1.4,9.8,,2016
393.0,Gary Payton II,24.0,MIL,PG,6.0,0.0,16.5,1.3,3.7,0.364,0.2,1.5,0.111,1.2,2.2,0.538,0.386,0.5,0.8,0.6,0.0,2.0,2.0,2.2,0.5,0.7,1.7,1.5,3.3,,2017
296.0,Gary Payton II,29.0,GSW,SG,71.0,16.0,17.6,3.0,4.8,0.616,0.6,1.7,0.358,2.4,3.2,0.754,0.679,0.5,0.8,0.603,1.0,2.5,3.5,0.9,1.4,0.3,0.6,1.8,7.1,,2022
383.0,Gary Payton II,30.0,POR,SG,15.0,1.0,17.0,1.6,2.7,0.585,0.6,1.1,0.529,1.0,1.6,0.625,0.695,0.3,0.3,1.0,0.7,1.9,2.6,1.5,1.1,0.1,0.8,1.9,4.1,,2023
317.0,Gary Payton II,31.0,GSW,SG,44.0,0.0,15.5,2.3,4.2,0.563,0.5,1.3,0.364,1.9,2.9,0.648,0.617,0.3,0.5,0.609,1.0,1.5,2.6,1.1,0.9,0.4,0.6,1.8,5.5,,2024
325.0,Gary Payton II,32.0,GSW,SG,62.0,11.0,15.0,2.8,4.8,0.574,0.5,1.5,0.326,2.3,3.3,0.69,0.626,0.4,0.6,0.711,0.9,2.1,3.0,1.3,0.8,0.3,0.6,1.7,6.5,,2025
209.0,Gary Trent Jr.,21.0,POR,SF,61.0,8.0,21.8,3.2,7.2,0.444,1.8,4.4,0.418,1.4,2.8,0.486,0.571,0.6,0.7,0.822,0.4,1.2,1.6,1.0,0.8,0.3,0.3,1.5,8.9,,2020
85.0,Gary Trent Jr.,22.0,TOR,SG,17.0,15.0,31.8,6.1,15.4,0.395,2.6,7.3,0.355,3.5,8.1,0.431,0.479,1.5,1.8,0.806,0.4,3.2,3.6,1.3,1.1,0.2,0.7,1.7,16.2,,2021
51.0,Gary Trent Jr.,23.0,TOR,SG,70.0,69.0,35.0,6.4,15.5,0.414,3.0,7.8,0.383,3.4,7.7,0.445,0.511,2.5,2.9,0.853,0.4,2.4,2.7,2.0,1.7,0.3,1.0,2.1,18.3,,2022
73.0,Gary Trent Jr.,24.0,TOR,SG,66.0,44.0,32.1,6.1,14.2,0.433,2.5,6.8,0.369,3.6,7.3,0.493,0.522,2.6,3.1,0.839,0.5,2.2,2.6,1.6,1.6,0.2,0.8,1.5,17.4,,2023
115.0,Gary Trent Jr.,25.0,TOR,SG,71.0,41.0,28.1,5.1,11.9,0.426,2.5,6.4,0.393,2.6,5.5,0.464,0.531,1.0,1.4,0.771,0.4,2.3,2.6,1.7,1.1,0.1,0.7,1.4,13.7,,2024
159.0,Gary Trent Jr.,26.0,MIL,SG,74.0,9.0,25.6,3.8,8.9,0.431,2.4,5.9,0.416,1.4,3.0,0.46,0.568,1.1,1.2,0.848,0.3,2.0,2.3,1.2,1.0,0.1,0.6,1.7,11.1,,2025
48.0,George Hill,28.0,IND,PG,43.0,36.0,29.5,5.9,12.4,0.477,1.6,4.5,0.358,4.3,8.0,0.544,0.541,2.6,3.3,0.79,0.6,3.6,4.2,5.1,1.0,0.3,1.6,2.6,16.1,,2015
108.0,George Hill,29.0,IND,PG,74.0,73.0,34.1,4.4,10.0,0.441,1.7,4.2,0.408,2.7,5.7,0.466,0.528,1.5,2.0,0.76,0.8,3.2,4.0,3.5,1.1,0.2,1.4,2.0,12.1,,2016
50.0,George Hill,30.0,UTA,PG,49.0,49.0,31.5,5.9,12.4,0.477,1.9,4.8,0.403,4.0,7.6,0.523,0.554,3.2,4.0,0.801,0.5,2.9,3.4,4.2,1.0,0.2,1.7,2.3,16.9,,2017
170.0,George Hill,31.0,SAC,PG,43.0,36.0,26.6,3.6,7.6,0.469,1.3,3.0,0.453,2.2,4.6,0.48,0.558,1.8,2.3,0.778,0.5,2.2,2.7,2.8,0.9,0.3,1.4,1.7,10.3,,2018
239.0,George Hill,32.0,MIL,PG,47.0,0.0,20.4,2.4,5.7,0.428,0.7,2.7,0.28,1.7,3.1,0.556,0.493,1.1,1.4,0.815,0.6,2.0,2.6,2.1,0.9,0.1,0.7,1.4,6.8,,2019
189.0,George Hill,33.0,MIL,PG,59.0,2.0,21.5,3.3,6.4,0.516,1.4,3.0,0.46,1.9,3.4,0.565,0.624,1.4,1.7,0.842,0.8,2.2,3.0,3.1,0.8,0.1,1.0,1.4,9.4,,2020
220.0,George Hill,34.0,PHI,PG,16.0,3.0,18.9,2.1,4.8,0.442,0.6,1.4,0.391,1.6,3.4,0.463,0.5,1.2,1.6,0.76,0.5,1.5,2.0,1.9,0.7,0.2,1.2,1.2,6.0,,2021
330.0,George Hill,35.0,MIL,PG,54.0,17.0,23.2,2.2,5.1,0.429,0.8,2.5,0.306,1.4,2.6,0.546,0.504,1.1,1.1,0.919,0.7,2.2,2.9,2.2,0.8,0.1,0.8,1.3,6.2,,2022
359.0,George Hill,36.0,MIL,PG,35.0,0.0,19.1,1.7,3.8,0.447,0.7,2.1,0.311,1.0,1.7,0.621,0.534,1.0,1.3,0.739,0.4,1.5,1.9,2.5,0.5,0.1,0.8,1.2,5.0,,2023
290.0,Georges Niang,27.0,UTA,PF,72.0,10.0,16.0,2.5,5.6,0.437,1.7,4.1,0.425,0.7,1.6,0.469,0.59,0.3,0.3,0.957,0.4,2.1,2.4,0.8,0.3,0.1,0.7,1.6,6.9,,2021
208.0,Georges Niang,28.0,PHI,PF,76.0,7.0,22.8,3.2,7.4,0.437,2.1,5.1,0.403,1.2,2.3,0.511,0.575,0.7,0.8,0.881,0.3,2.3,2.7,1.3,0.4,0.2,0.8,2.5,9.2,,2022
236.0,Georges Niang,29.0,PHI,PF,78.0,1.0,19.4,2.8,6.4,0.442,2.0,4.9,0.401,0.9,1.5,0.576,0.596,0.5,0.6,0.867,0.2,2.1,2.4,1.0,0.4,0.2,0.7,1.9,8.2,,2023
195.0,Georges Niang,30.0,CLE,PF,82.0,10.0,22.3,3.5,7.7,0.449,1.8,4.8,0.376,1.6,2.9,0.572,0.567,0.6,0.7,0.85,0.3,3.1,3.4,1.2,0.4,0.2,0.9,2.3,9.4,,2024
194.0,Georges Niang,31.0,CLE,PF,51.0,1.0,20.6,3.3,6.8,0.477,1.8,4.4,0.4,1.5,2.4,0.618,0.606,0.5,0.6,0.793,0.7,3.0,3.7,1.3,0.3,0.1,0.9,2.5,8.7,,2025
310.0,Georgios Kalaitzakis,23.0,OKC,SF,4.0,4.0,41.5,6.5,14.0,0.464,2.0,5.5,0.364,4.5,8.5,0.529,0.536,2.5,5.3,0.476,0.5,2.8,3.3,3.0,2.5,0.3,4.0,2.8,17.5,,2022
302.0,Georgios Papagiannis,19.0,SAC,C,22.0,0.0,16.1,2.5,4.6,0.549,0.0,0.1,0.0,2.5,4.5,0.56,0.549,0.5,0.6,0.857,1.1,2.8,3.9,0.9,0.1,0.8,1.1,2.0,5.6,,2017
114.0,Gerald Green,29.0,PHO,SG,74.0,4.0,19.5,4.4,10.5,0.416,1.9,5.2,0.354,2.5,5.3,0.478,0.504,1.3,1.6,0.825,0.4,2.1,2.5,1.2,0.6,0.2,1.4,2.0,11.9,,2015
177.0,Gerald Green,30.0,MIA,SG,69.0,14.0,22.6,3.3,8.5,0.392,1.2,3.8,0.323,2.1,4.7,0.446,0.463,1.0,1.3,0.783,0.4,2.0,2.4,0.8,0.6,0.3,0.7,1.8,8.9,,2016
126.0,Gerald Green,32.0,HOU,SG,41.0,2.0,22.7,4.1,10.1,0.407,2.7,7.3,0.369,1.4,2.8,0.504,0.54,1.2,1.5,0.85,0.4,2.9,3.2,0.6,0.6,0.4,0.8,2.1,12.1,,2018
195.0,Gerald Green,33.0,HOU,SG,73.0,0.0,20.2,3.2,7.9,0.4,2.1,6.0,0.354,1.0,1.9,0.547,0.535,0.8,0.9,0.838,0.4,2.1,2.5,0.5,0.5,0.4,0.8,1.7,9.2,,2019
104.0,Gerald Henderson,27.0,CHO,SG,80.0,72.0,28.9,4.6,10.6,0.437,0.6,1.7,0.331,4.1,8.9,0.457,0.463,2.3,2.7,0.848,0.5,3.0,3.4,2.6,0.6,0.3,1.4,1.7,12.1,,2015
183.0,Gerald Henderson,28.0,POR,SG,72.0,0.0,19.9,3.2,7.3,0.439,0.7,1.9,0.353,2.6,5.5,0.468,0.484,1.6,2.0,0.767,0.4,2.5,2.9,1.0,0.5,0.3,0.9,1.2,8.7,,2016
169.0,Gerald Henderson,29.0,PHI,SG,72.0,41.0,23.2,3.3,7.7,0.423,0.8,2.4,0.353,2.4,5.3,0.455,0.478,1.8,2.3,0.806,0.5,2.1,2.6,1.6,0.6,0.2,0.9,1.8,9.2,,2017
93.0,Giannis Antetokounmpo,20.0,MIL,SG,81.0,71.0,31.4,4.7,9.6,0.491,0.1,0.5,0.159,4.6,9.1,0.511,0.496,3.2,4.3,0.741,1.2,5.5,6.7,2.6,0.9,1.0,2.1,3.1,12.7,,2015
43.0,Giannis Antetokounmpo,21.0,MIL,PG,80.0,79.0,35.3,6.4,12.7,0.506,0.4,1.4,0.257,6.1,11.3,0.537,0.52,3.7,5.1,0.724,1.4,6.2,7.7,4.3,1.2,1.4,2.6,3.2,16.9,,2016
21.0,Giannis Antetokounmpo,22.0,MIL,SF,80.0,80.0,35.6,8.2,15.7,0.521,0.6,2.3,0.272,7.6,13.5,0.563,0.541,5.9,7.7,0.77,1.8,7.0,8.8,5.4,1.6,1.9,2.9,3.1,22.9,,2017
4.0,Giannis Antetokounmpo,23.0,MIL,PF,75.0,75.0,36.7,9.9,18.7,0.529,0.6,1.9,0.307,9.3,16.8,0.554,0.545,6.5,8.5,0.76,2.1,8.0,10.0,4.8,1.5,1.4,3.0,3.1,26.9,,2018
3.0,Giannis Antetokounmpo,24.0,MIL,PF,72.0,72.0,32.8,10.0,17.3,0.578,0.7,2.8,0.256,9.3,14.5,0.641,0.599,6.9,9.5,0.729,2.2,10.3,12.5,5.9,1.3,1.5,3.7,3.2,27.7,,2019
5.0,Giannis Antetokounmpo,25.0,MIL,PF,63.0,63.0,30.4,10.9,19.7,0.553,1.4,4.7,0.304,9.5,15.0,0.631,0.589,6.3,10.0,0.633,2.2,11.4,13.6,5.6,1.0,1.0,3.7,3.1,29.5,,2020
5.0,Giannis Antetokounmpo,26.0,MIL,PF,61.0,61.0,33.0,10.3,18.0,0.569,1.1,3.6,0.303,9.2,14.4,0.636,0.6,6.5,9.5,0.685,1.6,9.4,11.0,5.9,1.2,1.2,3.4,2.8,28.1,,2021
3.0,Giannis Antetokounmpo,27.0,MIL,PF,67.0,67.0,32.9,10.3,18.6,0.553,1.1,3.6,0.293,9.2,15.0,0.616,0.582,8.3,11.4,0.722,2.0,9.6,11.6,5.8,1.1,1.4,3.3,3.2,29.9,,2022
5.0,Giannis Antetokounmpo,28.0,MIL,PF,63.0,63.0,32.1,11.2,20.3,0.553,0.7,2.7,0.275,10.5,17.6,0.596,0.572,7.9,12.3,0.645,2.2,9.6,11.8,5.7,0.8,0.8,3.9,3.1,31.1,,2023
3.0,Giannis Antetokounmpo,29.0,MIL,PF,73.0,73.0,35.2,11.5,18.8,0.611,0.5,1.7,0.274,11.0,17.1,0.645,0.624,7.0,10.7,0.657,2.7,8.8,11.5,6.5,1.2,1.1,3.4,2.9,30.4,,2024
2.0,Giannis Antetokounmpo,30.0,MIL,PF,67.0,67.0,34.2,11.8,19.7,0.601,0.2,0.9,0.222,11.6,18.7,0.62,0.607,6.5,10.6,0.617,2.2,9.7,11.9,6.5,0.9,1.2,3.1,2.3,30.4,,2025
437.0,Glenn Robinson III,21.0,PHI,SF,10.0,1.0,15.3,1.8,4.3,0.419,0.4,1.3,0.308,1.4,3.0,0.467,0.465,0.4,0.8,0.5,1.1,1.4,2.5,0.8,0.3,0.1,0.8,1.0,4.4,,2015
283.0,Glenn Robinson III,23.0,IND,SF,69.0,27.0,20.7,2.3,4.9,0.467,0.7,1.8,0.392,1.6,3.1,0.512,0.54,0.8,1.1,0.711,0.8,2.7,3.6,0.7,0.6,0.3,0.5,0.9,6.1,,2017
137.0,Glenn Robinson III,26.0,PHI,SF,14.0,4.0,19.3,3.1,6.1,0.518,0.6,1.9,0.333,2.5,4.1,0.603,0.571,0.8,0.9,0.917,1.1,2.1,3.1,0.8,0.6,0.1,0.4,1.3,7.7,,2020
357.0,Glenn Robinson III,27.0,SAC,SF,23.0,2.0,16.0,1.8,4.3,0.424,0.7,1.9,0.364,1.1,2.4,0.473,0.505,0.9,1.0,0.913,0.5,1.5,2.0,0.9,0.2,0.1,0.5,1.0,5.3,,2021
389.0,Goga Bitadze,23.0,ORL,C,17.0,1.0,15.0,2.5,4.3,0.575,0.1,0.7,0.167,2.4,3.6,0.656,0.589,0.7,1.1,0.667,2.1,3.1,5.2,1.2,0.4,0.9,0.6,1.8,5.8,,2023
343.0,Goga Bitadze,24.0,ORL,C,62.0,33.0,15.4,2.0,3.4,0.603,0.0,0.2,0.143,2.0,3.1,0.636,0.608,0.9,1.4,0.655,1.8,2.9,4.6,1.3,0.5,1.2,0.7,1.7,5.0,,2024
284.0,Goga Bitadze,25.0,ORL,C,70.0,42.0,20.4,3.0,4.8,0.611,0.0,0.4,0.107,2.9,4.4,0.656,0.615,1.2,1.9,0.639,2.4,4.2,6.6,2.0,0.7,1.4,1.0,2.1,7.2,,2025
46.0,Goran Dragić,28.0,PHO,SG,52.0,52.0,33.4,6.5,13.1,0.501,1.3,3.6,0.355,5.3,9.5,0.556,0.549,1.9,2.5,0.746,1.0,2.6,3.6,4.1,1.0,0.2,2.2,2.3,16.2,,2015
74.0,Goran Dragić,29.0,MIA,PG,72.0,72.0,32.8,5.8,12.2,0.477,0.9,2.8,0.312,4.9,9.3,0.527,0.513,1.7,2.3,0.727,0.8,3.1,3.8,5.8,1.0,0.2,2.6,2.6,14.1,,2016
31.0,Goran Dragić,30.0,MIA,PG,73.0,73.0,33.7,7.3,15.4,0.475,1.6,4.0,0.405,5.7,11.4,0.499,0.527,4.1,5.2,0.79,0.8,3.0,3.8,5.8,1.2,0.2,2.9,2.7,20.3,,2017
47.0,Goran Dragić,31.0,MIA,PG,75.0,75.0,31.7,6.5,14.3,0.45,1.5,4.0,0.37,5.0,10.3,0.481,0.502,2.9,3.6,0.801,0.7,3.4,4.1,4.8,0.8,0.2,2.2,2.4,17.3,,2018
98.0,Goran Dragić,32.0,MIA,PG,36.0,22.0,27.5,5.0,12.0,0.413,1.6,4.6,0.348,3.4,7.5,0.454,0.479,2.2,2.8,0.782,0.6,2.5,3.1,4.8,0.8,0.1,2.0,2.3,13.7,,2019
72.0,Goran Dragić,33.0,MIA,PG,59.0,3.0,28.2,5.4,12.3,0.441,2.1,5.7,0.367,3.3,6.5,0.505,0.526,3.2,4.2,0.776,0.5,2.7,3.2,5.1,0.7,0.2,2.4,2.1,16.2,,2020
115.0,Goran Dragić,34.0,MIA,PG,50.0,11.0,26.7,4.8,11.1,0.432,1.8,4.9,0.373,3.0,6.2,0.479,0.514,2.0,2.4,0.828,0.5,2.9,3.4,4.4,0.7,0.2,2.4,2.3,13.4,,2021
274.0,Goran Dragić,35.0,TOR,PG,5.0,2.0,18.0,2.6,6.8,0.382,0.8,2.8,0.286,1.8,4.0,0.45,0.441,2.0,2.0,1.0,0.4,2.4,2.8,1.8,1.0,0.2,0.2,1.6,8.0,,2022
21.0,Gordon Hayward,24.0,UTA,SF,76.0,76.0,34.4,6.4,14.3,0.445,1.6,4.3,0.364,4.8,10.0,0.481,0.5,4.9,6.1,0.812,0.7,4.2,4.9,4.1,1.4,0.4,2.7,1.7,19.3,,2015
24.0,Gordon Hayward,25.0,UTA,SF,80.0,80.0,36.2,6.5,15.0,0.433,1.8,5.1,0.349,4.7,9.9,0.477,0.493,4.9,6.0,0.824,0.8,4.2,5.0,3.7,1.2,0.3,2.5,2.3,19.7,,2016
26.0,Gordon Hayward,26.0,UTA,SF,73.0,73.0,34.5,7.5,15.8,0.471,2.0,5.1,0.398,5.4,10.7,0.506,0.536,5.0,5.9,0.844,0.7,4.7,5.4,3.5,1.0,0.3,1.9,1.6,21.9,,2017
136.0,Gordon Hayward,28.0,BOS,PF,72.0,18.0,25.9,4.1,8.8,0.466,1.1,3.2,0.333,3.0,5.6,0.542,0.527,2.2,2.6,0.834,0.7,3.8,4.5,3.4,0.9,0.3,1.5,1.4,11.5,,2019
66.0,Gordon Hayward,29.0,BOS,SF,52.0,52.0,33.5,6.7,13.5,0.5,1.6,4.3,0.383,5.1,9.2,0.554,0.561,2.4,2.8,0.855,1.1,5.6,6.7,4.1,0.7,0.4,1.8,1.8,17.5,,2020
46.0,Gordon Hayward,30.0,CHO,SF,44.0,44.0,34.0,7.1,15.0,0.473,1.9,4.7,0.415,5.1,10.3,0.499,0.537,3.5,4.2,0.843,0.8,5.0,5.9,4.1,1.2,0.3,2.1,1.7,19.6,,2021
80.0,Gordon Hayward,31.0,CHO,SF,49.0,48.0,31.9,5.8,12.6,0.459,1.8,4.5,0.391,4.0,8.1,0.496,0.528,2.6,3.0,0.846,0.8,3.8,4.6,3.6,1.0,0.4,1.7,1.7,15.9,,2022
101.0,Gordon Hayward,32.0,CHO,SF,50.0,50.0,31.5,5.5,11.6,0.475,1.0,3.2,0.325,4.5,8.4,0.532,0.52,2.6,3.2,0.811,0.7,3.6,4.3,4.1,0.8,0.2,2.0,1.4,14.7,,2023
187.0,Gordon Hayward,33.0,OKC,SF,26.0,3.0,17.2,1.8,4.1,0.453,0.6,1.1,0.517,1.3,3.0,0.429,0.524,1.0,1.5,0.692,0.5,2.0,2.5,1.6,0.5,0.0,0.6,0.8,5.3,,2024
165.0,Gorgui Dieng,25.0,MIN,C,73.0,49.0,30.0,3.5,7.0,0.506,0.0,0.1,0.167,3.5,6.9,0.51,0.507,2.6,3.3,0.783,3.1,5.3,8.3,2.0,1.0,1.7,1.7,2.6,9.7,,2015
147.0,Gorgui Dieng,26.0,MIN,C,82.0,39.0,27.1,3.8,7.1,0.532,0.1,0.2,0.3,3.7,6.8,0.54,0.537,2.5,3.0,0.827,1.9,5.2,7.1,1.7,1.1,1.2,1.7,2.7,10.1,,2016
150.0,Gorgui Dieng,27.0,MIN,PF,82.0,82.0,32.4,4.0,8.1,0.502,0.2,0.5,0.372,3.9,7.5,0.511,0.514,1.7,2.0,0.814,2.3,5.6,7.9,1.9,1.1,1.2,1.3,3.1,10.0,,2017
305.0,Gorgui Dieng,28.0,MIN,C,79.0,0.0,16.9,2.4,4.9,0.479,0.2,0.8,0.311,2.1,4.1,0.511,0.504,1.0,1.3,0.775,1.3,3.2,4.6,0.9,0.6,0.5,0.7,1.9,5.9,,2018
250.0,Gorgui Dieng,30.0,MIN,C,46.0,17.0,16.9,2.7,6.0,0.448,1.0,2.6,0.383,1.7,3.4,0.497,0.531,1.0,1.3,0.797,1.6,4.0,5.6,1.3,0.8,0.9,1.0,1.9,7.4,,2020
213.0,Gradey Dick,20.0,TOR,SG,60.0,17.0,21.1,3.2,7.4,0.425,1.5,4.0,0.365,1.7,3.4,0.495,0.524,0.7,0.9,0.863,0.5,1.8,2.2,1.1,0.6,0.0,0.8,1.5,8.5,,2024
104.0,Gradey Dick,21.0,TOR,SG,54.0,54.0,29.4,4.9,12.0,0.41,2.1,6.0,0.35,2.8,5.9,0.47,0.498,2.5,2.9,0.858,0.8,2.8,3.6,1.8,0.9,0.2,1.5,2.2,14.4,,2025
420.0,Grant Williams,21.0,BOS,PF,69.0,5.0,15.1,1.3,3.1,0.412,0.3,1.4,0.25,0.9,1.7,0.548,0.469,0.6,0.8,0.722,0.9,1.7,2.6,1.0,0.4,0.5,0.7,2.4,3.4,,2020
386.0,Grant Williams,22.0,BOS,PF,63.0,9.0,18.1,1.7,3.9,0.437,0.8,2.0,0.372,1.0,1.9,0.508,0.534,0.5,0.8,0.588,0.8,2.1,2.8,1.0,0.5,0.4,0.9,2.6,4.7,,2021
263.0,Grant Williams,23.0,BOS,PF,77.0,21.0,24.4,2.7,5.6,0.475,1.4,3.4,0.411,1.3,2.3,0.569,0.597,1.1,1.2,0.905,0.8,2.7,3.6,1.0,0.5,0.7,0.8,2.4,7.8,,2022
239.0,Grant Williams,24.0,BOS,PF,79.0,23.0,25.9,2.7,6.0,0.454,1.5,3.7,0.395,1.3,2.3,0.546,0.575,1.2,1.5,0.77,1.1,3.5,4.6,1.7,0.5,0.4,1.0,2.4,8.1,,2023
172.0,Grant Williams,25.0,DAL,PF,47.0,33.0,26.4,2.8,6.7,0.413,1.7,4.5,0.376,1.1,2.3,0.486,0.538,0.9,1.2,0.745,1.0,2.6,3.6,1.7,0.5,0.6,1.1,2.9,8.1,,2024
176.0,Grant Williams,26.0,CHO,PF,16.0,7.0,29.9,3.4,7.7,0.439,1.7,4.6,0.365,1.7,3.1,0.551,0.549,1.9,2.3,0.838,1.1,4.0,5.1,2.3,1.1,0.8,1.8,2.9,10.4,,2025
214.0,Grayson Allen,24.0,MEM,SG,38.0,0.0,18.9,3.1,6.6,0.466,1.5,3.7,0.404,1.6,2.9,0.545,0.58,1.0,1.2,0.867,0.2,2.0,2.2,1.4,0.3,0.1,0.9,1.4,8.7,,2020
173.0,Grayson Allen,25.0,MEM,SG,50.0,38.0,25.2,3.5,8.3,0.418,2.1,5.5,0.391,1.3,2.8,0.471,0.547,1.6,1.8,0.868,0.4,2.8,3.2,2.2,0.9,0.2,1.0,1.4,10.6,,2021
150.0,Grayson Allen,26.0,MIL,SG,66.0,61.0,27.3,3.9,8.6,0.448,2.4,5.9,0.409,1.5,2.7,0.533,0.588,1.0,1.1,0.865,0.5,2.9,3.4,1.5,0.7,0.3,0.7,1.5,11.1,,2022
164.0,Grayson Allen,27.0,MIL,SG,72.0,70.0,27.4,3.4,7.7,0.44,2.0,5.1,0.399,1.4,2.7,0.518,0.571,1.6,1.8,0.905,0.8,2.4,3.3,2.3,0.9,0.2,1.0,1.6,10.4,,2023
117.0,Grayson Allen,28.0,PHO,SG,75.0,74.0,33.5,4.5,9.1,0.499,2.7,5.9,0.461,1.8,3.2,0.57,0.649,1.7,2.0,0.878,0.6,3.3,3.9,3.0,0.9,0.6,1.3,2.1,13.5,,2024
169.0,Grayson Allen,29.0,PHO,SG,64.0,7.0,24.1,3.4,7.6,0.448,2.3,5.5,0.426,1.1,2.2,0.504,0.6,1.5,1.8,0.816,0.5,2.5,3.0,2.1,0.8,0.3,1.2,1.5,10.6,,2025
52.0,Greg Monroe,24.0,DET,PF,69.0,57.0,31.0,6.1,12.4,0.496,0.0,0.0,,6.1,12.4,0.496,0.496,3.7,4.9,0.75,3.3,6.9,10.2,2.1,1.1,0.5,2.2,2.1,15.9,,2015
57.0,Greg Monroe,25.0,MIL,C,79.0,67.0,29.3,6.2,11.9,0.522,0.0,0.0,0.0,6.2,11.9,0.522,0.522,2.9,3.9,0.74,2.8,6.1,8.8,2.3,0.9,0.8,1.6,2.1,15.3,,2016
112.0,Greg Monroe,26.0,MIL,C,81.0,0.0,22.5,4.8,9.0,0.533,0.0,0.0,0.0,4.8,8.9,0.536,0.533,2.2,3.0,0.741,2.1,4.5,6.6,2.3,1.1,0.5,1.7,2.1,11.7,,2017
161.0,Greg Monroe,27.0,PHO,C,20.0,14.0,23.3,4.9,7.8,0.626,0.0,0.0,,4.9,7.8,0.626,0.626,1.6,2.3,0.674,2.5,5.5,8.0,2.5,0.8,0.3,2.0,2.0,11.3,,2018
169.0,Greivis Vásquez,28.0,TOR,PG,82.0,29.0,24.3,3.6,8.8,0.408,1.6,4.3,0.379,2.0,4.6,0.436,0.5,0.6,0.8,0.758,0.3,2.4,2.6,3.7,0.6,0.1,1.5,2.2,9.5,,2015
297.0,Greivis Vásquez,29.0,MIL,PG,23.0,0.0,20.0,2.0,6.0,0.326,0.8,3.2,0.247,1.2,2.8,0.415,0.391,1.0,1.1,0.846,0.2,1.8,2.0,4.0,0.4,0.0,1.7,1.8,5.7,,2016
163.0,Guerschon Yabusele,29.0,PHI,C,70.0,43.0,27.1,4.0,8.0,0.501,1.5,3.9,0.38,2.5,4.1,0.616,0.593,1.4,2.0,0.725,1.9,3.7,5.6,2.1,0.8,0.3,1.2,2.3,11.0,,2025
267.0,Hamidou Diallo,21.0,OKC,SF,46.0,3.0,19.5,2.9,6.4,0.446,0.3,1.2,0.281,2.5,5.2,0.485,0.473,0.8,1.4,0.603,1.0,2.7,3.6,0.8,0.8,0.2,1.1,2.2,6.9,,2020
147.0,Hamidou Diallo,22.0,OKC,SG,32.0,5.0,23.8,4.5,9.3,0.481,0.4,1.3,0.293,4.1,8.0,0.512,0.502,2.6,4.1,0.629,1.2,4.0,5.2,2.4,1.0,0.4,1.5,2.6,11.9,,2021
153.0,Hamidou Diallo,23.0,DET,SG,58.0,29.0,21.9,4.5,9.1,0.496,0.4,1.6,0.247,4.1,7.5,0.55,0.518,1.6,2.4,0.65,1.2,3.6,4.8,1.3,1.2,0.3,1.0,2.5,11.0,,2022
201.0,Hamidou Diallo,24.0,DET,SF,56.0,0.0,17.8,3.8,6.7,0.573,0.1,0.4,0.238,3.8,6.3,0.593,0.58,1.6,2.6,0.588,1.0,2.4,3.5,1.0,0.9,0.3,1.3,2.2,9.3,,2023
151.0,Harrison Barnes,22.0,GSW,SF,82.0,82.0,28.3,3.9,8.0,0.482,1.1,2.6,0.405,2.8,5.4,0.519,0.548,1.3,1.8,0.72,1.4,4.1,5.5,1.4,0.7,0.2,0.9,1.8,10.1,,2015
117.0,Harrison Barnes,23.0,GSW,SF,66.0,59.0,30.9,4.5,9.6,0.466,1.2,3.2,0.383,3.2,6.3,0.508,0.531,1.5,2.0,0.761,1.2,3.8,4.9,1.8,0.6,0.2,0.9,2.1,11.7,,2016
35.0,Harrison Barnes,24.0,DAL,PF,79.0,79.0,35.5,7.6,16.2,0.468,1.0,2.8,0.351,6.6,13.4,0.492,0.498,3.1,3.6,0.861,1.2,3.8,5.0,1.5,0.8,0.2,1.3,1.6,19.2,,2017
34.0,Harrison Barnes,25.0,DAL,PF,77.0,77.0,34.2,7.0,15.7,0.445,1.5,4.3,0.357,5.4,11.4,0.478,0.494,3.4,4.1,0.827,1.0,5.1,6.1,2.0,0.6,0.2,1.5,1.2,18.9,,2018
64.0,Harrison Barnes,26.0,SAC,SF,28.0,28.0,33.9,5.0,11.1,0.455,1.9,4.6,0.408,3.1,6.4,0.489,0.54,2.3,2.9,0.8,0.8,4.8,5.5,1.9,0.6,0.1,1.1,1.5,14.3,,2019
93.0,Harrison Barnes,27.0,SAC,PF,72.0,72.0,34.5,5.1,11.0,0.46,1.4,3.7,0.381,3.7,7.3,0.501,0.525,3.0,3.7,0.801,1.1,3.9,4.9,2.2,0.6,0.2,1.2,1.3,14.5,,2020
75.0,Harrison Barnes,28.0,SAC,PF,58.0,58.0,36.2,5.5,11.1,0.497,1.7,4.4,0.391,3.8,6.7,0.567,0.575,3.4,4.1,0.83,1.1,5.5,6.6,3.5,0.7,0.2,1.6,1.3,16.1,,2021
71.0,Harrison Barnes,29.0,SAC,PF,77.0,77.0,33.6,5.1,10.8,0.469,1.8,4.7,0.394,3.2,6.2,0.525,0.554,4.4,5.4,0.826,1.1,4.5,5.6,2.4,0.7,0.2,1.5,1.2,16.4,,2022
96.0,Harrison Barnes,30.0,SAC,PF,82.0,82.0,32.5,4.6,9.6,0.473,1.6,4.3,0.374,3.0,5.3,0.553,0.556,4.3,5.0,0.847,1.1,3.4,4.5,1.6,0.7,0.1,1.0,1.3,15.0,,2023
133.0,Harrison Barnes,31.0,SAC,PF,82.0,82.0,29.0,4.2,8.9,0.474,1.8,4.7,0.387,2.4,4.2,0.571,0.576,1.9,2.4,0.801,0.8,2.2,3.0,1.2,0.7,0.1,0.7,1.2,12.2,,2024
136.0,Harrison Barnes,32.0,SAS,PF,82.0,82.0,27.2,4.2,8.3,0.508,1.9,4.4,0.433,2.3,3.9,0.591,0.622,2.0,2.4,0.809,1.2,2.6,3.8,1.7,0.5,0.2,0.6,0.9,12.3,,2025
119.0,Hassan Whiteside,25.0,MIA,C,48.0,32.0,23.8,5.1,8.1,0.628,0.0,0.0,,5.1,8.1,0.628,0.628,1.6,3.3,0.5,3.0,7.0,10.0,0.1,0.6,2.6,1.2,2.7,11.8,,2015
73.0,Hassan Whiteside,26.0,MIA,C,73.0,43.0,29.1,5.7,9.3,0.606,0.0,0.0,,5.7,9.3,0.606,0.606,2.9,4.5,0.65,3.3,8.6,11.8,0.4,0.6,3.7,1.9,2.8,14.2,,2016
49.0,Hassan Whiteside,27.0,MIA,C,77.0,77.0,32.6,7.0,12.6,0.557,0.0,0.0,,7.0,12.6,0.557,0.557,2.9,4.6,0.628,3.8,10.3,14.1,0.7,0.7,2.1,2.0,2.9,17.0,,2017
85.0,Hassan Whiteside,28.0,MIA,C,54.0,54.0,25.3,5.8,10.7,0.54,0.0,0.0,1.0,5.7,10.7,0.538,0.542,2.4,3.4,0.703,3.2,8.2,11.4,1.0,0.7,1.7,1.7,2.4,14.0,,2018
122.0,Hassan Whiteside,29.0,MIA,C,72.0,53.0,23.3,5.4,9.4,0.571,0.0,0.2,0.125,5.4,9.2,0.581,0.572,1.5,3.4,0.449,3.6,7.8,11.3,0.8,0.6,1.9,1.3,2.7,12.3,,2019
78.0,Hassan Whiteside,30.0,POR,C,67.0,61.0,30.0,6.5,10.5,0.621,0.1,0.1,0.571,6.4,10.4,0.622,0.624,2.4,3.6,0.686,3.9,9.7,13.5,1.2,0.4,2.9,1.8,2.9,15.5,,2020
241.0,Hassan Whiteside,31.0,SAC,C,36.0,4.0,15.2,3.5,6.2,0.563,0.0,0.0,0.0,3.5,6.2,0.565,0.563,1.1,2.2,0.519,1.7,4.3,6.0,0.6,0.3,1.3,1.1,2.0,8.1,,2021
251.0,Hassan Whiteside,32.0,UTA,C,65.0,8.0,17.9,3.3,5.1,0.652,0.0,0.0,,3.3,5.1,0.652,0.652,1.6,2.6,0.623,2.6,5.0,7.6,0.4,0.3,1.6,0.8,2.8,8.2,,2022
325.0,Hassani Gravett,25.0,ORL,PG,8.0,3.0,21.4,2.3,4.8,0.474,1.4,3.3,0.423,0.9,1.5,0.583,0.618,0.4,0.5,0.75,0.1,2.5,2.6,2.5,0.6,0.1,1.1,1.6,6.3,,2022
392.0,Haywood Highsmith,26.0,MIA,PF,54.0,11.0,17.9,1.7,4.0,0.431,0.7,2.0,0.339,1.0,2.0,0.523,0.516,0.2,0.5,0.464,1.1,2.4,3.5,0.8,0.7,0.3,0.8,1.5,4.4,,2023
296.0,Haywood Highsmith,27.0,MIA,PF,66.0,26.0,20.7,2.3,5.0,0.465,1.2,2.9,0.396,1.2,2.1,0.562,0.581,0.3,0.5,0.639,1.0,2.2,3.2,1.1,0.8,0.5,0.5,1.8,6.1,,2024
321.0,Haywood Highsmith,28.0,MIA,SF,74.0,42.0,24.6,2.4,5.3,0.458,1.2,3.1,0.382,1.2,2.1,0.57,0.572,0.4,0.6,0.721,1.0,2.4,3.4,1.5,0.9,0.5,0.7,2.2,6.5,,2025
263.0,Henry Ellenson,24.0,TOR,PF,2.0,0.0,19.0,2.5,7.0,0.357,1.0,4.5,0.222,1.5,2.5,0.6,0.429,1.5,2.0,0.75,1.5,4.5,6.0,2.5,0.0,0.0,0.0,3.5,7.5,,2021
208.0,Henry Sims,24.0,PHI,C,73.0,32.0,19.2,3.3,6.9,0.474,0.1,0.3,0.182,3.2,6.6,0.488,0.478,1.5,1.9,0.774,1.7,3.3,4.9,1.1,0.5,0.4,1.4,1.8,8.0,,2015
258.0,Henry Sims,25.0,BRK,C,14.0,4.0,18.8,2.4,5.5,0.429,0.0,0.0,,2.4,5.5,0.429,0.429,1.8,2.1,0.833,1.5,3.6,5.1,0.6,0.6,1.0,0.9,2.6,6.5,,2016
235.0,Henry Walker,27.0,MIA,SF,24.0,13.0,26.2,2.4,7.0,0.345,1.9,5.5,0.341,0.5,1.5,0.361,0.479,0.6,0.8,0.778,0.3,3.1,3.4,1.2,1.0,0.4,1.0,3.2,7.3,,2015
196.0,Herbert Jones,23.0,NOP,PF,78.0,69.0,29.9,3.5,7.4,0.476,0.7,2.2,0.337,2.8,5.2,0.533,0.525,1.8,2.1,0.84,1.3,2.5,3.8,2.1,1.7,0.8,1.3,3.1,9.5,,2022
186.0,Herbert Jones,24.0,NOP,PF,66.0,66.0,29.6,3.6,7.6,0.469,0.8,2.5,0.335,2.7,5.1,0.536,0.525,1.9,2.4,0.764,1.5,2.6,4.1,2.5,1.6,0.6,1.3,3.2,9.8,,2023
158.0,Herbert Jones,25.0,NOP,SF,76.0,76.0,30.5,3.9,7.7,0.498,1.5,3.6,0.418,2.4,4.1,0.568,0.595,1.8,2.1,0.867,1.0,2.6,3.6,2.6,1.4,0.8,1.2,2.9,11.0,,2024
180.0,Herbert Jones,26.0,NOP,SF,20.0,20.0,32.4,3.8,8.6,0.436,1.1,3.6,0.306,2.7,5.0,0.53,0.5,1.7,2.0,0.825,1.1,2.8,3.9,3.3,1.9,0.5,1.8,3.3,10.3,,2025
187.0,Hollis Thompson,23.0,PHI,SG,71.0,23.0,25.0,3.2,7.6,0.413,1.6,4.0,0.401,1.5,3.6,0.426,0.518,0.9,1.3,0.708,0.7,2.0,2.8,1.2,0.8,0.4,0.9,2.0,8.8,,2015
157.0,Hollis Thompson,24.0,PHI,SG,77.0,17.0,28.0,3.5,8.8,0.397,1.9,5.1,0.38,1.6,3.7,0.42,0.507,0.9,1.2,0.719,0.7,2.8,3.5,1.3,0.5,0.3,1.0,2.4,9.8,,2016
320.0,Hollis Thompson,25.0,PHI,SG,31.0,1.0,18.1,2.1,5.1,0.415,0.8,2.3,0.366,1.3,2.8,0.455,0.497,0.4,0.6,0.65,0.5,2.2,2.7,0.8,0.5,0.2,0.3,1.8,5.5,,2017
248.0,Ian Clark,26.0,NOP,SG,74.0,2.0,19.7,3.0,6.7,0.448,0.8,2.6,0.318,2.2,4.1,0.533,0.511,0.6,0.8,0.763,0.1,1.6,1.7,1.5,0.4,0.1,0.8,1.6,7.4,,2018
282.0,Ian Clark,27.0,NOP,SG,60.0,6.0,16.2,2.5,6.4,0.394,1.1,3.4,0.327,1.4,3.0,0.47,0.48,0.6,0.6,0.892,0.2,1.3,1.5,1.6,0.4,0.1,1.0,1.6,6.7,,2019
356.0,Ian Mahinmi,28.0,IND,C,61.0,6.0,18.8,1.9,3.5,0.552,0.0,0.0,,1.9,3.5,0.552,0.552,0.5,1.7,0.304,1.7,4.1,5.8,0.5,0.5,0.8,1.0,2.8,4.3,,2015
166.0,Ian Mahinmi,29.0,IND,C,71.0,71.0,25.6,3.7,6.3,0.589,0.0,0.0,,3.7,6.3,0.589,0.589,1.9,3.2,0.587,1.9,5.2,7.1,1.5,0.9,1.1,1.4,3.1,9.3,,2016
301.0,Ian Mahinmi,30.0,WAS,C,31.0,0.0,17.9,2.1,3.6,0.586,0.0,0.0,,2.1,3.6,0.586,0.586,1.4,2.4,0.573,1.5,3.3,4.8,0.6,1.1,0.8,1.1,2.9,5.6,,2017
253.0,Ian Mahinmi,33.0,WAS,C,38.0,35.0,21.3,2.7,5.5,0.495,0.1,0.7,0.192,2.6,4.8,0.538,0.507,1.8,3.0,0.619,2.1,3.7,5.7,1.3,0.8,1.2,1.2,3.0,7.4,,2020
205.0,Iman Shumpert,24.0,NYK,SG,24.0,24.0,26.0,3.7,9.0,0.409,1.0,2.8,0.348,2.7,6.2,0.436,0.463,1.0,1.5,0.676,0.9,2.5,3.4,3.3,1.3,0.1,1.8,2.8,9.3,,2015
292.0,Iman Shumpert,25.0,CLE,SG,54.0,5.0,24.4,2.1,5.6,0.374,0.8,2.7,0.295,1.3,2.9,0.447,0.444,0.7,0.9,0.784,0.6,3.2,3.8,1.7,1.0,0.4,1.1,2.2,5.8,,2016
217.0,Iman Shumpert,26.0,CLE,SG,76.0,31.0,25.5,2.6,6.4,0.411,1.2,3.4,0.36,1.4,3.0,0.469,0.507,0.9,1.2,0.789,0.5,2.4,2.9,1.4,0.8,0.4,1.0,2.0,7.5,,2017
376.0,Iman Shumpert,27.0,CLE,SG,14.0,6.0,19.7,1.6,4.1,0.379,0.5,1.9,0.269,1.1,2.3,0.469,0.44,0.8,1.1,0.733,0.5,2.4,2.9,1.2,0.6,0.3,1.1,1.6,4.4,,2018
243.0,Iman Shumpert,28.0,SAC,SG,42.0,40.0,26.2,3.2,8.3,0.382,1.8,4.8,0.366,1.4,3.5,0.404,0.489,0.8,1.0,0.829,0.5,2.6,3.1,2.2,1.1,0.5,0.9,2.2,8.9,,2019
393.0,Iman Shumpert,29.0,BRK,SF,13.0,0.0,18.5,1.6,4.9,0.328,0.6,2.5,0.242,1.0,2.4,0.419,0.391,0.3,0.5,0.571,0.7,1.9,2.6,0.9,0.9,0.2,0.8,1.6,4.2,,2020
153.0,Immanuel Quickley,21.0,NYK,PG,64.0,3.0,19.4,3.6,9.1,0.395,1.8,4.7,0.389,1.7,4.3,0.401,0.497,2.4,2.7,0.891,0.4,1.8,2.1,2.0,0.5,0.2,0.9,1.8,11.4,,2021
149.0,Immanuel Quickley,22.0,NYK,PG,78.0,3.0,23.1,3.6,9.3,0.392,1.8,5.1,0.346,1.9,4.2,0.448,0.487,2.3,2.6,0.881,0.4,2.8,3.2,3.5,0.7,0.0,1.3,2.1,11.3,,2022
98.0,Immanuel Quickley,23.0,NYK,SG,81.0,21.0,28.9,5.2,11.6,0.448,2.1,5.6,0.37,3.1,6.0,0.521,0.537,2.5,3.1,0.819,0.7,3.4,4.2,3.4,1.0,0.2,1.2,2.0,14.9,,2023
74.0,Immanuel Quickley,24.0,TOR,PG,38.0,38.0,33.3,6.2,14.7,0.422,2.8,7.1,0.395,3.4,7.6,0.448,0.518,3.3,4.0,0.841,0.3,4.5,4.8,6.8,0.9,0.2,1.8,2.0,18.6,,2024
76.0,Immanuel Quickley,25.0,TOR,PG,33.0,33.0,27.8,5.6,13.3,0.42,2.6,6.8,0.378,3.0,6.5,0.465,0.517,3.4,3.9,0.867,0.5,3.1,3.5,5.8,0.7,0.1,1.8,1.8,17.1,,2025
352.0,Isaac Bonga,20.0,WAS,SF,66.0,49.0,18.9,1.8,3.5,0.504,0.4,1.1,0.352,1.4,2.5,0.571,0.558,1.0,1.3,0.812,1.1,2.3,3.4,1.2,0.7,0.3,0.9,2.4,5.0,,2020
195.0,Isaac Okoro,20.0,CLE,SG,67.0,67.0,32.4,3.5,8.3,0.42,0.9,3.2,0.29,2.6,5.1,0.501,0.476,1.7,2.3,0.726,1.0,2.1,3.1,1.9,0.9,0.4,1.3,2.8,9.6,,2021
224.0,Isaac Okoro,21.0,CLE,SF,67.0,61.0,29.6,3.1,6.4,0.48,0.8,2.3,0.35,2.3,4.1,0.555,0.544,1.8,2.3,0.768,1.1,1.9,3.0,1.8,0.8,0.3,0.9,2.4,8.8,,2022
308.0,Isaac Okoro,22.0,CLE,SF,76.0,46.0,21.7,2.3,4.7,0.494,0.8,2.3,0.363,1.5,2.4,0.617,0.582,1.0,1.4,0.757,0.7,1.8,2.5,1.1,0.7,0.4,0.6,2.1,6.4,,2023
196.0,Isaac Okoro,23.0,CLE,SF,69.0,42.0,27.3,3.4,7.0,0.49,1.2,3.1,0.391,2.2,3.8,0.57,0.577,1.3,2.0,0.679,1.0,2.0,3.0,1.9,0.8,0.5,0.8,2.0,9.4,,2024
338.0,Isaac Okoro,24.0,CLE,SG,55.0,22.0,19.1,2.3,4.9,0.464,1.0,2.7,0.371,1.2,2.1,0.586,0.569,0.6,0.8,0.717,0.9,1.5,2.4,1.2,0.6,0.3,0.4,1.9,6.1,,2025
174.0,Isaiah Canaan,23.0,PHI,PG,22.0,12.0,25.9,4.2,11.2,0.377,2.7,7.4,0.364,1.5,3.9,0.4,0.496,1.5,1.8,0.846,0.3,2.1,2.5,3.1,0.7,0.1,1.8,2.5,12.6,,2015
128.0,Isaiah Canaan,24.0,PHI,SG,77.0,39.0,25.5,3.4,9.4,0.36,2.3,6.3,0.363,1.1,3.1,0.354,0.482,1.9,2.3,0.833,0.3,2.0,2.3,1.8,0.7,0.2,1.2,1.7,11.0,,2016
343.0,Isaiah Canaan,25.0,CHI,SG,39.0,0.0,15.2,1.6,4.4,0.364,0.6,2.4,0.266,1.0,2.0,0.481,0.436,0.8,0.8,0.909,0.2,1.1,1.3,0.9,0.6,0.0,0.5,0.9,4.6,,2017
202.0,Isaiah Canaan,26.0,PHO,PG,19.0,1.0,22.0,2.7,7.2,0.382,1.2,3.5,0.333,1.6,3.7,0.429,0.463,2.4,2.7,0.902,0.3,2.0,2.3,4.0,0.8,0.1,1.5,1.9,9.1,,2018
311.0,Isaiah Canaan,27.0,PHO,PG,19.0,15.0,26.5,2.7,6.8,0.395,1.3,3.8,0.347,1.4,3.0,0.456,0.492,0.8,1.1,0.75,0.3,2.3,2.6,3.3,0.6,0.0,1.5,2.4,7.5,,2019
240.0,Isaiah Collier,20.0,UTA,PG,71.0,46.0,25.9,3.3,7.8,0.422,0.6,2.4,0.249,2.7,5.4,0.497,0.459,1.5,2.2,0.682,0.5,2.9,3.3,6.3,0.9,0.2,2.9,2.1,8.7,,2025
240.0,Isaiah Hartenstein,23.0,LAC,C,68.0,0.0,17.9,3.4,5.4,0.626,0.2,0.4,0.467,3.2,4.9,0.64,0.645,1.3,1.9,0.689,1.7,3.2,4.9,2.4,0.7,1.1,1.2,2.5,8.3,,2022
361.0,Isaiah Hartenstein,24.0,NYK,C,82.0,8.0,19.8,2.1,4.0,0.535,0.1,0.5,0.216,2.0,3.5,0.576,0.547,0.6,0.9,0.676,2.5,4.0,6.5,1.2,0.6,0.8,0.8,2.6,5.0,,2023
233.0,Isaiah Hartenstein,25.0,NYK,C,75.0,49.0,25.3,3.1,4.9,0.644,0.0,0.0,0.333,3.1,4.8,0.646,0.645,1.5,2.1,0.707,3.3,5.1,8.3,2.5,1.2,1.1,1.2,2.8,7.8,,2024
155.0,Isaiah Hartenstein,26.0,OKC,C,57.0,53.0,27.9,4.9,8.4,0.581,0.0,0.3,0.0,4.9,8.1,0.605,0.581,1.4,2.1,0.675,2.9,7.9,10.7,3.8,0.8,1.1,1.7,3.0,11.2,,2025
241.0,Isaiah Jackson,20.0,IND,C,36.0,15.0,15.0,3.2,5.7,0.563,0.1,0.4,0.313,3.1,5.3,0.584,0.575,1.7,2.4,0.682,1.7,2.5,4.1,0.3,0.7,1.4,1.1,2.6,8.3,,2022
264.0,Isaiah Jackson,21.0,IND,C,63.0,12.0,16.5,2.8,5.0,0.563,0.0,0.2,0.143,2.8,4.8,0.582,0.566,1.5,2.3,0.651,1.8,2.7,4.5,0.8,0.5,1.5,0.8,2.4,7.2,,2023
298.0,Isaiah Jackson,23.0,IND,C,5.0,1.0,16.8,2.8,4.6,0.609,0.0,0.0,,2.8,4.6,0.609,0.609,1.4,2.8,0.5,2.2,3.4,5.6,1.0,0.6,1.6,1.0,2.8,7.0,,2025
192.0,Isaiah Joe,23.0,OKC,SG,73.0,10.0,19.1,3.1,7.0,0.441,2.2,5.4,0.409,0.9,1.6,0.553,0.599,1.1,1.4,0.82,0.4,2.0,2.4,1.2,0.7,0.1,0.5,1.4,9.5,,2023
221.0,Isaiah Joe,24.0,OKC,SG,78.0,1.0,18.5,2.8,6.2,0.458,1.9,4.5,0.416,1.0,1.7,0.568,0.609,0.6,0.7,0.865,0.4,1.9,2.3,1.3,0.6,0.3,0.6,1.1,8.2,,2024
182.0,Isaiah Joe,25.0,OKC,SG,74.0,16.0,21.7,3.5,7.9,0.44,2.6,6.3,0.412,0.9,1.6,0.549,0.604,0.6,0.8,0.821,0.6,2.1,2.6,1.6,0.6,0.1,0.5,1.5,10.2,,2025
321.0,Isaiah Livers,23.0,DET,SF,19.0,5.0,20.2,2.2,4.7,0.456,1.4,3.4,0.422,0.7,1.4,0.538,0.606,0.6,0.7,0.857,0.8,2.2,3.0,1.1,0.7,0.4,0.8,1.9,6.4,,2022
290.0,Isaiah Livers,24.0,DET,PF,52.0,22.0,23.1,2.3,5.5,0.417,1.4,3.9,0.365,0.9,1.6,0.541,0.545,0.6,0.8,0.821,0.5,2.2,2.8,0.8,0.5,0.5,0.6,2.0,6.7,,2023
346.0,Isaiah Livers,25.0,DET,PF,23.0,6.0,20.4,1.7,5.0,0.345,1.0,3.3,0.286,0.8,1.7,0.462,0.44,0.5,0.8,0.667,0.7,1.4,2.1,1.1,0.6,0.2,0.7,1.9,5.0,,2024
343.0,Isaiah Mobley,25.0,PHI,PF,1.0,0.0,17.0,2.0,7.0,0.286,1.0,3.0,0.333,1.0,4.0,0.25,0.357,1.0,2.0,0.5,1.0,3.0,4.0,5.0,1.0,1.0,0.0,3.0,6.0,,2025
223.0,Isaiah Roby,22.0,OKC,PF,61.0,34.0,23.4,3.4,7.0,0.483,0.5,1.8,0.294,2.9,5.2,0.547,0.52,1.4,1.9,0.744,1.5,4.1,5.6,1.8,0.9,0.6,1.9,2.7,8.7,,2021
183.0,Isaiah Roby,23.0,OKC,PF,45.0,28.0,21.1,3.7,7.2,0.514,1.0,2.2,0.444,2.7,5.0,0.545,0.582,1.7,2.6,0.672,1.7,3.2,4.8,1.6,0.8,0.8,1.0,2.4,10.1,,2022
247.0,Isaiah Stewart,19.0,DET,C,68.0,14.0,21.4,3.3,6.0,0.553,0.3,0.9,0.333,3.0,5.1,0.592,0.578,0.9,1.4,0.696,2.3,4.3,6.7,0.9,0.6,1.3,1.0,2.7,7.9,,2021
244.0,Isaiah Stewart,20.0,DET,C,71.0,71.0,25.6,3.5,6.9,0.51,0.2,0.6,0.326,3.3,6.3,0.529,0.526,1.0,1.5,0.718,3.2,5.5,8.7,1.2,0.3,1.1,1.2,3.0,8.3,,2022
149.0,Isaiah Stewart,21.0,DET,C,50.0,47.0,28.3,3.9,8.8,0.442,1.3,4.1,0.327,2.6,4.7,0.542,0.518,2.2,3.0,0.738,2.3,5.8,8.1,1.4,0.4,0.7,1.4,2.7,11.3,,2023
162.0,Isaiah Stewart,22.0,DET,PF,46.0,45.0,30.9,4.0,8.3,0.487,1.5,3.8,0.383,2.6,4.5,0.575,0.575,1.4,1.8,0.753,1.6,5.0,6.6,1.6,0.4,0.8,1.4,2.2,10.9,,2024
344.0,Isaiah Stewart,23.0,DET,C,72.0,4.0,19.9,2.4,4.4,0.559,0.2,0.7,0.321,2.2,3.6,0.607,0.586,0.9,1.2,0.759,1.8,3.7,5.5,1.7,0.4,1.4,0.9,2.5,6.0,,2025
279.0,Isaiah Taylor,23.0,ATL,PG,67.0,9.0,17.4,2.4,5.8,0.418,0.3,1.2,0.25,2.1,4.6,0.461,0.444,1.5,2.1,0.702,0.3,1.1,1.4,3.1,0.5,0.1,1.3,1.7,6.6,,2018
43.0,Isaiah Thomas,25.0,PHO,PG,46.0,1.0,25.7,4.7,11.1,0.426,1.8,4.5,0.391,3.0,6.6,0.449,0.505,4.0,4.6,0.872,0.6,1.8,2.4,3.7,1.0,0.1,1.9,2.3,15.2,,2015
11.0,Isaiah Thomas,26.0,BOS,PG,82.0,79.0,32.2,7.2,16.9,0.428,2.0,5.7,0.359,5.2,11.2,0.462,0.488,5.8,6.6,0.871,0.6,2.4,3.0,6.2,1.1,0.1,2.7,2.0,22.2,,2016
3.0,Isaiah Thomas,27.0,BOS,PG,76.0,76.0,33.8,9.0,19.4,0.463,3.2,8.5,0.379,5.8,10.9,0.528,0.546,7.8,8.5,0.909,0.6,2.1,2.7,5.9,0.9,0.2,2.8,2.2,28.9,,2017
66.0,Isaiah Thomas,28.0,LAL,PG,17.0,1.0,26.8,5.1,13.4,0.383,1.9,5.9,0.327,3.2,7.4,0.429,0.456,3.4,3.7,0.921,0.6,1.5,2.1,5.0,0.4,0.1,3.2,1.9,15.6,,2018
226.0,Isaiah Thomas,29.0,DEN,SG,12.0,0.0,15.1,2.8,8.3,0.343,1.0,3.6,0.279,1.8,4.7,0.393,0.404,1.4,2.3,0.63,0.4,0.7,1.1,1.9,0.4,0.1,1.5,1.4,8.1,,2019
123.0,Isaiah Thomas,30.0,WAS,PG,40.0,37.0,23.1,4.4,10.7,0.408,2.0,4.7,0.413,2.4,5.9,0.405,0.5,1.6,1.9,0.816,0.3,1.4,1.7,3.7,0.3,0.2,1.9,1.9,12.2,,2020
258.0,Isaiah Thomas,31.0,NOP,PG,3.0,0.0,16.0,3.0,9.0,0.333,1.0,4.0,0.25,2.0,5.0,0.4,0.389,0.7,0.7,1.0,0.3,1.0,1.3,1.7,0.3,0.0,2.0,1.0,7.7,,2021
236.0,Isaiah Thomas,32.0,LAL,PG,4.0,1.0,25.3,3.0,9.8,0.308,1.3,5.5,0.227,1.8,4.3,0.412,0.372,2.0,2.8,0.727,0.3,1.8,2.0,1.5,0.0,0.5,1.3,3.0,9.3,,2022
220.0,Isaiah Whitehead,21.0,BRK,PG,73.0,26.0,22.5,2.8,7.0,0.402,0.6,2.0,0.295,2.2,4.9,0.446,0.445,1.2,1.5,0.805,0.4,2.1,2.5,2.6,0.6,0.5,1.9,2.4,7.4,,2017
272.0,Ish Smith,26.0,PHI,PG,25.0,14.0,27.1,5.1,12.9,0.398,0.7,2.2,0.309,4.4,10.7,0.416,0.424,1.1,1.9,0.583,0.4,2.5,2.9,6.1,1.3,0.2,2.8,1.5,12.0,,2015
99.0,Ish Smith,27.0,PHI,PG,50.0,50.0,32.4,6.0,14.8,0.405,0.9,2.7,0.336,5.1,12.0,0.42,0.436,1.8,2.7,0.669,0.6,3.7,4.3,7.0,1.3,0.4,2.6,1.9,14.7,,2016
165.0,Ish Smith,28.0,DET,PG,81.0,32.0,24.1,4.1,9.2,0.439,0.3,1.3,0.267,3.7,8.0,0.467,0.458,0.9,1.3,0.706,0.3,2.6,2.9,5.2,0.8,0.4,1.4,1.6,9.4,,2017
155.0,Ish Smith,29.0,DET,PG,82.0,35.0,24.9,4.7,9.8,0.486,0.4,1.2,0.347,4.3,8.5,0.506,0.507,1.0,1.4,0.698,0.3,2.4,2.7,4.4,0.8,0.2,1.3,1.7,10.9,,2018
205.0,Ish Smith,30.0,DET,PG,56.0,0.0,22.3,3.7,8.7,0.419,0.8,2.4,0.326,2.9,6.3,0.455,0.464,0.8,1.1,0.758,0.4,2.2,2.6,3.6,0.5,0.2,1.1,1.9,8.9,,2019
158.0,Ish Smith,31.0,WAS,PG,68.0,23.0,26.3,4.5,10.1,0.447,0.9,2.5,0.367,3.6,7.6,0.473,0.492,0.9,1.3,0.721,0.4,2.8,3.2,4.9,0.9,0.4,1.4,1.6,10.9,,2020
303.0,Ish Smith,32.0,WAS,PG,44.0,1.0,21.0,2.9,6.8,0.434,0.4,1.1,0.367,2.5,5.6,0.448,0.465,0.4,0.8,0.576,0.5,2.9,3.4,3.9,0.7,0.3,0.9,1.4,6.7,,2021
322.0,Ish Smith,33.0,WAS,PG,28.0,0.0,22.0,4.0,8.8,0.457,0.5,1.5,0.357,3.5,7.3,0.478,0.488,0.1,0.2,0.6,0.5,2.5,3.0,5.2,1.0,0.5,1.5,1.6,8.6,,2022
446.0,Ish Smith,35.0,CHO,PG,43.0,5.0,17.2,1.5,3.7,0.418,0.1,0.2,0.5,1.4,3.5,0.413,0.43,0.1,0.1,0.75,0.3,1.5,1.8,3.4,0.4,0.1,1.1,1.1,3.2,,2024
403.0,Ish Wainright,28.0,PHO,SF,60.0,2.0,15.3,1.4,3.8,0.37,1.0,2.9,0.329,0.5,0.9,0.5,0.496,0.4,0.5,0.839,0.8,1.6,2.3,0.9,0.6,0.4,0.4,2.0,4.2,,2023
218.0,Ivica Zubac,19.0,LAL,C,38.0,11.0,16.0,3.3,6.3,0.529,0.0,0.1,0.0,3.3,6.2,0.536,0.529,0.8,1.3,0.653,1.1,3.1,4.2,0.8,0.4,0.9,0.8,1.7,7.5,,2017
199.0,Ivica Zubac,21.0,LAL,C,33.0,12.0,15.6,3.4,5.8,0.58,0.0,0.0,,3.4,5.8,0.58,0.58,1.7,2.0,0.864,1.6,3.3,4.9,0.8,0.1,0.8,1.0,2.2,8.5,,2019
225.0,Ivica Zubac,22.0,LAC,C,72.0,70.0,18.4,3.3,5.3,0.613,0.0,0.0,0.0,3.3,5.3,0.616,0.613,1.7,2.3,0.747,2.7,4.8,7.5,1.1,0.2,0.9,0.8,2.3,8.3,,2020
214.0,Ivica Zubac,23.0,LAC,C,72.0,33.0,22.3,3.6,5.5,0.652,0.0,0.1,0.25,3.6,5.4,0.656,0.654,1.9,2.4,0.789,2.6,4.6,7.2,1.3,0.3,0.9,1.1,2.6,9.0,,2021
176.0,Ivica Zubac,24.0,LAC,C,76.0,76.0,24.4,4.1,6.5,0.626,0.0,0.0,,4.1,6.5,0.626,0.626,2.2,3.0,0.727,2.9,5.6,8.5,1.6,0.5,1.0,1.5,2.7,10.3,,2022
158.0,Ivica Zubac,25.0,LAC,C,76.0,76.0,28.6,4.3,6.8,0.634,0.0,0.0,0.0,4.3,6.7,0.637,0.634,2.2,3.1,0.697,3.1,6.8,9.9,1.0,0.4,1.3,1.5,2.9,10.8,,2023
144.0,Ivica Zubac,26.0,LAC,C,68.0,68.0,26.4,5.0,7.6,0.649,0.0,0.0,,5.0,7.6,0.649,0.649,1.8,2.4,0.723,2.9,6.3,9.2,1.4,0.3,1.2,1.2,2.6,11.7,,2024
81.0,Ivica Zubac,27.0,LAC,C,80.0,80.0,32.8,7.4,11.8,0.628,0.0,0.0,,7.4,11.8,0.628,0.628,2.0,3.0,0.661,3.8,8.9,12.6,2.7,0.7,1.1,1.6,2.1,16.8,,2025
226.0,J.J. Barea,30.0,DAL,PG,77.0,10.0,17.7,2.9,7.0,0.42,0.7,2.2,0.323,2.2,4.8,0.463,0.47,1.0,1.2,0.809,0.3,1.4,1.7,3.4,0.4,0.0,0.9,1.4,7.5,,2015
132.0,J.J. Barea,31.0,DAL,PG,74.0,16.0,22.5,4.3,9.6,0.446,1.4,3.5,0.385,2.9,6.1,0.481,0.516,1.0,1.3,0.771,0.4,1.7,2.1,4.1,0.4,0.0,1.5,1.5,10.9,,2016
123.0,J.J. Barea,32.0,DAL,PG,35.0,6.0,22.0,4.1,9.8,0.414,1.5,4.2,0.358,2.5,5.6,0.456,0.491,1.3,1.5,0.863,0.3,2.1,2.4,5.5,0.4,0.0,1.8,0.9,10.9,,2017
138.0,J.J. Barea,33.0,DAL,PG,69.0,11.0,23.2,4.4,10.0,0.439,1.7,4.5,0.367,2.7,5.5,0.499,0.522,1.2,1.5,0.784,0.2,2.7,2.9,6.3,0.5,0.0,2.1,1.2,11.6,,2018
151.0,J.J. Barea,34.0,DAL,PG,38.0,0.0,19.8,4.2,10.1,0.418,1.0,3.4,0.297,3.2,6.8,0.479,0.468,1.4,2.1,0.705,0.3,2.2,2.5,5.6,0.6,0.0,1.9,1.3,10.9,,2019
240.0,J.J. Barea,35.0,DAL,PG,29.0,6.0,15.5,2.9,7.1,0.411,1.1,2.9,0.376,1.8,4.2,0.434,0.488,0.7,0.8,0.909,0.3,1.5,1.8,3.9,0.2,0.1,1.3,0.9,7.7,,2020
223.0,J.J. Hickson,26.0,DEN,C,73.0,8.0,19.3,3.0,6.3,0.475,0.0,0.0,0.0,3.0,6.3,0.477,0.475,1.6,2.8,0.577,2.1,4.1,6.2,0.8,0.5,0.5,1.3,1.9,7.6,,2015
103.0,J.R. Smith,29.0,NYK,SG,24.0,6.0,25.8,4.2,10.5,0.402,1.3,3.8,0.356,2.9,6.7,0.429,0.466,1.1,1.6,0.692,0.2,2.3,2.4,3.4,0.8,0.2,1.9,1.8,10.9,,2015
103.0,J.R. Smith,30.0,CLE,SG,77.0,77.0,30.7,4.6,11.0,0.415,2.6,6.6,0.4,1.9,4.4,0.438,0.535,0.6,0.9,0.634,0.6,2.3,2.8,1.7,1.1,0.3,0.8,2.6,12.4,,2016
189.0,J.R. Smith,31.0,CLE,SG,41.0,35.0,29.0,3.0,8.7,0.346,2.3,6.6,0.351,0.7,2.1,0.329,0.479,0.2,0.4,0.667,0.4,2.3,2.8,1.5,1.0,0.3,0.6,1.9,8.6,,2017
216.0,J.R. Smith,32.0,CLE,SG,80.0,61.0,28.1,3.0,7.4,0.403,1.8,4.8,0.375,1.2,2.7,0.453,0.524,0.5,0.7,0.696,0.4,2.6,2.9,1.8,0.9,0.1,1.0,2.0,8.3,,2018
285.0,J.R. Smith,33.0,CLE,SG,11.0,4.0,20.2,2.5,7.2,0.342,1.1,3.5,0.308,1.4,3.6,0.375,0.418,0.7,0.9,0.8,0.0,1.6,1.6,1.9,1.0,0.3,1.0,1.7,6.7,,2019
45.0,JJ Redick,30.0,LAC,SG,78.0,78.0,30.9,5.7,12.0,0.477,2.6,5.9,0.437,3.2,6.2,0.515,0.583,2.3,2.6,0.901,0.3,1.9,2.1,1.8,0.5,0.1,1.2,1.7,16.4,,2015
49.0,JJ Redick,31.0,LAC,SG,75.0,75.0,28.0,5.6,11.7,0.48,2.7,5.6,0.475,3.0,6.1,0.484,0.593,2.4,2.7,0.888,0.1,1.7,1.9,1.4,0.6,0.1,1.0,1.8,16.3,,2016
62.0,JJ Redick,32.0,LAC,SG,78.0,78.0,28.2,5.1,11.4,0.445,2.6,6.0,0.429,2.5,5.4,0.462,0.558,2.3,2.6,0.891,0.1,2.1,2.2,1.4,0.7,0.2,1.3,1.6,15.0,,2017
50.0,JJ Redick,33.0,PHI,SG,70.0,70.0,30.2,5.8,12.6,0.46,2.8,6.6,0.42,3.0,6.0,0.504,0.569,2.8,3.1,0.904,0.1,2.4,2.5,3.0,0.5,0.1,1.5,1.8,17.1,,2018
47.0,JJ Redick,34.0,PHI,SG,76.0,63.0,31.3,5.9,13.5,0.44,3.2,8.0,0.397,2.8,5.6,0.502,0.557,3.0,3.4,0.894,0.3,2.2,2.4,2.7,0.4,0.2,1.3,1.7,18.1,,2019
83.0,JJ Redick,35.0,NOP,SG,60.0,36.0,26.4,4.8,10.5,0.453,3.0,6.6,0.453,1.8,3.9,0.453,0.596,2.8,3.1,0.892,0.2,2.4,2.5,2.0,0.3,0.2,1.3,1.6,15.3,,2020
268.0,JJ Redick,36.0,NOP,SG,31.0,0.0,18.6,2.8,6.9,0.407,1.6,4.5,0.364,1.2,2.4,0.486,0.526,1.5,1.5,0.957,0.1,1.6,1.7,1.3,0.3,0.1,0.8,1.2,8.7,,2021
445.0,JT Thor,22.0,WAS,PF,11.0,0.0,18.8,1.5,4.0,0.364,0.3,1.4,0.2,1.2,2.6,0.448,0.398,0.7,1.3,0.571,1.5,2.3,3.8,0.5,0.5,0.5,0.3,1.0,3.9,,2025
60.0,Ja Morant,20.0,MEM,PG,67.0,67.0,31.0,6.7,14.0,0.477,0.9,2.7,0.335,5.8,11.3,0.511,0.509,3.6,4.6,0.776,0.8,3.1,3.9,7.3,0.9,0.3,3.3,1.6,17.8,,2020
51.0,Ja Morant,21.0,MEM,PG,63.0,63.0,32.6,6.8,15.2,0.449,1.2,3.8,0.303,5.7,11.4,0.499,0.487,4.3,5.9,0.728,0.9,3.1,4.0,7.4,0.9,0.2,3.2,1.4,19.1,,2021
9.0,Ja Morant,22.0,MEM,PG,57.0,57.0,33.1,10.2,20.6,0.493,1.5,4.5,0.344,8.6,16.2,0.534,0.53,5.5,7.3,0.761,1.4,4.4,5.7,6.7,1.2,0.4,3.4,1.5,27.4,,2022
14.0,Ja Morant,23.0,MEM,PG,61.0,59.0,31.9,9.3,19.9,0.466,1.5,4.9,0.307,7.8,15.0,0.519,0.504,6.1,8.1,0.748,1.0,4.9,5.9,8.1,1.1,0.3,3.4,1.6,26.2,,2023
18.0,Ja Morant,24.0,MEM,PG,9.0,9.0,35.3,8.9,18.9,0.471,1.6,5.7,0.275,7.3,13.2,0.555,0.512,5.8,7.1,0.813,0.7,4.9,5.6,8.1,0.8,0.6,3.0,2.1,25.1,,2024
30.0,Ja Morant,25.0,MEM,PG,50.0,50.0,30.4,8.1,17.8,0.454,1.8,5.7,0.309,6.3,12.1,0.523,0.504,5.3,6.4,0.824,0.7,3.4,4.1,7.3,1.2,0.2,3.7,2.3,23.2,,2025
248.0,Ja'Kobe Walter,20.0,TOR,SG,52.0,18.0,21.2,3.1,7.6,0.405,1.3,3.6,0.349,1.8,4.0,0.454,0.487,1.3,1.6,0.795,1.1,1.9,3.1,1.6,0.8,0.2,1.0,1.8,8.6,,2025
318.0,JaKarr Sampson,21.0,PHI,SF,74.0,32.0,15.3,2.0,4.7,0.422,0.4,1.7,0.244,1.6,3.0,0.525,0.467,0.9,1.3,0.67,0.5,1.7,2.2,1.0,0.5,0.4,1.0,1.8,5.2,,2015
362.0,JaKarr Sampson,24.0,SAC,SF,22.0,6.0,15.6,2.0,3.7,0.543,0.2,0.5,0.5,1.8,3.2,0.549,0.574,0.5,0.7,0.625,1.0,2.6,3.5,0.4,0.4,1.0,0.4,2.2,4.7,,2018
34.0,JaKarr Sampson,25.0,CHI,SF,4.0,0.0,31.8,7.3,13.5,0.537,1.3,3.5,0.357,6.0,10.0,0.6,0.583,4.3,5.3,0.81,1.3,6.8,8.0,1.0,1.0,0.8,1.0,2.0,20.0,,2019
222.0,JaMychal Green,25.0,MEM,PF,78.0,15.0,18.5,2.9,6.3,0.465,0.2,0.6,0.333,2.8,5.8,0.478,0.48,1.3,1.8,0.752,1.8,3.0,4.8,0.9,0.6,0.4,1.1,2.4,7.4,,2016
183.0,JaMychal Green,26.0,MEM,PF,77.0,75.0,27.3,3.2,6.5,0.5,0.7,1.9,0.379,2.5,4.6,0.549,0.555,1.7,2.2,0.802,2.2,4.9,7.1,1.1,0.6,0.4,1.2,3.2,8.9,,2017
163.0,JaMychal Green,27.0,MEM,PF,55.0,54.0,28.0,4.1,8.9,0.457,0.8,2.3,0.339,3.3,6.6,0.499,0.501,1.5,2.0,0.721,2.7,5.8,8.4,1.4,0.6,0.5,1.4,2.8,10.3,,2018
187.0,JaMychal Green,28.0,MEM,PF,41.0,4.0,22.0,3.7,7.6,0.484,0.9,2.3,0.396,2.8,5.3,0.523,0.545,1.5,2.0,0.788,1.8,4.4,6.1,0.9,0.8,0.6,1.6,3.0,9.8,,2019
274.0,JaMychal Green,29.0,LAC,PF,63.0,1.0,20.7,2.4,5.6,0.429,1.5,3.8,0.387,0.9,1.8,0.518,0.56,0.6,0.8,0.75,1.2,4.9,6.2,0.8,0.5,0.4,0.9,2.8,6.8,,2020
240.0,JaMychal Green,30.0,DEN,PF,58.0,5.0,19.3,3.0,6.4,0.463,1.4,3.4,0.399,1.6,3.0,0.534,0.568,0.8,1.0,0.807,1.5,3.3,4.8,0.9,0.4,0.4,0.9,2.5,8.1,,2021
318.0,JaMychal Green,31.0,DEN,PF,67.0,8.0,16.2,2.4,4.9,0.486,0.5,1.9,0.266,1.9,3.0,0.621,0.537,1.2,1.4,0.871,1.2,3.0,4.2,0.9,0.6,0.4,0.9,2.4,6.4,,2022
126.0,JaVale McGee,31.0,LAL,C,75.0,62.0,22.3,5.3,8.5,0.624,0.0,0.2,0.083,5.3,8.4,0.634,0.625,1.3,2.0,0.632,2.6,4.9,7.5,0.7,0.6,2.0,1.4,2.8,12.0,,2019
283.0,JaVale McGee,32.0,LAL,C,68.0,68.0,16.6,2.9,4.5,0.637,0.0,0.1,0.5,2.8,4.4,0.64,0.642,0.8,1.2,0.646,1.8,3.9,5.7,0.5,0.5,1.4,0.8,2.3,6.6,,2020
207.0,JaVale McGee,34.0,PHO,C,74.0,17.0,15.8,3.9,6.2,0.629,0.0,0.1,0.222,3.9,6.1,0.637,0.631,1.4,2.0,0.699,2.2,4.5,6.7,0.6,0.3,1.1,1.3,2.4,9.2,,2022
112.0,Jabari Brown,22.0,LAL,SG,19.0,5.0,29.9,3.7,8.9,0.412,1.2,3.3,0.371,2.5,5.7,0.435,0.479,3.4,4.5,0.753,0.2,1.7,1.9,2.1,0.6,0.1,1.7,1.7,11.9,,2015
101.0,Jabari Parker,19.0,MIL,PF,25.0,25.0,29.5,5.2,10.5,0.49,0.2,0.6,0.25,5.0,9.9,0.506,0.498,1.8,2.6,0.697,2.0,3.5,5.5,1.7,1.2,0.2,1.9,1.7,12.3,,2015
76.0,Jabari Parker,20.0,MIL,PF,76.0,72.0,31.7,5.8,11.8,0.493,0.1,0.5,0.257,5.7,11.4,0.502,0.498,2.3,3.0,0.768,1.6,3.6,5.2,1.7,0.9,0.4,1.5,2.0,14.1,,2016
33.0,Jabari Parker,21.0,MIL,PF,51.0,50.0,33.9,7.8,16.0,0.49,1.3,3.5,0.365,6.5,12.5,0.525,0.53,3.2,4.3,0.743,1.5,4.6,6.2,2.8,1.0,0.4,1.8,2.2,20.1,,2017
118.0,Jabari Parker,22.0,MIL,PF,31.0,3.0,24.0,5.2,10.7,0.482,1.0,2.6,0.383,4.2,8.1,0.514,0.529,1.3,1.7,0.741,1.4,3.5,4.9,1.9,0.8,0.3,1.5,1.6,12.6,,2018
87.0,Jabari Parker,23.0,WAS,PF,25.0,0.0,27.3,6.0,11.4,0.523,1.0,3.2,0.296,5.0,8.2,0.613,0.565,2.1,3.0,0.684,1.5,5.7,7.2,2.7,0.9,0.6,2.7,2.3,15.0,,2019
124.0,Jabari Smith Jr.,19.0,HOU,PF,79.0,79.0,31.0,4.6,11.3,0.408,1.5,4.9,0.307,3.1,6.3,0.487,0.475,2.1,2.6,0.786,1.5,5.7,7.2,1.3,0.5,0.9,1.3,2.9,12.8,,2023
114.0,Jabari Smith Jr.,20.0,HOU,PF,76.0,76.0,31.9,5.0,11.0,0.454,1.8,5.0,0.363,3.2,6.0,0.53,0.537,2.0,2.4,0.811,1.8,6.3,8.1,1.6,0.7,0.8,1.2,2.6,13.7,,2024
141.0,Jabari Smith Jr.,21.0,HOU,PF,57.0,39.0,30.1,4.4,9.9,0.438,1.7,4.9,0.354,2.6,5.1,0.519,0.525,1.8,2.2,0.825,1.8,5.2,7.0,1.1,0.4,0.7,1.1,2.2,12.2,,2025
205.0,Jabari Walker,21.0,POR,SF,72.0,23.0,23.6,3.3,7.1,0.46,0.6,1.9,0.295,2.7,5.1,0.522,0.5,1.8,2.4,0.754,2.1,5.0,7.1,1.0,0.6,0.3,0.9,2.4,8.9,,2024
527.0,Jack White,26.0,MEM,SF,4.0,0.0,16.0,0.5,4.0,0.125,0.5,2.5,0.2,0.0,1.5,0.0,0.188,0.0,0.0,,1.0,2.0,3.0,0.3,1.0,0.3,0.5,0.8,1.5,,2024
458.0,Jacob Gilyard,24.0,MEM,PG,1.0,0.0,41.0,1.0,3.0,0.333,1.0,3.0,0.333,0.0,0.0,,0.5,0.0,0.0,,0.0,4.0,4.0,7.0,3.0,0.0,2.0,3.0,3.0,,2023
385.0,Jacob Gilyard,25.0,MEM,PG,37.0,14.0,17.7,1.6,3.9,0.417,1.4,3.2,0.425,0.2,0.6,0.375,0.594,0.1,0.1,1.0,0.2,0.9,1.2,3.5,0.7,0.1,0.8,0.9,4.7,,2024
243.0,Jaden Hardy,22.0,DAL,SG,57.0,3.0,15.9,3.2,7.3,0.435,1.3,3.5,0.386,1.8,3.8,0.479,0.527,1.1,1.5,0.698,0.2,1.4,1.6,1.4,0.5,0.1,1.4,1.6,8.7,,2025
83.0,Jaden Ivey,20.0,DET,SG,74.0,73.0,31.1,5.5,13.3,0.416,1.6,4.7,0.343,3.9,8.6,0.457,0.477,3.6,4.8,0.747,1.0,2.9,3.9,5.2,0.8,0.2,3.2,3.3,16.3,,2023
90.0,Jaden Ivey,21.0,DET,SG,77.0,61.0,28.8,5.4,12.6,0.429,1.6,4.8,0.336,3.8,7.8,0.485,0.492,2.9,3.9,0.749,1.1,2.3,3.4,3.8,0.7,0.5,2.5,2.6,15.4,,2024
72.0,Jaden Ivey,22.0,DET,SG,30.0,30.0,29.9,6.3,13.8,0.46,2.1,5.1,0.409,4.2,8.6,0.49,0.536,2.8,3.9,0.733,1.3,2.8,4.1,4.0,0.9,0.4,3.0,2.2,17.6,,2025
295.0,Jaden McDaniels,20.0,MIN,PF,63.0,27.0,24.0,2.6,5.8,0.447,1.1,3.1,0.364,1.5,2.7,0.544,0.545,0.4,0.7,0.6,0.8,2.9,3.7,1.1,0.6,1.0,0.7,2.7,6.8,,2021
206.0,Jaden McDaniels,21.0,MIN,PF,70.0,31.0,25.8,3.6,7.9,0.46,1.1,3.6,0.317,2.5,4.3,0.579,0.532,0.8,1.0,0.803,1.1,3.1,4.2,1.1,0.7,0.8,1.1,3.2,9.2,,2022
136.0,Jaden McDaniels,22.0,MIN,SF,79.0,79.0,30.6,4.7,9.1,0.517,1.4,3.4,0.398,3.3,5.7,0.588,0.591,1.3,1.8,0.736,1.2,2.7,3.9,1.9,0.9,1.0,1.4,3.4,12.1,,2023
169.0,Jaden McDaniels,23.0,MIN,SF,72.0,71.0,29.2,4.3,8.7,0.489,1.2,3.5,0.337,3.1,5.2,0.592,0.557,0.8,1.1,0.722,0.8,2.3,3.1,1.4,0.9,0.6,1.2,3.0,10.5,,2024
140.0,Jaden McDaniels,24.0,MIN,PF,82.0,82.0,31.9,4.9,10.2,0.477,1.2,3.7,0.33,3.6,6.5,0.561,0.537,1.3,1.6,0.813,1.6,4.2,5.7,2.0,1.3,0.9,1.2,2.7,12.2,,2025
72.0,Jae Crowder,25.0,BOS,SF,73.0,73.0,31.6,4.9,11.1,0.443,1.7,5.0,0.336,3.3,6.2,0.529,0.518,2.7,3.3,0.82,1.0,4.2,5.1,1.8,1.7,0.5,1.1,2.7,14.2,,2016
81.0,Jae Crowder,26.0,BOS,SF,72.0,72.0,32.4,4.6,10.0,0.463,2.2,5.5,0.398,2.4,4.5,0.54,0.572,2.4,3.0,0.811,0.7,5.1,5.8,2.2,1.0,0.3,1.1,2.2,13.9,,2017
176.0,Jae Crowder,27.0,UTA,SF,27.0,0.0,27.6,4.2,10.9,0.386,1.8,5.6,0.316,2.4,5.3,0.462,0.468,1.6,2.1,0.768,0.7,3.1,3.8,1.5,0.9,0.3,1.2,2.3,11.8,,2018
129.0,Jae Crowder,28.0,UTA,SF,80.0,11.0,27.1,4.0,10.0,0.399,2.2,6.5,0.331,1.8,3.4,0.527,0.508,1.8,2.5,0.721,0.8,4.1,4.8,1.7,0.8,0.4,1.1,2.1,11.9,,2019
162.0,Jae Crowder,29.0,MIA,PF,20.0,8.0,27.7,4.0,8.2,0.482,2.9,6.4,0.445,1.1,1.8,0.611,0.655,1.1,1.5,0.733,0.6,4.8,5.4,1.8,1.3,0.5,0.8,2.9,11.9,,2020
181.0,Jae Crowder,30.0,PHO,PF,60.0,42.0,27.5,3.3,8.2,0.404,2.5,6.3,0.389,0.9,1.9,0.455,0.555,1.0,1.3,0.76,0.5,4.2,4.7,2.1,0.8,0.5,0.9,2.1,10.1,,2021
198.0,Jae Crowder,31.0,PHO,PF,67.0,67.0,28.1,3.2,8.1,0.399,1.9,5.4,0.348,1.3,2.7,0.503,0.516,1.1,1.3,0.789,0.4,4.8,5.3,1.9,1.4,0.4,0.8,2.6,9.4,,2022
276.0,Jae Crowder,32.0,MIL,PF,18.0,3.0,18.9,2.5,5.2,0.479,1.3,3.1,0.436,1.2,2.2,0.538,0.606,0.6,0.7,0.833,0.9,2.9,3.8,1.5,0.7,0.3,0.4,1.5,6.9,,2023
294.0,Jae Crowder,33.0,MIL,PF,50.0,25.0,23.1,2.3,5.4,0.422,1.2,3.3,0.349,1.1,2.1,0.538,0.53,0.5,0.7,0.722,0.6,2.6,3.2,1.3,0.8,0.2,0.5,1.5,6.2,,2024
155.0,Jae'Sean Tate,25.0,HOU,SF,70.0,58.0,29.2,4.5,8.9,0.506,0.9,2.8,0.308,3.7,6.1,0.595,0.554,1.5,2.1,0.694,1.9,3.5,5.3,2.5,1.2,0.5,1.4,3.2,11.3,,2021
138.0,Jae'Sean Tate,26.0,HOU,PF,78.0,77.0,26.4,4.7,9.3,0.498,0.8,2.6,0.312,3.8,6.8,0.569,0.541,1.7,2.4,0.707,1.7,3.7,5.4,2.8,0.9,0.5,1.8,3.7,11.8,,2022
212.0,Jae'Sean Tate,27.0,HOU,SF,31.0,7.0,21.8,3.5,7.4,0.48,0.4,1.5,0.283,3.1,5.9,0.53,0.509,1.6,2.2,0.725,1.3,2.5,3.8,2.7,0.7,0.2,1.5,3.4,9.1,,2023
394.0,Jae'Sean Tate,28.0,HOU,SF,65.0,9.0,15.9,1.7,3.5,0.472,0.4,1.2,0.299,1.3,2.3,0.559,0.522,0.4,0.6,0.667,0.9,2.1,3.0,1.0,0.6,0.2,0.6,2.1,4.1,,2024
38.0,Jahlil Okafor,20.0,PHI,C,53.0,48.0,30.0,7.5,14.7,0.508,0.0,0.1,0.167,7.5,14.6,0.511,0.509,2.5,3.7,0.686,2.3,4.7,7.0,1.2,0.4,1.2,2.3,2.6,17.5,,2016
109.0,Jahlil Okafor,21.0,PHI,C,50.0,33.0,22.7,4.8,9.4,0.514,0.0,0.0,,4.8,9.4,0.514,0.514,2.1,3.2,0.671,1.6,3.2,4.8,1.2,0.4,1.0,1.8,2.4,11.8,,2017
223.0,Jahlil Okafor,23.0,NOP,C,59.0,24.0,15.8,3.6,6.1,0.586,0.0,0.1,0.2,3.6,6.1,0.591,0.587,1.0,1.5,0.663,1.4,3.3,4.7,0.7,0.3,0.7,0.9,1.6,8.2,,2019
230.0,Jahlil Okafor,24.0,NOP,C,30.0,9.0,15.6,3.4,5.4,0.623,0.0,0.1,0.333,3.3,5.3,0.629,0.627,1.3,2.1,0.645,1.6,2.6,4.2,1.2,0.2,0.7,1.3,2.2,8.1,,2020
275.0,Jahmi'us Ramsey,22.0,TOR,SG,7.0,1.0,17.3,2.6,5.9,0.439,0.9,3.1,0.273,1.7,2.7,0.632,0.512,0.7,0.9,0.833,0.6,2.6,3.1,1.1,1.0,0.0,1.0,1.4,6.7,,2024
141.0,Jaime Jaquez Jr.,22.0,MIA,SF,75.0,20.0,28.2,4.5,9.3,0.489,0.9,2.7,0.322,3.7,6.6,0.558,0.536,1.9,2.3,0.811,1.1,2.7,3.8,2.6,1.0,0.3,1.5,2.2,11.9,,2024
247.0,Jaime Jaquez Jr.,23.0,MIA,SF,66.0,17.0,20.7,3.2,7.0,0.461,0.6,1.8,0.311,2.7,5.2,0.513,0.501,1.6,2.2,0.754,1.3,3.1,4.4,2.5,0.9,0.2,1.5,1.2,8.6,,2025
165.0,Jake LaRavia,22.0,MEM,PF,35.0,6.0,23.0,3.4,8.7,0.389,1.5,4.5,0.34,1.9,4.2,0.442,0.477,2.6,3.1,0.826,1.5,2.2,3.7,1.7,0.8,0.3,1.3,2.0,10.8,,2024
301.0,Jake LaRavia,23.0,SAC,PF,19.0,0.0,19.3,2.2,5.1,0.438,1.1,2.7,0.385,1.2,2.3,0.5,0.542,0.6,1.0,0.579,1.2,1.6,2.8,1.3,0.9,0.2,0.9,2.1,6.1,,2025
241.0,Jake Layman,24.0,POR,SF,71.0,33.0,18.7,3.0,6.0,0.509,0.8,2.5,0.326,2.2,3.4,0.646,0.579,0.7,1.0,0.704,0.8,2.3,3.1,0.7,0.4,0.4,0.6,1.6,7.6,,2019
202.0,Jake Layman,25.0,MIN,SF,23.0,2.0,22.0,3.5,7.8,0.453,1.0,3.1,0.333,2.5,4.7,0.533,0.52,1.0,1.4,0.75,0.7,1.7,2.5,0.7,0.7,0.4,1.0,2.0,9.1,,2020
265.0,Jakob Poeltl,22.0,TOR,C,82.0,0.0,18.6,3.1,4.7,0.659,0.0,0.0,0.5,3.1,4.7,0.66,0.66,0.7,1.2,0.594,2.0,2.8,4.8,0.7,0.5,1.2,1.0,2.6,6.9,,2018
338.0,Jakob Poeltl,23.0,SAS,C,77.0,24.0,16.5,2.4,3.8,0.645,0.0,0.0,,2.4,3.8,0.645,0.645,0.6,1.2,0.533,2.3,3.0,5.3,1.2,0.4,0.9,0.6,1.6,5.5,,2019
329.0,Jakob Poeltl,24.0,SAS,C,66.0,18.0,17.7,2.5,4.0,0.624,0.0,0.0,,2.5,4.0,0.624,0.624,0.6,1.3,0.465,2.0,3.7,5.7,1.8,0.6,1.4,0.8,1.9,5.6,,2020
227.0,Jakob Poeltl,25.0,SAS,C,69.0,51.0,26.7,3.8,6.2,0.616,0.0,0.0,,3.8,6.2,0.616,0.616,0.9,1.8,0.508,3.2,4.8,7.9,1.9,0.7,1.8,1.2,2.5,8.6,,2021
109.0,Jakob Poeltl,26.0,SAS,C,68.0,67.0,29.0,6.0,9.8,0.618,0.0,0.0,1.0,6.0,9.7,0.618,0.619,1.4,2.8,0.495,3.9,5.5,9.3,2.8,0.7,1.7,1.6,3.1,13.5,,2022
129.0,Jakob Poeltl,27.0,TOR,C,26.0,25.0,27.2,5.8,8.8,0.652,0.0,0.0,,5.8,8.8,0.652,0.652,1.6,2.8,0.569,3.2,5.9,9.1,2.2,1.2,1.3,1.1,3.0,13.1,,2023
153.0,Jakob Poeltl,28.0,TOR,C,50.0,50.0,26.4,5.0,7.6,0.656,0.0,0.0,,5.0,7.6,0.656,0.656,1.2,2.1,0.551,2.9,5.7,8.6,2.5,0.7,1.5,1.5,3.0,11.1,,2024
102.0,Jakob Poeltl,29.0,TOR,C,57.0,56.0,29.6,6.4,10.2,0.627,0.0,0.1,0.333,6.4,10.1,0.628,0.628,1.7,2.5,0.674,3.3,6.3,9.6,2.8,1.2,1.2,1.9,3.1,14.5,,2025
193.0,Jalen Brunson,22.0,DAL,PG,73.0,38.0,21.8,3.6,7.7,0.467,0.9,2.5,0.348,2.8,5.3,0.523,0.523,1.2,1.6,0.725,0.3,2.0,2.3,3.2,0.5,0.1,1.2,1.7,9.3,,2019
226.0,Jalen Brunson,23.0,DAL,PG,57.0,16.0,17.9,3.2,6.8,0.466,0.8,2.1,0.358,2.4,4.7,0.515,0.522,1.1,1.3,0.813,0.4,2.0,2.4,3.3,0.4,0.1,1.2,1.3,8.2,,2020
132.0,Jalen Brunson,24.0,DAL,PG,68.0,12.0,25.0,4.8,9.2,0.523,1.2,2.9,0.405,3.6,6.3,0.578,0.588,1.8,2.2,0.795,0.4,3.0,3.4,3.5,0.5,0.0,1.2,1.6,12.6,,2021
73.0,Jalen Brunson,25.0,DAL,SG,79.0,61.0,31.9,6.4,12.8,0.502,1.2,3.2,0.373,5.2,9.6,0.545,0.549,2.3,2.7,0.84,0.5,3.4,3.9,4.8,0.8,0.0,1.6,1.9,16.3,,2022
27.0,Jalen Brunson,26.0,NYK,PG,68.0,68.0,35.0,8.6,17.6,0.491,2.0,4.7,0.416,6.7,12.8,0.519,0.547,4.8,5.8,0.829,0.6,3.0,3.5,6.2,0.9,0.2,2.1,2.2,24.0,,2023
5.0,Jalen Brunson,27.0,NYK,PG,77.0,77.0,35.4,10.3,21.4,0.479,2.7,6.8,0.401,7.5,14.6,0.516,0.543,5.5,6.5,0.847,0.6,3.1,3.6,6.7,0.9,0.2,2.4,1.9,28.7,,2024
10.0,Jalen Brunson,28.0,NYK,PG,65.0,65.0,35.4,9.0,18.5,0.488,2.3,6.1,0.383,6.7,12.4,0.539,0.551,5.7,6.9,0.821,0.4,2.5,2.9,7.3,0.9,0.1,2.5,2.1,26.0,,2025
208.0,Jalen Duren,19.0,DET,C,67.0,31.0,24.9,3.9,5.9,0.648,0.0,0.0,0.0,3.9,5.9,0.652,0.648,1.4,2.3,0.611,3.4,5.5,8.9,1.1,0.7,0.9,1.4,2.7,9.1,,2023
111.0,Jalen Duren,20.0,DET,C,61.0,60.0,29.1,5.7,9.2,0.619,0.0,0.1,0.0,5.7,9.2,0.623,0.619,2.3,3.0,0.79,3.1,8.5,11.6,2.4,0.5,0.8,2.1,3.1,13.8,,2024
149.0,Jalen Duren,21.0,DET,C,78.0,78.0,26.1,4.8,7.0,0.692,0.0,0.0,,4.8,7.0,0.692,0.692,2.1,3.1,0.669,3.6,6.8,10.3,2.7,0.7,1.1,1.7,3.2,11.8,,2025
60.0,Jalen Green,19.0,HOU,SG,67.0,67.0,31.9,6.1,14.2,0.426,2.3,6.8,0.343,3.7,7.4,0.502,0.508,2.8,3.5,0.797,0.5,2.9,3.4,2.6,0.7,0.3,2.0,1.5,17.3,,2022
34.0,Jalen Green,20.0,HOU,SG,76.0,76.0,34.2,7.4,17.9,0.416,2.5,7.3,0.338,5.0,10.6,0.471,0.485,4.8,6.1,0.786,0.6,3.2,3.7,3.7,0.8,0.2,2.6,1.7,22.1,,2023
55.0,Jalen Green,21.0,HOU,SG,82.0,82.0,31.7,6.9,16.2,0.423,2.5,7.4,0.332,4.4,8.9,0.498,0.498,3.5,4.3,0.804,0.5,4.7,5.2,3.5,0.8,0.3,2.3,1.4,19.6,,2024
43.0,Jalen Green,22.0,HOU,SG,82.0,82.0,32.9,7.4,17.5,0.423,2.9,8.1,0.354,4.6,9.5,0.482,0.505,3.3,4.1,0.813,0.5,4.0,4.6,3.4,0.9,0.3,2.5,1.5,21.0,,2025
292.0,Jalen Hood-Schifino,21.0,PHI,SG,13.0,0.0,23.2,2.8,7.5,0.371,1.1,3.5,0.304,1.7,3.9,0.431,0.443,1.2,1.5,0.842,0.2,1.8,2.0,2.8,0.4,0.5,1.3,1.7,7.8,,2025
82.0,Jalen Johnson,22.0,ATL,SF,56.0,52.0,33.7,6.4,12.5,0.511,1.3,3.6,0.355,5.1,9.0,0.574,0.562,1.9,2.6,0.728,1.3,7.4,8.7,3.6,1.2,0.8,1.8,2.4,16.0,,2024
59.0,Jalen Johnson,23.0,ATL,SF,36.0,36.0,35.7,7.5,15.1,0.5,1.2,3.9,0.312,6.3,11.1,0.566,0.541,2.6,3.5,0.746,1.7,8.3,10.0,5.0,1.6,1.0,2.9,1.9,18.9,,2025
328.0,Jalen McDaniels,22.0,CHO,SF,16.0,0.0,18.3,2.1,4.4,0.471,0.6,1.5,0.375,1.5,2.9,0.522,0.536,0.9,1.1,0.824,0.9,3.1,4.1,0.8,0.5,0.2,0.7,2.3,5.6,,2020
270.0,Jalen McDaniels,23.0,CHO,SF,47.0,18.0,19.2,2.8,6.0,0.468,0.7,2.2,0.333,2.1,3.8,0.547,0.53,1.0,1.4,0.703,1.0,2.6,3.6,1.1,0.6,0.4,1.0,2.0,7.4,,2021
333.0,Jalen McDaniels,24.0,CHO,SF,55.0,2.0,16.3,2.2,4.6,0.484,0.7,2.0,0.38,1.5,2.7,0.562,0.565,1.0,1.3,0.736,0.7,2.4,3.1,1.1,0.5,0.4,0.7,1.7,6.2,,2022
194.0,Jalen McDaniels,25.0,PHI,SF,24.0,3.0,17.5,2.5,5.1,0.488,0.5,1.3,0.4,2.0,3.9,0.516,0.537,1.2,1.4,0.824,0.8,2.4,3.2,0.8,0.7,0.2,0.5,2.1,6.7,,2023
198.0,Jalen Smith,22.0,IND,C,68.0,31.0,18.8,3.6,7.5,0.476,0.8,2.8,0.283,2.8,4.7,0.593,0.53,1.5,2.0,0.759,1.9,3.9,5.8,1.0,0.3,0.9,1.1,2.3,9.4,,2023
186.0,Jalen Smith,23.0,IND,C,61.0,14.0,17.2,3.8,6.5,0.592,1.0,2.4,0.424,2.8,4.1,0.689,0.67,1.2,1.7,0.692,1.8,3.7,5.5,1.0,0.3,0.6,0.7,2.0,9.9,,2024
261.0,Jalen Smith,24.0,CHI,C,64.0,2.0,15.0,3.0,6.4,0.466,1.1,3.5,0.324,1.8,2.9,0.634,0.554,1.1,1.4,0.809,1.4,4.2,5.6,1.0,0.3,0.7,0.6,1.5,8.2,,2025
137.0,Jalen Suggs,20.0,ORL,PG,48.0,45.0,27.2,4.1,11.4,0.361,0.9,4.1,0.214,3.3,7.3,0.443,0.4,2.6,3.4,0.773,0.5,3.0,3.6,4.4,1.2,0.4,3.0,3.0,11.8,,2022
182.0,Jalen Suggs,21.0,ORL,SG,53.0,19.0,23.5,3.5,8.4,0.419,1.2,3.8,0.327,2.3,4.6,0.496,0.493,1.6,2.2,0.723,1.0,2.0,3.0,2.9,1.3,0.5,1.8,2.3,9.9,,2023
128.0,Jalen Suggs,22.0,ORL,SG,75.0,75.0,27.0,4.5,9.5,0.471,2.0,5.1,0.397,2.4,4.4,0.556,0.578,1.6,2.1,0.756,0.6,2.4,3.1,2.7,1.4,0.6,1.8,2.7,12.6,,2024
87.0,Jalen Suggs,23.0,ORL,PG,35.0,35.0,28.6,5.6,13.7,0.41,2.2,6.9,0.314,3.5,6.8,0.506,0.489,2.8,3.1,0.882,0.7,3.4,4.0,3.7,1.5,0.9,2.9,2.8,16.2,,2025
109.0,Jalen Williams,21.0,OKC,SG,75.0,62.0,30.3,5.5,10.6,0.521,1.0,2.7,0.356,4.5,7.9,0.579,0.567,2.1,2.5,0.812,1.1,3.4,4.5,3.3,1.4,0.5,1.6,2.5,14.1,,2023
61.0,Jalen Williams,22.0,OKC,PF,71.0,71.0,31.3,7.5,14.0,0.54,1.5,3.4,0.427,6.1,10.6,0.576,0.592,2.5,3.1,0.814,0.5,3.5,4.0,4.5,1.1,0.6,1.7,2.5,19.1,,2024
37.0,Jalen Williams,23.0,OKC,SG,69.0,69.0,32.4,8.2,16.9,0.484,1.8,4.9,0.365,6.4,12.0,0.533,0.537,3.4,4.3,0.789,0.9,4.5,5.3,5.1,1.6,0.7,2.2,2.3,21.6,,2025
349.0,Jalen Wilson,23.0,BRK,PF,43.0,3.0,15.4,1.8,4.2,0.425,0.6,1.7,0.324,1.2,2.4,0.495,0.492,0.9,1.1,0.826,1.1,2.0,3.0,1.0,0.3,0.1,0.4,1.1,5.0,,2024
205.0,Jalen Wilson,24.0,BRK,PF,79.0,22.0,25.7,3.1,7.8,0.397,1.5,4.6,0.337,1.6,3.3,0.481,0.495,1.7,2.1,0.818,0.9,2.5,3.4,1.8,0.5,0.1,1.0,2.1,9.5,,2025
55.0,Jamal Crawford,34.0,LAC,SG,64.0,4.0,26.6,5.2,13.1,0.396,1.9,5.7,0.327,3.3,7.4,0.448,0.467,3.5,3.9,0.901,0.3,1.7,1.9,2.5,0.9,0.2,1.4,1.7,15.8,,2015
71.0,Jamal Crawford,35.0,LAC,SG,79.0,5.0,26.9,4.8,11.9,0.404,1.5,4.4,0.34,3.3,7.5,0.44,0.466,3.1,3.4,0.904,0.3,1.6,1.8,2.3,0.7,0.2,1.4,1.5,14.2,,2016
106.0,Jamal Crawford,36.0,LAC,SG,82.0,1.0,26.3,4.4,10.6,0.413,1.4,3.9,0.36,3.0,6.7,0.443,0.479,2.1,2.5,0.857,0.2,1.4,1.6,2.6,0.7,0.2,1.6,1.4,12.3,,2017
162.0,Jamal Crawford,37.0,MIN,SG,80.0,0.0,20.7,3.9,9.3,0.415,1.3,3.9,0.331,2.6,5.4,0.477,0.485,1.3,1.4,0.903,0.3,1.0,1.2,2.3,0.5,0.1,1.2,1.1,10.3,,2018
229.0,Jamal Crawford,38.0,PHO,SG,64.0,0.0,18.9,2.7,6.8,0.397,1.0,3.2,0.332,1.7,3.7,0.453,0.474,1.5,1.7,0.845,0.1,1.2,1.3,3.6,0.5,0.2,1.5,1.2,7.9,,2019
154.0,Jamal Murray,19.0,DEN,SG,82.0,10.0,21.5,3.6,8.9,0.404,1.4,4.2,0.334,2.2,4.7,0.466,0.483,1.3,1.5,0.883,0.5,2.1,2.6,2.1,0.6,0.3,1.4,1.5,9.9,,2017
52.0,Jamal Murray,20.0,DEN,PG,81.0,80.0,31.7,5.9,13.1,0.451,2.0,5.4,0.378,3.9,7.7,0.502,0.529,2.8,3.1,0.905,1.0,2.7,3.7,3.4,1.0,0.3,2.1,2.1,16.7,,2018
45.0,Jamal Murray,21.0,DEN,PG,75.0,74.0,32.6,6.8,15.6,0.437,2.0,5.5,0.367,4.8,10.1,0.476,0.502,2.5,3.0,0.848,0.9,3.4,4.2,4.8,0.9,0.4,2.1,2.0,18.2,,2019
53.0,Jamal Murray,22.0,DEN,PG,59.0,59.0,32.3,6.9,15.2,0.456,1.9,5.5,0.346,5.0,9.7,0.519,0.519,2.8,3.1,0.881,0.8,3.2,4.0,4.8,1.1,0.3,2.2,1.7,18.5,,2020
36.0,Jamal Murray,23.0,DEN,PG,48.0,48.0,35.5,7.9,16.5,0.477,2.7,6.6,0.408,5.2,9.9,0.523,0.559,2.8,3.2,0.869,0.8,3.3,4.0,4.8,1.3,0.3,2.3,2.0,21.2,,2021
58.0,Jamal Murray,25.0,DEN,PG,65.0,65.0,32.8,7.3,16.0,0.454,2.6,6.6,0.398,4.6,9.4,0.494,0.537,2.8,3.3,0.833,0.7,3.2,4.0,6.2,1.0,0.2,2.2,1.6,20.0,,2023
40.0,Jamal Murray,26.0,DEN,PG,59.0,59.0,31.5,8.0,16.7,0.481,2.5,5.8,0.425,5.6,10.9,0.51,0.554,2.7,3.1,0.853,0.7,3.4,4.1,6.5,1.0,0.7,2.1,1.8,21.2,,2024
39.0,Jamal Murray,27.0,DEN,PG,67.0,67.0,36.1,7.9,16.7,0.474,2.3,5.9,0.393,5.6,10.8,0.518,0.543,3.3,3.7,0.886,0.7,3.2,3.9,6.0,1.4,0.5,2.1,1.9,21.4,,2025
295.0,Jamal Shead,22.0,TOR,PG,75.0,11.0,19.6,2.7,6.7,0.405,1.0,3.0,0.323,1.8,3.7,0.47,0.476,0.7,0.9,0.768,0.4,1.1,1.5,4.2,0.8,0.1,1.6,2.1,7.1,,2025
199.0,Jameer Nelson,32.0,DEN,PG,34.0,5.0,20.6,4.0,8.8,0.45,1.4,3.8,0.354,2.6,5.0,0.524,0.527,0.3,0.6,0.579,0.5,1.5,1.9,3.7,0.7,0.1,1.8,2.1,9.6,,2015
213.0,Jameer Nelson,33.0,DEN,PG,39.0,15.0,26.6,2.9,7.9,0.368,1.1,3.7,0.299,1.8,4.2,0.429,0.438,0.8,0.9,0.857,0.5,2.5,2.9,4.9,0.6,0.1,1.7,2.6,7.7,,2016
172.0,Jameer Nelson,34.0,DEN,PG,75.0,39.0,27.3,3.6,8.1,0.444,1.4,3.6,0.388,2.2,4.4,0.489,0.531,0.6,0.8,0.714,0.4,2.2,2.6,5.1,0.7,0.1,1.7,2.6,9.2,,2017
351.0,Jameer Nelson,35.0,NOP,PG,43.0,0.0,20.9,2.0,4.8,0.41,0.9,2.6,0.364,1.0,2.2,0.463,0.507,0.3,0.4,0.765,0.3,2.0,2.2,3.6,0.5,0.1,1.3,1.6,5.1,,2018
341.0,Jamel Artis,25.0,ORL,SG,15.0,1.0,18.6,2.1,5.3,0.392,0.5,1.9,0.276,1.5,3.3,0.46,0.443,0.5,0.8,0.583,0.3,2.3,2.5,1.2,0.1,0.2,0.5,0.7,5.1,,2018
333.0,James Bouknight,22.0,CHO,SG,34.0,0.0,15.1,2.0,5.7,0.358,1.0,3.2,0.303,1.1,2.5,0.429,0.443,0.6,0.9,0.667,0.2,1.9,2.1,1.2,0.4,0.1,0.9,1.4,5.6,,2023
324.0,James Ennis III,24.0,MIA,SF,62.0,3.0,17.0,1.6,4.0,0.409,0.5,1.5,0.326,1.1,2.5,0.461,0.472,1.3,1.5,0.84,0.8,2.0,2.8,0.8,0.4,0.3,0.6,1.4,5.0,,2015
228.0,James Ennis III,25.0,NOP,SF,9.0,5.0,31.3,5.6,11.1,0.5,2.7,5.6,0.48,2.9,5.6,0.52,0.62,2.1,2.7,0.792,1.9,2.0,3.9,2.0,1.3,0.3,1.9,2.9,15.9,,2016
249.0,James Ennis III,26.0,MEM,SF,64.0,28.0,23.5,2.3,5.0,0.455,0.8,2.1,0.372,1.5,2.9,0.516,0.534,1.3,1.7,0.782,1.1,3.0,4.0,1.0,0.7,0.3,0.9,2.6,6.7,,2017
253.0,James Ennis III,27.0,MEM,SF,45.0,14.0,23.4,2.4,4.9,0.486,0.7,1.9,0.357,1.7,3.1,0.565,0.554,1.4,1.6,0.877,1.2,2.3,3.5,1.1,0.7,0.3,0.8,1.8,6.9,,2018
280.0,James Ennis III,28.0,PHI,SF,18.0,2.0,15.6,1.9,4.6,0.41,0.6,2.0,0.306,1.3,2.6,0.489,0.476,0.9,1.3,0.696,1.3,2.3,3.6,0.8,0.2,0.4,0.6,2.2,5.3,,2019
279.0,James Ennis III,29.0,PHI,SF,49.0,0.0,15.8,2.0,4.6,0.442,0.8,2.2,0.349,1.3,2.4,0.525,0.524,1.0,1.2,0.787,1.0,2.1,3.1,0.8,0.5,0.3,0.6,1.7,5.8,,2020
232.0,James Ennis III,30.0,ORL,SF,41.0,37.0,24.0,2.8,5.9,0.473,1.1,2.5,0.433,1.7,3.4,0.504,0.566,1.7,2.1,0.805,1.0,3.0,4.0,1.5,0.8,0.2,0.9,2.0,8.4,,2021
2.0,James Harden,25.0,HOU,SG,81.0,81.0,36.8,8.0,18.1,0.44,2.6,6.9,0.375,5.4,11.3,0.48,0.511,8.8,10.2,0.868,0.9,4.7,5.7,7.0,1.9,0.7,4.0,2.6,27.4,,2015
2.0,James Harden,26.0,HOU,SG,82.0,82.0,38.1,8.7,19.7,0.439,2.9,8.0,0.359,5.8,11.7,0.494,0.512,8.8,10.2,0.86,0.8,5.3,6.1,7.5,1.7,0.6,4.6,2.8,29.0,,2016
2.0,James Harden,27.0,HOU,PG,81.0,81.0,36.4,8.3,18.9,0.44,3.2,9.3,0.347,5.1,9.6,0.53,0.525,9.2,10.9,0.847,1.2,7.0,8.1,11.2,1.5,0.5,5.7,2.7,29.1,,2017
1.0,James Harden,28.0,HOU,SG,72.0,72.0,35.4,9.0,20.1,0.449,3.7,10.0,0.367,5.4,10.1,0.531,0.541,8.7,10.1,0.858,0.6,4.8,5.4,8.8,1.8,0.7,4.4,2.3,30.4,,2018
1.0,James Harden,29.0,HOU,PG,78.0,78.0,36.8,10.8,24.5,0.442,4.8,13.2,0.368,6.0,11.3,0.528,0.541,9.7,11.0,0.879,0.8,5.8,6.6,7.5,2.0,0.7,5.0,3.1,36.1,,2019
1.0,James Harden,30.0,HOU,SG,68.0,68.0,36.5,9.9,22.3,0.444,4.4,12.4,0.355,5.5,9.9,0.556,0.543,10.2,11.8,0.865,1.0,5.5,6.6,7.5,1.8,0.9,4.5,3.3,34.3,,2020
21.0,James Harden,31.0,HOU,PG,8.0,8.0,36.3,7.5,16.9,0.444,3.1,9.0,0.347,4.4,7.9,0.556,0.537,6.6,7.5,0.883,0.6,4.5,5.1,10.4,0.9,0.8,4.3,1.8,24.8,,2021
27.0,James Harden,32.0,PHI,PG,21.0,21.0,37.7,5.5,13.6,0.402,2.2,6.7,0.326,3.3,6.9,0.476,0.483,7.9,8.9,0.892,0.6,6.5,7.1,10.5,1.2,0.2,3.4,2.3,21.0,,2022
43.0,James Harden,33.0,PHI,PG,58.0,58.0,36.8,6.4,14.5,0.441,2.8,7.2,0.385,3.6,7.3,0.495,0.536,5.4,6.2,0.867,0.7,5.4,6.1,10.7,1.2,0.5,3.4,1.9,21.0,,2023
78.0,James Harden,34.0,LAC,PG,72.0,72.0,34.3,4.9,11.4,0.428,2.6,6.8,0.381,2.3,4.6,0.497,0.541,4.2,4.8,0.878,0.5,4.7,5.1,8.5,1.1,0.8,2.6,1.8,16.6,,2024
31.0,James Harden,35.0,LAC,PG,79.0,79.0,35.3,6.7,16.4,0.41,3.0,8.5,0.352,3.7,7.9,0.472,0.501,6.4,7.3,0.874,0.7,5.1,5.8,8.7,1.5,0.7,4.3,2.1,22.8,,2025
212.0,James Johnson,27.0,TOR,PF,70.0,17.0,19.6,3.4,5.8,0.589,0.2,0.7,0.216,3.2,5.0,0.643,0.603,1.0,1.5,0.657,0.9,2.8,3.7,1.4,0.8,1.0,1.1,2.2,7.9,,2015
323.0,James Johnson,28.0,TOR,PF,57.0,32.0,16.2,2.0,4.2,0.475,0.4,1.2,0.303,1.6,3.1,0.54,0.517,0.7,1.2,0.574,0.5,1.7,2.2,1.2,0.5,0.6,0.9,1.5,5.0,,2016
98.0,James Johnson,29.0,MIA,PF,76.0,5.0,27.4,4.8,10.1,0.479,1.1,3.4,0.34,3.7,6.8,0.548,0.535,2.0,2.8,0.707,0.9,4.1,4.9,3.6,1.0,1.1,2.3,2.6,12.8,,2017
158.0,James Johnson,30.0,MIA,PF,73.0,41.0,26.6,4.2,8.4,0.503,0.8,2.5,0.308,3.5,5.9,0.587,0.55,1.5,2.2,0.698,0.8,4.1,4.9,3.8,1.0,0.7,1.9,2.6,10.8,,2018
233.0,James Johnson,31.0,MIA,PF,55.0,33.0,21.2,3.0,6.9,0.433,0.9,2.7,0.336,2.1,4.2,0.496,0.499,0.9,1.3,0.714,0.4,2.8,3.2,2.5,0.6,0.5,1.3,2.1,7.8,,2019
219.0,James Johnson,32.0,MIN,C,14.0,1.0,24.1,4.6,9.1,0.5,1.2,3.3,0.37,3.4,5.9,0.573,0.566,1.6,2.4,0.676,1.2,3.5,4.7,3.8,1.4,1.4,2.4,3.3,12.0,,2020
274.0,James Johnson,33.0,NOP,PF,22.0,11.0,24.5,3.6,8.3,0.434,0.7,2.7,0.267,2.9,5.5,0.516,0.478,1.3,2.1,0.596,0.8,3.3,4.1,2.2,0.8,0.9,1.3,2.8,9.2,,2021
367.0,James Johnson,34.0,BRK,PF,62.0,10.0,19.2,2.3,5.0,0.469,0.4,1.4,0.271,2.0,3.6,0.545,0.507,0.5,0.9,0.527,0.8,2.6,3.5,2.1,0.5,0.5,0.8,2.6,5.5,,2022
150.0,James Wiseman,19.0,GSW,C,39.0,27.0,21.4,4.9,9.4,0.519,0.3,1.0,0.316,4.6,8.5,0.542,0.535,1.4,2.2,0.628,1.4,4.4,5.8,0.7,0.3,0.9,1.5,3.1,11.5,,2021
254.0,James Wiseman,22.0,DET,C,63.0,6.0,17.3,3.0,4.8,0.613,0.0,0.0,0.0,3.0,4.8,0.617,0.613,1.1,1.6,0.706,1.7,3.6,5.3,0.9,0.2,0.6,1.0,2.2,7.1,,2024
260.0,Jamil Wilson,27.0,LAC,SF,15.0,10.0,18.3,2.5,5.4,0.469,1.8,4.2,0.429,0.7,1.2,0.611,0.636,0.1,0.3,0.5,0.2,1.9,2.1,0.7,0.3,0.5,0.5,2.3,7.0,,2018
293.0,Jamison Battle,23.0,TOR,SF,59.0,10.0,17.7,2.5,5.9,0.429,1.8,4.4,0.405,0.7,1.5,0.5,0.581,0.3,0.3,0.889,0.6,2.1,2.7,0.9,0.3,0.2,0.5,1.6,7.1,,2025
339.0,Jarace Walker,21.0,IND,PF,75.0,5.0,15.8,2.3,4.8,0.472,1.0,2.5,0.405,1.3,2.3,0.543,0.576,0.6,0.9,0.667,0.3,2.7,3.1,1.5,0.7,0.3,1.0,1.5,6.1,,2025
238.0,Jared Dudley,29.0,MIL,SG,72.0,22.0,23.8,2.8,5.9,0.468,1.0,2.7,0.385,1.7,3.2,0.537,0.556,0.7,0.9,0.716,0.6,2.4,3.1,1.8,1.0,0.2,0.9,1.6,7.2,,2015
206.0,Jared Dudley,30.0,WAS,PF,81.0,41.0,25.9,2.9,6.0,0.478,1.2,2.9,0.42,1.6,3.1,0.534,0.581,0.9,1.2,0.735,0.7,2.9,3.5,2.1,0.9,0.2,1.0,2.3,7.9,,2016
242.0,Jared Dudley,31.0,PHO,PF,64.0,7.0,21.3,2.5,5.4,0.454,1.2,3.2,0.379,1.3,2.2,0.559,0.565,0.7,1.0,0.662,0.5,3.0,3.5,1.9,0.7,0.3,1.1,2.4,6.8,,2017
365.0,Jared Dudley,33.0,BRK,PF,59.0,25.0,20.7,1.7,4.1,0.423,0.9,2.6,0.351,0.8,1.5,0.545,0.533,0.5,0.8,0.696,0.6,2.1,2.6,1.4,0.6,0.3,0.7,2.2,4.9,,2019
92.0,Jared McCain,20.0,PHI,SG,23.0,8.0,25.7,5.5,11.9,0.46,2.2,5.8,0.383,3.3,6.1,0.532,0.553,2.1,2.4,0.875,0.6,1.9,2.4,2.6,0.7,0.0,1.6,1.6,15.3,,2025
251.0,Jared Rhoden,25.0,TOR,SG,10.0,2.0,21.5,4.0,7.9,0.506,1.2,3.7,0.324,2.8,4.2,0.667,0.582,2.2,2.5,0.88,1.2,2.6,3.8,1.4,0.9,0.2,0.8,1.9,11.4,,2025
89.0,Jared Sullinger,22.0,BOS,PF,58.0,49.0,27.0,5.4,12.2,0.439,0.9,3.2,0.283,4.5,9.0,0.494,0.476,1.7,2.2,0.744,2.5,5.1,7.6,2.3,0.8,0.7,1.3,2.6,13.3,,2015
143.0,Jared Sullinger,23.0,BOS,PF,81.0,73.0,23.6,4.3,10.0,0.435,0.4,1.3,0.282,4.0,8.7,0.458,0.453,1.3,2.0,0.64,2.4,5.9,8.3,2.3,0.9,0.6,1.3,2.6,10.3,,2016
239.0,Jarell Martin,23.0,MEM,PF,73.0,36.0,22.8,3.0,6.8,0.446,0.5,1.3,0.347,2.6,5.5,0.47,0.48,1.2,1.6,0.767,1.3,3.0,4.4,1.0,0.5,0.7,1.2,2.9,7.7,,2018
96.0,Jaren Jackson Jr.,19.0,MEM,PF,58.0,56.0,26.1,5.1,10.2,0.506,0.9,2.4,0.359,4.3,7.7,0.553,0.549,2.6,3.4,0.766,1.3,3.4,4.7,1.1,0.9,1.4,1.7,3.8,13.8,,2019
67.0,Jaren Jackson Jr.,20.0,MEM,C,57.0,57.0,28.5,6.2,13.2,0.469,2.5,6.5,0.394,3.6,6.8,0.54,0.565,2.4,3.3,0.747,1.0,3.6,4.6,1.4,0.7,1.6,1.7,4.1,17.4,,2020
96.0,Jaren Jackson Jr.,21.0,MEM,C,11.0,4.0,23.5,4.8,11.4,0.424,1.5,5.5,0.283,3.3,5.9,0.554,0.492,3.2,3.8,0.833,1.5,4.1,5.6,1.1,1.1,1.6,1.4,3.8,14.4,,2021
74.0,Jaren Jackson Jr.,22.0,MEM,PF,78.0,78.0,27.3,5.5,13.3,0.415,1.6,5.1,0.319,3.9,8.1,0.476,0.477,3.6,4.4,0.823,1.5,4.3,5.8,1.1,0.9,2.3,1.7,3.5,16.3,,2022
65.0,Jaren Jackson Jr.,23.0,MEM,C,63.0,63.0,28.4,6.6,13.0,0.506,1.6,4.5,0.355,5.0,8.6,0.585,0.567,3.8,4.9,0.788,1.7,5.0,6.8,1.0,1.0,3.0,1.7,3.6,18.6,,2023
33.0,Jaren Jackson Jr.,24.0,MEM,C,66.0,66.0,32.2,7.8,17.6,0.444,1.8,5.5,0.32,6.0,12.1,0.501,0.494,5.1,6.3,0.808,1.3,4.2,5.5,2.3,1.2,1.6,2.4,3.6,22.5,,2024
35.0,Jaren Jackson Jr.,25.0,MEM,C,74.0,74.0,29.8,8.0,16.4,0.488,2.0,5.3,0.375,6.0,11.1,0.541,0.548,4.2,5.4,0.781,1.2,4.4,5.6,2.0,1.2,1.5,2.1,3.5,22.2,,2025
390.0,Jaron Blossomgame,25.0,CLE,SF,27.0,4.0,16.3,1.7,3.9,0.443,0.4,1.4,0.256,1.4,2.5,0.552,0.491,0.4,0.5,0.769,1.0,2.7,3.6,0.5,0.3,0.3,0.4,0.7,4.2,,2019
353.0,Jarred Vanderbilt,21.0,MIN,PF,64.0,30.0,17.8,2.2,3.7,0.606,0.0,0.1,0.2,2.2,3.6,0.615,0.608,0.9,1.6,0.559,1.8,3.9,5.8,1.2,1.0,0.7,0.8,1.9,5.4,,2021
304.0,Jarred Vanderbilt,22.0,MIN,PF,74.0,67.0,25.4,2.9,4.9,0.587,0.0,0.2,0.143,2.8,4.7,0.605,0.59,1.2,1.8,0.656,2.9,5.5,8.4,1.3,1.3,0.6,1.0,2.4,6.9,,2022
245.0,Jarred Vanderbilt,23.0,UTA,PF,52.0,41.0,24.1,3.3,6.0,0.556,0.4,1.1,0.333,3.0,4.9,0.606,0.587,1.3,2.0,0.657,2.3,5.5,7.9,2.7,1.0,0.3,1.3,2.6,8.3,,2023
337.0,Jarred Vanderbilt,24.0,LAL,PF,29.0,6.0,20.0,2.0,3.9,0.518,0.3,0.9,0.296,1.8,3.0,0.586,0.553,0.8,1.2,0.667,1.4,3.3,4.8,1.2,1.2,0.2,1.0,1.5,5.2,,2024
426.0,Jarred Vanderbilt,25.0,LAL,PF,36.0,2.0,16.1,1.6,3.4,0.488,0.3,0.9,0.281,1.4,2.5,0.562,0.525,0.6,1.0,0.556,1.9,3.2,5.1,1.1,1.0,0.3,0.8,1.9,4.1,,2025
217.0,Jarrett Allen,19.0,BRK,C,72.0,31.0,20.0,3.3,5.5,0.589,0.1,0.2,0.333,3.2,5.3,0.599,0.596,1.6,2.0,0.776,2.0,3.4,5.4,0.7,0.4,1.2,1.1,2.0,8.2,,2018
150.0,Jarrett Allen,20.0,BRK,C,80.0,80.0,26.2,4.2,7.1,0.59,0.1,0.6,0.133,4.1,6.5,0.629,0.595,2.5,3.5,0.709,2.4,6.0,8.4,1.4,0.5,1.5,1.3,2.3,10.9,,2019
149.0,Jarrett Allen,21.0,BRK,C,70.0,64.0,26.5,4.3,6.6,0.649,0.0,0.1,0.0,4.3,6.6,0.658,0.649,2.4,3.9,0.633,3.1,6.5,9.6,1.6,0.6,1.3,1.1,2.3,11.1,,2020
127.0,Jarrett Allen,22.0,CLE,C,51.0,40.0,30.3,5.0,8.2,0.609,0.1,0.4,0.316,4.9,7.8,0.623,0.616,3.1,4.5,0.69,3.1,6.8,9.9,1.7,0.5,1.4,1.5,1.5,13.2,,2021
76.0,Jarrett Allen,23.0,CLE,C,56.0,56.0,32.3,6.6,9.7,0.677,0.0,0.2,0.1,6.6,9.6,0.688,0.678,2.9,4.2,0.708,3.4,7.3,10.8,1.6,0.8,1.3,1.7,1.7,16.1,,2022
104.0,Jarrett Allen,24.0,CLE,C,68.0,68.0,32.6,5.9,9.2,0.644,0.0,0.1,0.1,5.9,9.1,0.653,0.645,2.4,3.3,0.733,3.3,6.5,9.8,1.7,0.8,1.2,1.4,2.3,14.3,,2023
79.0,Jarrett Allen,25.0,CLE,C,77.0,77.0,31.7,6.7,10.6,0.634,0.0,0.1,0.0,6.7,10.6,0.638,0.634,3.0,4.1,0.742,3.2,7.4,10.5,2.7,0.7,1.1,1.6,1.9,16.5,,2024
118.0,Jarrett Allen,26.0,CLE,C,82.0,82.0,28.0,5.5,7.8,0.706,0.0,0.1,0.0,5.5,7.7,0.712,0.706,2.4,3.4,0.718,2.6,7.1,9.7,1.9,0.9,0.9,1.2,1.5,13.5,,2025
196.0,Jarrett Culver,20.0,MIN,SG,63.0,35.0,23.9,3.7,9.0,0.404,1.0,3.5,0.299,2.6,5.5,0.471,0.462,0.9,1.9,0.462,1.1,2.3,3.4,1.7,0.9,0.6,1.3,2.0,9.2,,2020
109.0,Jarrett Jack,31.0,BRK,PG,80.0,27.0,28.0,4.5,10.2,0.439,0.5,1.8,0.267,4.0,8.4,0.477,0.463,2.5,2.8,0.881,0.2,2.8,3.1,4.7,0.9,0.2,2.4,1.8,12.0,,2015
92.0,Jarrett Jack,32.0,BRK,PG,32.0,32.0,32.1,4.4,11.2,0.391,1.0,3.2,0.304,3.4,8.0,0.426,0.434,3.1,3.5,0.893,0.3,4.0,4.3,7.4,1.1,0.2,2.9,2.4,12.8,,2016
400.0,Jarrett Jack,33.0,NOP,PG,2.0,0.0,16.5,1.0,1.5,0.667,0.0,0.5,0.0,1.0,1.0,1.0,0.667,1.0,1.0,1.0,0.0,0.0,0.0,2.5,1.0,0.0,1.5,2.0,3.0,,2017
244.0,Jarrett Jack,34.0,NYK,PG,62.0,56.0,25.0,3.0,7.1,0.427,0.4,1.4,0.291,2.6,5.8,0.459,0.455,1.0,1.2,0.84,0.4,2.7,3.1,5.6,0.6,0.1,1.9,1.6,7.5,,2018
177.0,Jason Richardson,34.0,PHI,SG,19.0,15.0,21.9,3.3,9.4,0.348,1.6,5.1,0.323,1.6,4.3,0.378,0.435,0.9,1.2,0.773,0.7,2.8,3.5,2.0,0.7,0.2,0.8,1.5,9.1,,2015
209.0,Jason Smith,28.0,NYK,C,82.0,31.0,21.8,3.1,7.2,0.434,0.2,0.5,0.357,3.0,6.7,0.44,0.447,1.5,1.9,0.83,1.2,2.8,4.0,1.7,0.4,0.5,1.3,2.5,8.0,,2015
234.0,Jason Smith,29.0,ORL,C,76.0,2.0,15.5,3.2,6.6,0.485,0.1,0.2,0.25,3.2,6.4,0.493,0.489,0.7,0.9,0.806,0.7,2.2,2.9,0.8,0.4,0.9,0.8,2.1,7.2,,2016
245.0,Jason Terry,37.0,HOU,SG,77.0,18.0,21.3,2.4,5.8,0.422,1.6,4.2,0.39,0.8,1.6,0.504,0.563,0.5,0.6,0.813,0.2,1.4,1.6,1.9,0.9,0.2,1.0,1.5,7.0,,2015
289.0,Jason Terry,38.0,HOU,SG,72.0,7.0,17.5,2.1,5.2,0.402,1.3,3.6,0.356,0.8,1.6,0.504,0.525,0.4,0.5,0.818,0.2,0.9,1.1,1.4,0.7,0.1,0.7,1.3,5.9,,2016
367.0,Jason Terry,39.0,MIL,SG,74.0,0.0,18.4,1.4,3.3,0.432,1.0,2.3,0.427,0.4,1.0,0.444,0.582,0.3,0.4,0.828,0.2,1.2,1.4,1.3,0.6,0.3,0.5,1.3,4.1,,2017
424.0,Jason Terry,40.0,MIL,SG,51.0,4.0,16.0,1.2,3.0,0.383,0.8,2.3,0.348,0.4,0.8,0.487,0.513,0.2,0.2,0.889,0.1,0.8,0.9,1.2,0.8,0.3,0.5,1.0,3.3,,2018
273.0,Jason Thompson,28.0,SAC,PF,81.0,63.0,24.6,2.5,5.3,0.47,0.0,0.0,0.0,2.5,5.3,0.471,0.47,1.1,1.8,0.622,1.7,4.8,6.5,1.0,0.4,0.7,1.0,3.0,6.1,,2015
393.0,Jason Thompson,29.0,TOR,C,19.0,6.0,15.4,1.7,3.5,0.485,0.3,0.8,0.333,1.4,2.7,0.529,0.523,0.9,1.2,0.818,1.2,3.1,4.2,0.5,0.4,0.6,0.4,2.1,4.6,,2016
258.0,Javon Freeman-Liberty,24.0,TOR,PG,22.0,6.0,18.3,2.5,5.6,0.444,0.5,1.9,0.238,2.0,3.7,0.549,0.484,1.5,1.6,0.917,0.7,2.5,3.2,1.8,0.5,0.2,1.1,1.3,7.0,,2024
291.0,Javonte Green,28.0,CHI,SF,65.0,45.0,23.4,2.7,5.0,0.542,0.6,1.6,0.356,2.2,3.4,0.625,0.597,1.2,1.5,0.833,1.4,2.8,4.2,0.9,1.0,0.5,0.5,2.0,7.2,,2022
352.0,Javonte Green,29.0,CHI,SF,32.0,1.0,15.0,1.9,3.4,0.565,0.4,1.1,0.371,1.5,2.3,0.658,0.625,0.9,1.4,0.667,0.8,1.9,2.8,0.7,0.8,0.7,0.6,1.6,5.2,,2023
135.0,Javonte Green,30.0,CHI,SF,9.0,5.0,25.6,5.0,8.3,0.6,1.1,3.0,0.37,3.9,5.3,0.729,0.667,1.1,1.4,0.769,2.2,5.2,7.4,0.6,1.1,0.9,0.8,2.1,12.2,,2024
375.0,Javonte Green,31.0,NOP,SG,50.0,18.0,21.8,2.0,4.5,0.446,0.8,2.2,0.352,1.2,2.3,0.534,0.531,1.0,1.3,0.758,1.0,2.6,3.6,0.9,1.1,0.6,0.6,1.5,5.8,,2025
353.0,Jawun Evans,21.0,LAC,PG,48.0,4.0,16.2,1.9,5.3,0.352,0.3,1.1,0.278,1.5,4.1,0.372,0.381,0.8,1.0,0.776,0.2,1.6,1.8,2.1,0.8,0.1,0.9,2.0,4.8,,2018
251.0,Jaxson Hayes,19.0,NOP,C,64.0,14.0,16.9,2.7,4.0,0.672,0.0,0.1,0.25,2.7,4.0,0.678,0.674,1.9,3.0,0.647,1.5,2.5,4.0,0.9,0.4,0.9,0.8,2.5,7.4,,2020
265.0,Jaxson Hayes,20.0,NOP,C,60.0,3.0,16.1,2.9,4.7,0.625,0.1,0.2,0.429,2.8,4.4,0.635,0.636,1.6,2.0,0.775,1.5,2.8,4.3,0.6,0.4,0.6,0.7,1.7,7.5,,2021
200.0,Jaxson Hayes,21.0,NOP,C,70.0,28.0,20.0,3.5,5.7,0.616,0.3,0.8,0.351,3.2,4.9,0.66,0.641,2.1,2.7,0.766,1.6,2.9,4.5,0.6,0.5,0.8,0.8,2.2,9.3,,2022
309.0,Jaxson Hayes,24.0,LAL,C,56.0,35.0,19.5,2.9,4.0,0.722,0.0,0.1,0.0,2.9,3.9,0.732,0.722,1.1,1.8,0.622,1.4,3.4,4.8,1.0,0.6,0.9,0.8,2.4,6.8,,2025
219.0,Jay Scrubb,20.0,LAC,SG,4.0,1.0,21.0,3.5,9.0,0.389,0.5,2.3,0.222,3.0,6.8,0.444,0.417,1.3,1.3,1.0,0.5,3.0,3.5,0.3,1.0,0.0,1.8,1.3,8.8,,2021
302.0,Jay Scrubb,22.0,ORL,SG,2.0,0.0,15.0,2.5,3.5,0.714,1.0,1.0,1.0,1.5,2.5,0.6,0.857,0.5,1.0,0.5,0.0,3.0,3.0,0.5,1.0,0.0,1.5,1.0,6.5,,2023
253.0,Jaylen Brown,20.0,BOS,SF,78.0,20.0,17.2,2.5,5.4,0.454,0.6,1.7,0.341,1.9,3.7,0.507,0.508,1.1,1.6,0.685,0.6,2.2,2.8,0.8,0.4,0.2,0.9,1.8,6.6,,2017
76.0,Jaylen Brown,21.0,BOS,SG,70.0,70.0,30.7,5.3,11.5,0.465,1.7,4.4,0.395,3.6,7.1,0.507,0.54,2.1,3.3,0.644,0.9,4.0,4.9,1.6,1.0,0.4,1.8,2.6,14.5,,2018
110.0,Jaylen Brown,22.0,BOS,SG,74.0,25.0,25.9,5.0,10.7,0.465,1.3,3.7,0.344,3.7,7.0,0.529,0.525,1.8,2.7,0.658,0.9,3.4,4.2,1.4,0.9,0.4,1.3,2.5,13.0,,2019
34.0,Jaylen Brown,23.0,BOS,SG,57.0,57.0,33.9,7.5,15.6,0.481,2.3,5.9,0.382,5.2,9.6,0.543,0.554,3.1,4.3,0.724,1.1,5.3,6.4,2.1,1.1,0.4,2.2,2.9,20.3,,2020
20.0,Jaylen Brown,24.0,BOS,SG,58.0,58.0,34.5,9.3,19.2,0.484,2.8,7.1,0.397,6.5,12.1,0.536,0.558,3.3,4.3,0.764,1.2,4.8,6.0,3.4,1.2,0.6,2.7,2.9,24.7,,2021
20.0,Jaylen Brown,25.0,BOS,SF,66.0,66.0,33.6,8.7,18.4,0.473,2.5,7.0,0.358,6.2,11.4,0.544,0.541,3.7,4.8,0.758,0.8,5.3,6.1,3.5,1.1,0.3,2.7,2.5,23.6,,2022
13.0,Jaylen Brown,26.0,BOS,SF,67.0,67.0,35.9,10.1,20.6,0.491,2.4,7.3,0.335,7.7,13.4,0.576,0.55,3.9,5.1,0.765,1.2,5.7,6.9,3.5,1.1,0.4,2.9,2.6,26.6,,2023
27.0,Jaylen Brown,27.0,BOS,SF,70.0,70.0,33.5,9.0,17.9,0.499,2.1,5.9,0.354,6.9,12.1,0.57,0.557,3.0,4.3,0.703,1.2,4.3,5.5,3.6,1.2,0.5,2.4,2.6,23.0,,2024
32.0,Jaylen Brown,28.0,BOS,SF,63.0,63.0,34.3,8.2,17.7,0.463,1.8,5.7,0.324,6.4,12.1,0.529,0.515,3.9,5.1,0.764,1.3,4.5,5.8,4.5,1.2,0.3,2.6,2.4,22.2,,2025
325.0,Jaylen Hoard,21.0,OKC,SF,19.0,0.0,16.8,2.3,4.6,0.5,0.0,0.6,0.0,2.3,4.1,0.571,0.5,1.5,2.2,0.683,1.1,2.3,3.4,1.3,0.7,0.3,0.9,1.0,6.1,,2021
98.0,Jaylen Hoard,22.0,OKC,SF,7.0,5.0,34.3,6.3,12.9,0.489,1.3,3.6,0.36,5.0,9.3,0.538,0.539,0.9,2.0,0.429,4.3,7.7,12.0,2.4,0.9,0.7,1.1,2.0,14.7,,2022
384.0,Jaylen Martin,21.0,WAS,SF,13.0,0.0,18.0,2.3,5.5,0.417,0.5,1.7,0.273,1.8,3.8,0.48,0.458,0.7,0.8,0.9,0.8,2.5,3.4,1.3,0.7,0.0,0.9,1.0,5.8,,2025
361.0,Jaylen Morris,22.0,ATL,SG,6.0,0.0,16.3,2.2,5.3,0.406,0.3,1.7,0.2,1.8,3.7,0.5,0.438,0.0,0.0,,0.3,2.3,2.7,1.2,0.3,0.2,1.0,0.3,4.7,,2018
213.0,Jaylen Nowell,21.0,MIN,SG,42.0,0.0,18.1,3.4,8.0,0.424,1.2,3.6,0.333,2.2,4.4,0.497,0.499,1.1,1.3,0.818,0.5,1.8,2.3,1.5,0.5,0.3,0.7,1.7,9.0,,2021
233.0,Jaylen Nowell,22.0,MIN,SG,62.0,1.0,15.7,3.2,6.7,0.475,1.0,2.6,0.394,2.1,4.1,0.526,0.551,1.2,1.5,0.783,0.4,1.6,2.0,2.1,0.4,0.2,0.6,1.2,8.5,,2022
157.0,Jaylen Nowell,23.0,MIN,SG,65.0,2.0,19.3,4.3,9.6,0.448,1.0,3.6,0.289,3.3,6.0,0.542,0.502,1.2,1.5,0.778,0.6,2.1,2.6,2.0,0.6,0.1,1.0,1.6,10.8,,2023
292.0,Jaylen Nowell,24.0,MEM,SG,9.0,1.0,17.3,2.4,6.1,0.4,0.4,2.6,0.174,2.0,3.6,0.563,0.436,0.3,0.3,1.0,0.3,1.2,1.6,1.8,0.3,0.0,0.6,1.4,5.7,,2024
252.0,Jaylen Nowell,25.0,NOP,SG,8.0,0.0,21.0,3.3,9.1,0.356,1.0,3.4,0.296,2.3,5.8,0.391,0.411,0.9,1.4,0.636,0.8,1.8,2.5,2.3,0.1,0.5,1.0,1.1,8.4,,2025
299.0,Jaylen Sims,26.0,CHO,SG,6.0,0.0,18.7,2.0,4.7,0.429,1.0,2.5,0.4,1.0,2.2,0.462,0.536,2.0,2.5,0.8,0.5,0.5,1.0,2.0,0.5,0.2,1.3,1.7,7.0,,2025
175.0,Jaylen Wells,21.0,MEM,SG,79.0,74.0,25.9,3.6,8.6,0.425,1.7,5.0,0.352,1.9,3.6,0.525,0.527,1.4,1.7,0.822,1.1,2.3,3.4,1.7,0.6,0.1,0.9,1.8,10.4,,2025
326.0,Jaylin Williams,20.0,OKC,C,49.0,36.0,18.7,2.1,4.8,0.436,0.9,2.3,0.407,1.1,2.5,0.463,0.534,0.8,1.1,0.704,0.9,4.0,4.9,1.6,0.6,0.2,0.8,2.3,5.9,,2023
353.0,Jaylin Williams,22.0,OKC,PF,47.0,9.0,16.7,2.1,4.7,0.439,1.3,3.3,0.399,0.8,1.4,0.529,0.577,0.5,0.6,0.767,1.0,4.6,5.6,2.6,0.5,0.6,0.7,1.7,5.9,,2025
91.0,Jayson Tatum,19.0,BOS,SF,80.0,80.0,30.5,5.0,10.4,0.475,1.3,3.0,0.434,3.7,7.4,0.492,0.538,2.7,3.2,0.826,0.6,4.4,5.0,1.6,1.0,0.7,1.4,2.1,13.9,,2018
71.0,Jayson Tatum,20.0,BOS,SF,79.0,79.0,31.1,5.9,13.1,0.45,1.5,3.9,0.373,4.4,9.2,0.483,0.506,2.5,2.9,0.855,0.9,5.2,6.0,2.1,1.1,0.7,1.5,2.1,15.7,,2019
17.0,Jayson Tatum,21.0,BOS,PF,66.0,66.0,34.3,8.4,18.6,0.45,2.9,7.1,0.403,5.5,11.5,0.48,0.527,3.8,4.7,0.812,1.0,6.0,7.0,3.0,1.4,0.9,2.3,2.1,23.4,,2020
13.0,Jayson Tatum,22.0,BOS,SF,64.0,64.0,35.8,9.5,20.6,0.459,2.9,7.6,0.386,6.5,13.0,0.502,0.53,4.6,5.3,0.868,0.8,6.6,7.4,4.3,1.2,0.5,2.7,1.9,26.4,,2021
11.0,Jayson Tatum,23.0,BOS,SF,76.0,76.0,35.9,9.3,20.6,0.453,3.0,8.6,0.353,6.3,12.0,0.524,0.526,5.3,6.2,0.853,1.1,6.9,8.0,4.4,1.0,0.6,2.9,2.3,26.9,,2022
6.0,Jayson Tatum,24.0,BOS,SF,74.0,74.0,36.9,9.8,21.1,0.466,3.2,9.3,0.35,6.6,11.8,0.558,0.543,7.2,8.4,0.854,1.1,7.7,8.8,4.6,1.1,0.7,2.9,2.2,30.1,,2023
8.0,Jayson Tatum,25.0,BOS,PF,74.0,74.0,35.7,9.1,19.3,0.471,3.1,8.2,0.376,6.0,11.0,0.542,0.552,5.6,6.7,0.833,0.9,7.2,8.1,4.9,1.0,0.6,2.5,2.0,26.9,,2024
6.0,Jayson Tatum,26.0,BOS,PF,72.0,72.0,36.4,9.2,20.3,0.452,3.5,10.1,0.343,5.7,10.2,0.559,0.537,5.0,6.1,0.814,0.7,8.0,8.7,6.0,1.1,0.5,2.9,2.2,26.8,,2025
162.0,Jeenathan Williams,23.0,POR,SG,5.0,4.0,25.4,4.8,7.8,0.615,0.6,1.6,0.375,4.2,6.2,0.677,0.654,0.4,0.6,0.667,2.0,1.0,3.0,2.0,0.6,0.4,0.8,2.6,10.6,,2023
520.0,Jeff Dowtin Jr.,24.0,ORL,PG,4.0,0.0,19.3,1.3,4.8,0.263,0.3,1.8,0.143,1.0,3.0,0.333,0.289,0.5,0.5,1.0,1.8,1.0,2.8,1.8,1.3,0.0,1.0,0.8,3.3,,2022
296.0,Jeff Dowtin Jr.,27.0,PHI,PG,41.0,3.0,15.1,2.7,5.6,0.487,0.7,1.7,0.4,2.0,3.9,0.525,0.548,0.8,1.1,0.733,0.3,1.2,1.5,1.9,0.6,0.3,0.4,0.7,7.0,,2025
65.0,Jeff Green,28.0,MEM,SF,45.0,37.0,30.2,4.7,10.9,0.427,1.1,3.1,0.362,3.6,7.9,0.452,0.478,2.6,3.2,0.825,1.0,3.2,4.2,1.8,0.6,0.5,1.2,1.8,13.1,,2015
116.0,Jeff Green,29.0,MEM,SF,53.0,31.0,29.1,4.5,10.5,0.431,0.8,2.6,0.309,3.7,7.9,0.47,0.469,2.3,2.9,0.8,1.0,3.5,4.5,1.8,0.8,0.4,1.3,1.9,12.2,,2016
168.0,Jeff Green,30.0,ORL,PF,69.0,11.0,22.2,3.2,8.1,0.394,0.8,2.8,0.275,2.4,5.3,0.458,0.442,2.1,2.4,0.863,0.6,2.5,3.1,1.2,0.5,0.2,1.1,1.5,9.2,,2017
156.0,Jeff Green,31.0,CLE,PF,78.0,14.0,23.4,3.8,7.9,0.477,0.7,2.2,0.312,3.1,5.7,0.54,0.52,2.6,3.0,0.868,0.8,2.4,3.2,1.3,0.5,0.4,1.0,1.9,10.8,,2018
121.0,Jeff Green,32.0,WAS,PF,77.0,44.0,27.2,4.2,8.9,0.475,1.4,4.2,0.347,2.8,4.8,0.586,0.555,2.4,2.7,0.888,0.7,3.3,4.0,1.8,0.6,0.5,1.3,2.1,12.3,,2019
188.0,Jeff Green,33.0,UTA,PF,30.0,2.0,18.4,2.5,6.5,0.385,1.1,3.5,0.327,1.4,3.0,0.451,0.472,1.6,2.1,0.778,0.5,2.2,2.7,0.7,0.4,0.3,0.9,1.5,7.8,,2020
165.0,Jeff Green,34.0,BRK,PF,68.0,38.0,27.0,3.8,7.8,0.492,1.5,3.7,0.412,2.3,4.1,0.564,0.59,1.8,2.4,0.776,0.5,3.4,3.9,1.6,0.5,0.4,0.8,1.8,11.0,,2021
174.0,Jeff Green,35.0,DEN,PF,75.0,63.0,24.7,3.7,7.1,0.524,0.7,2.2,0.315,3.0,4.8,0.62,0.574,2.2,2.6,0.833,0.5,2.5,3.1,1.3,0.4,0.4,0.9,2.0,10.3,,2022
249.0,Jeff Green,36.0,DEN,PF,56.0,4.0,19.5,2.9,5.9,0.488,0.5,1.9,0.288,2.3,4.0,0.58,0.534,1.6,2.1,0.744,0.7,1.9,2.6,1.2,0.3,0.3,0.8,1.8,7.8,,2023
284.0,Jeff Green,37.0,HOU,PF,78.0,6.0,16.8,2.1,4.7,0.456,0.7,2.1,0.331,1.5,2.6,0.553,0.529,1.6,1.9,0.819,0.6,1.7,2.3,0.9,0.2,0.4,0.6,1.3,6.5,,2024
53.0,Jeff Teague,26.0,ATL,PG,73.0,72.0,30.5,5.6,12.2,0.46,1.0,2.8,0.343,4.6,9.3,0.496,0.5,3.8,4.4,0.862,0.4,2.1,2.5,7.0,1.7,0.4,2.8,1.9,15.9,,2015
53.0,Jeff Teague,27.0,ATL,PG,79.0,78.0,28.5,5.5,12.5,0.439,1.4,3.5,0.401,4.1,9.0,0.454,0.495,3.3,3.9,0.837,0.4,2.3,2.7,5.9,1.2,0.3,2.8,2.1,15.7,,2016
60.0,Jeff Teague,28.0,IND,PG,82.0,82.0,32.4,4.9,11.1,0.442,1.1,3.1,0.357,3.8,8.0,0.475,0.492,4.4,5.1,0.867,0.4,3.6,4.0,7.8,1.2,0.4,2.6,2.0,15.3,,2017
82.0,Jeff Teague,29.0,MIN,PG,70.0,70.0,33.0,5.1,11.3,0.446,1.2,3.3,0.368,3.9,8.1,0.477,0.499,2.9,3.4,0.845,0.3,2.6,3.0,7.0,1.5,0.3,2.5,2.4,14.2,,2018
125.0,Jeff Teague,30.0,MIN,PG,42.0,41.0,30.1,4.2,9.9,0.423,0.8,2.5,0.333,3.4,7.4,0.453,0.465,2.9,3.6,0.804,0.4,2.1,2.5,8.2,1.0,0.4,2.3,2.1,12.1,,2019
154.0,Jeff Teague,31.0,MIN,PG,34.0,13.0,27.8,4.3,9.5,0.448,1.0,2.6,0.379,3.3,7.0,0.473,0.498,3.7,4.2,0.868,0.4,2.1,2.6,6.1,0.7,0.4,2.2,2.1,13.2,,2020
298.0,Jeff Teague,32.0,MIL,PG,21.0,2.0,15.9,2.1,4.6,0.469,0.5,1.2,0.385,1.7,3.3,0.5,0.521,1.8,2.1,0.864,0.2,1.2,1.5,2.8,0.4,0.2,1.2,0.6,6.6,,2021
378.0,Jemerrio Jones,23.0,LAL,SF,6.0,2.0,23.8,2.0,5.5,0.364,0.3,1.7,0.2,1.7,3.8,0.435,0.394,0.2,0.3,0.5,2.7,5.5,8.2,2.2,1.2,0.8,0.8,1.7,4.5,,2019
264.0,Jerami Grant,20.0,PHI,SF,65.0,11.0,21.2,1.9,5.4,0.352,0.8,2.4,0.314,1.2,3.0,0.383,0.422,1.8,3.0,0.591,0.8,2.3,3.0,1.2,0.6,1.0,1.3,2.2,6.3,,2015
160.0,Jerami Grant,21.0,PHI,PF,77.0,52.0,26.8,3.3,7.8,0.419,0.5,1.9,0.24,2.8,5.9,0.477,0.448,2.8,4.2,0.658,1.3,3.4,4.7,1.8,0.7,1.6,1.4,2.8,9.7,,2016
304.0,Jerami Grant,22.0,PHI,PF,2.0,0.0,20.5,3.0,8.5,0.353,0.0,1.0,0.0,3.0,7.5,0.4,0.353,2.0,4.0,0.5,0.0,3.0,3.0,0.0,0.0,2.0,1.5,2.5,8.0,,2017
212.0,Jerami Grant,23.0,OKC,PF,81.0,1.0,20.3,3.0,5.6,0.535,0.4,1.4,0.291,2.6,4.3,0.613,0.57,2.0,3.0,0.675,1.1,2.9,3.9,0.7,0.4,1.0,0.7,1.9,8.4,,2018
104.0,Jerami Grant,24.0,OKC,PF,80.0,77.0,32.7,5.1,10.3,0.497,1.4,3.7,0.392,3.7,6.6,0.555,0.567,2.0,2.8,0.71,1.2,4.0,5.2,1.0,0.8,1.3,0.8,2.7,13.6,,2019
129.0,Jerami Grant,25.0,DEN,PF,71.0,24.0,26.6,4.3,8.9,0.478,1.4,3.5,0.389,2.9,5.4,0.537,0.555,2.1,2.8,0.75,0.8,2.7,3.5,1.2,0.7,0.8,0.9,2.2,12.0,,2020
29.0,Jerami Grant,26.0,DET,SF,54.0,54.0,33.9,7.4,17.3,0.429,2.1,6.1,0.35,5.3,11.2,0.473,0.491,5.4,6.4,0.845,0.6,4.0,4.6,2.8,0.6,1.1,2.0,2.3,22.3,,2021
42.0,Jerami Grant,27.0,DET,PF,47.0,47.0,31.9,6.3,14.9,0.426,1.9,5.4,0.358,4.4,9.5,0.465,0.491,4.6,5.5,0.838,0.6,3.5,4.1,2.4,0.9,1.0,1.8,2.3,19.2,,2022
48.0,Jerami Grant,28.0,POR,PF,63.0,63.0,35.7,6.9,14.5,0.475,2.3,5.7,0.401,4.6,8.8,0.523,0.554,4.4,5.4,0.813,0.8,3.7,4.5,2.4,0.8,0.8,1.8,2.4,20.5,,2023
43.0,Jerami Grant,29.0,POR,PF,54.0,54.0,33.9,7.1,15.7,0.451,2.1,5.1,0.402,5.0,10.6,0.474,0.516,4.7,5.8,0.817,0.7,2.9,3.5,2.8,0.8,0.6,2.1,2.2,21.0,,2024
105.0,Jerami Grant,30.0,POR,PF,47.0,47.0,32.4,4.6,12.2,0.373,2.3,6.3,0.365,2.3,5.9,0.381,0.467,3.0,3.5,0.849,0.6,2.9,3.5,2.1,0.9,1.0,1.4,2.3,14.4,,2025
277.0,Jeremiah Robinson-Earl,21.0,OKC,C,49.0,36.0,22.2,2.7,6.6,0.414,1.2,3.4,0.352,1.6,3.2,0.478,0.503,0.8,1.1,0.741,1.5,4.1,5.6,1.0,0.6,0.3,0.8,1.5,7.5,,2022
285.0,Jeremiah Robinson-Earl,22.0,OKC,PF,43.0,20.0,18.9,2.6,5.8,0.444,0.9,2.6,0.333,1.7,3.2,0.533,0.518,0.8,1.0,0.833,1.7,2.5,4.2,1.0,0.6,0.3,0.4,1.7,6.8,,2023
332.0,Jeremiah Robinson-Earl,24.0,NOP,PF,66.0,9.0,18.8,2.4,5.3,0.455,0.8,2.5,0.341,1.5,2.8,0.557,0.536,0.7,0.8,0.836,1.7,3.1,4.8,1.3,0.6,0.1,0.8,1.2,6.3,,2025
181.0,Jeremy Lamb,23.0,CHO,SG,66.0,0.0,18.6,3.5,7.7,0.451,0.8,2.7,0.309,2.6,5.0,0.529,0.506,1.0,1.3,0.727,0.7,3.2,3.8,1.2,0.6,0.5,0.8,1.6,8.8,,2016
156.0,Jeremy Lamb,24.0,CHO,SG,62.0,5.0,18.4,3.6,7.9,0.46,0.7,2.4,0.281,3.0,5.6,0.536,0.502,1.8,2.1,0.853,0.5,3.8,4.3,1.2,0.4,0.4,0.6,1.6,9.7,,2017
107.0,Jeremy Lamb,25.0,CHO,SG,80.0,18.0,24.6,4.8,10.4,0.457,1.2,3.2,0.37,3.6,7.2,0.495,0.513,2.2,2.6,0.861,0.6,3.4,4.1,2.3,0.8,0.4,1.2,1.7,12.9,,2018
78.0,Jeremy Lamb,26.0,CHO,SG,79.0,55.0,28.5,5.5,12.4,0.44,1.5,4.2,0.348,4.0,8.2,0.487,0.499,2.9,3.3,0.888,0.8,4.7,5.5,2.2,1.1,0.4,1.0,1.8,15.3,,2019
116.0,Jeremy Lamb,27.0,IND,SG,46.0,42.0,28.1,4.7,10.4,0.451,1.2,3.4,0.335,3.5,7.0,0.508,0.506,2.0,2.4,0.836,0.5,3.8,4.3,2.1,1.2,0.5,1.1,2.3,12.5,,2020
182.0,Jeremy Lamb,28.0,IND,SG,36.0,8.0,21.3,3.3,7.7,0.435,1.4,3.6,0.406,1.9,4.1,0.459,0.529,2.0,2.1,0.947,0.7,2.9,3.6,1.5,0.9,0.6,0.6,2.0,10.1,,2021
285.0,Jeremy Lamb,29.0,SAC,SG,17.0,0.0,18.9,2.8,7.0,0.403,0.9,3.1,0.302,1.9,3.9,0.485,0.471,1.3,1.5,0.846,0.6,2.9,3.5,1.8,0.5,0.5,0.8,0.9,7.9,,2022
131.0,Jeremy Lin,26.0,LAL,PG,74.0,30.0,25.8,3.7,8.8,0.424,0.9,2.4,0.369,2.9,6.5,0.444,0.473,2.9,3.6,0.795,0.4,2.3,2.6,4.6,1.1,0.4,2.2,2.6,11.2,,2015
118.0,Jeremy Lin,27.0,CHO,SG,78.0,13.0,26.3,3.8,9.3,0.412,1.0,2.9,0.336,2.9,6.4,0.446,0.464,3.1,3.7,0.815,0.5,2.7,3.2,3.0,0.7,0.5,1.9,2.1,11.7,,2016
70.0,Jeremy Lin,28.0,BRK,PG,36.0,33.0,24.5,4.9,11.1,0.438,1.6,4.3,0.372,3.3,6.8,0.48,0.51,3.2,3.9,0.816,0.3,3.4,3.8,5.1,1.2,0.4,2.4,2.2,14.5,,2017
39.0,Jeremy Lin,29.0,BRK,PG,1.0,1.0,25.0,5.0,12.0,0.417,1.0,2.0,0.5,4.0,10.0,0.4,0.458,7.0,7.0,1.0,0.0,0.0,0.0,4.0,0.0,0.0,3.0,3.0,18.0,,2018
180.0,Jeremy Lin,30.0,TOR,PG,23.0,3.0,18.8,2.5,6.7,0.374,0.5,2.4,0.2,2.0,4.3,0.47,0.41,1.5,1.8,0.81,0.3,2.3,2.6,2.2,0.4,0.3,1.1,2.1,7.0,,2019
154.0,Jeremy Sochan,19.0,SAS,PF,56.0,53.0,26.0,4.5,9.9,0.453,0.6,2.4,0.246,3.9,7.5,0.519,0.483,1.4,2.1,0.698,1.7,3.6,5.3,2.5,0.8,0.4,1.7,2.5,11.0,,2023
146.0,Jeremy Sochan,20.0,SAS,PF,74.0,73.0,29.6,4.6,10.5,0.438,0.9,3.1,0.308,3.6,7.4,0.492,0.483,1.5,1.9,0.771,1.9,4.6,6.4,3.4,0.8,0.5,1.9,2.3,11.6,,2024
153.0,Jeremy Sochan,21.0,SAS,PF,54.0,23.0,25.3,4.6,8.7,0.535,0.5,1.7,0.308,4.1,7.0,0.59,0.565,1.6,2.3,0.696,2.4,4.2,6.5,2.4,0.8,0.5,1.6,2.4,11.4,,2025
300.0,Jerian Grant,23.0,NYK,PG,76.0,6.0,16.6,2.0,5.1,0.394,0.3,1.3,0.22,1.7,3.8,0.454,0.422,1.3,1.6,0.78,0.3,1.6,1.9,2.3,0.7,0.1,1.1,1.3,5.6,,2016
289.0,Jerian Grant,24.0,CHI,PG,63.0,28.0,16.3,2.0,4.8,0.425,0.8,2.1,0.366,1.3,2.7,0.473,0.507,1.0,1.2,0.89,0.3,1.5,1.8,1.9,0.7,0.1,0.7,1.5,5.9,,2017
213.0,Jerian Grant,25.0,CHI,PG,74.0,26.0,22.8,2.8,6.8,0.416,0.8,2.5,0.326,2.0,4.3,0.468,0.476,1.9,2.5,0.745,0.4,1.9,2.3,4.6,0.9,0.1,1.2,1.8,8.4,,2018
392.0,Jerian Grant,26.0,ORL,PG,60.0,1.0,15.7,1.5,3.7,0.418,0.7,1.8,0.364,0.9,1.8,0.473,0.509,0.4,0.7,0.65,0.3,1.3,1.6,2.6,0.7,0.1,0.9,1.3,4.2,,2019
443.0,Jericho Sims,24.0,NYK,C,52.0,16.0,15.6,1.6,2.1,0.776,0.0,0.0,0.0,1.6,2.0,0.783,0.776,0.2,0.3,0.75,1.9,2.8,4.7,0.5,0.3,0.5,0.5,1.8,3.4,,2023
344.0,Jerome Robinson,22.0,WAS,SG,21.0,5.0,24.0,3.3,8.3,0.397,1.4,4.1,0.349,1.9,4.2,0.443,0.483,1.4,1.8,0.763,0.4,2.9,3.3,2.0,0.7,0.4,1.1,2.7,9.4,,2020
378.0,Jerome Robinson,23.0,WAS,SG,17.0,6.0,17.9,1.6,5.6,0.295,0.6,2.5,0.262,1.0,3.1,0.321,0.353,0.9,1.2,0.8,0.2,2.0,2.2,1.5,0.7,0.4,1.1,1.8,4.9,,2021
214.0,Jerryd Bayless,26.0,MIL,PG,77.0,4.0,22.3,2.9,6.7,0.426,0.5,1.6,0.308,2.4,5.1,0.462,0.462,1.6,1.8,0.883,0.3,2.5,2.7,3.0,0.8,0.2,1.7,2.1,7.8,,2015
139.0,Jerryd Bayless,27.0,MIL,SG,52.0,18.0,28.9,3.6,8.4,0.423,1.9,4.4,0.437,1.6,4.0,0.408,0.539,1.3,1.7,0.778,0.4,2.3,2.7,3.1,0.9,0.2,1.4,2.1,10.4,,2016
118.0,Jerryd Bayless,28.0,PHI,PG,3.0,1.0,23.7,3.7,10.7,0.344,0.7,1.7,0.4,3.0,9.0,0.333,0.375,3.0,3.3,0.9,1.0,3.0,4.0,4.3,0.0,0.0,3.0,1.3,11.0,,2017
225.0,Jerryd Bayless,29.0,PHI,SG,39.0,11.0,23.7,2.8,6.7,0.416,1.4,3.7,0.37,1.4,3.0,0.474,0.519,0.9,1.1,0.795,0.4,1.7,2.1,1.4,0.6,0.2,1.2,2.3,7.9,,2018
309.0,Jerryd Bayless,30.0,MIN,PG,34.0,6.0,19.3,2.4,6.8,0.357,0.9,2.9,0.296,1.6,3.9,0.402,0.42,0.5,0.8,0.571,0.3,1.5,1.8,3.5,0.5,0.1,0.9,1.6,6.1,,2019
357.0,Jevon Carter,24.0,PHO,PG,58.0,2.0,16.3,1.7,4.2,0.416,1.1,2.5,0.425,0.7,1.7,0.402,0.543,0.4,0.5,0.852,0.5,1.5,2.0,1.4,0.8,0.3,0.6,1.5,4.9,,2020
418.0,Jevon Carter,26.0,MIL,PG,20.0,2.0,17.7,2.0,4.0,0.506,1.2,2.2,0.558,0.8,1.8,0.444,0.658,0.4,0.4,1.0,0.3,1.9,2.2,2.5,0.5,0.2,0.4,1.1,5.6,,2022
240.0,Jevon Carter,27.0,MIL,PG,81.0,39.0,22.3,3.0,7.0,0.423,1.8,4.2,0.421,1.2,2.8,0.425,0.549,0.4,0.5,0.816,0.4,2.1,2.5,2.4,0.8,0.4,1.0,2.0,8.0,,2023
19.0,Jimmy Butler,25.0,CHI,SG,65.0,65.0,38.7,6.5,14.0,0.462,1.1,3.0,0.378,5.4,11.1,0.484,0.502,5.9,7.1,0.834,1.8,4.1,5.8,3.3,1.8,0.6,1.4,1.7,20.0,,2015
17.0,Jimmy Butler,26.0,CHI,SG,67.0,67.0,36.9,7.0,15.4,0.454,1.0,3.1,0.312,6.1,12.4,0.489,0.485,5.9,7.1,0.832,1.2,4.2,5.3,4.8,1.6,0.6,2.0,1.9,20.9,,2016
14.0,Jimmy Butler,27.0,CHI,SF,76.0,75.0,37.0,7.5,16.5,0.455,1.2,3.3,0.367,6.3,13.2,0.477,0.492,7.7,8.9,0.865,1.7,4.5,6.2,5.5,1.9,0.4,2.1,1.5,23.9,,2017
19.0,Jimmy Butler,28.0,MIN,SG,59.0,59.0,36.7,7.4,15.6,0.474,1.2,3.4,0.35,6.2,12.2,0.509,0.512,6.2,7.2,0.854,1.3,4.0,5.3,4.9,2.0,0.4,1.8,1.3,22.2,,2018
40.0,Jimmy Butler,29.0,PHI,SF,55.0,55.0,33.2,6.3,13.6,0.461,0.9,2.7,0.338,5.3,10.9,0.491,0.494,4.8,5.5,0.868,1.9,3.4,5.3,4.0,1.8,0.5,1.5,1.7,18.2,,2019
36.0,Jimmy Butler,30.0,MIA,SF,58.0,58.0,33.8,5.9,13.1,0.455,0.5,2.1,0.244,5.4,11.0,0.495,0.474,7.6,9.1,0.834,1.8,4.8,6.7,6.0,1.8,0.6,2.2,1.4,19.9,,2020
33.0,Jimmy Butler,31.0,MIA,SF,52.0,52.0,33.6,7.0,14.2,0.497,0.5,2.0,0.245,6.6,12.2,0.538,0.514,6.9,8.0,0.863,1.8,5.1,6.9,7.1,2.1,0.3,2.1,1.4,21.5,,2021
29.0,Jimmy Butler,32.0,MIA,SF,57.0,57.0,33.9,7.0,14.5,0.48,0.5,2.0,0.233,6.5,12.5,0.52,0.496,6.9,8.0,0.87,1.8,4.1,5.9,5.5,1.6,0.5,2.1,1.5,21.4,,2022
33.0,Jimmy Butler,33.0,MIA,PF,64.0,64.0,33.4,7.5,13.9,0.539,0.6,1.6,0.35,6.9,12.3,0.564,0.56,7.4,8.7,0.85,2.2,3.7,5.9,5.3,1.8,0.3,1.6,1.3,22.9,,2023
44.0,Jimmy Butler,34.0,MIA,PF,60.0,60.0,34.0,6.6,13.2,0.499,1.0,2.4,0.414,5.6,10.8,0.519,0.537,6.6,7.7,0.858,1.8,3.6,5.3,5.0,1.3,0.3,1.7,1.1,20.8,,2024
73.0,Jimmy Butler,35.0,MIA,PF,25.0,25.0,30.6,5.7,10.5,0.54,0.5,1.4,0.361,5.2,9.1,0.568,0.565,5.2,6.4,0.801,2.2,3.0,5.2,4.8,1.1,0.4,1.2,0.9,17.0,,2025
240.0,Joakim Noah,29.0,CHI,C,67.0,67.0,30.6,2.8,6.4,0.445,0.0,0.0,0.0,2.8,6.3,0.447,0.445,1.6,2.6,0.603,3.3,6.4,9.6,4.7,0.7,1.1,1.8,3.0,7.2,,2015
344.0,Joakim Noah,30.0,CHI,C,29.0,2.0,21.9,1.8,4.6,0.383,0.0,0.0,0.0,1.8,4.6,0.386,0.383,0.8,1.6,0.489,3.0,5.8,8.8,3.8,0.6,1.0,1.8,2.7,4.3,,2016
330.0,Joakim Noah,31.0,NYK,C,46.0,46.0,22.1,2.2,4.4,0.49,0.0,0.0,0.0,2.2,4.4,0.493,0.49,0.7,1.7,0.436,3.5,5.2,8.8,2.2,0.7,0.8,1.3,2.8,5.0,,2017
262.0,Joakim Noah,33.0,MEM,C,42.0,1.0,16.5,2.6,5.1,0.516,0.0,0.0,0.0,2.6,5.0,0.519,0.516,1.9,2.6,0.716,1.4,4.3,5.7,2.1,0.5,0.7,1.2,2.3,7.1,,2019
132.0,Jodie Meeks,27.0,DET,SG,60.0,0.0,24.4,3.7,8.9,0.416,1.2,3.5,0.349,2.5,5.4,0.46,0.485,2.4,2.7,0.906,0.2,1.5,1.7,1.3,1.0,0.1,1.0,1.3,11.1,,2015
177.0,Jodie Meeks,29.0,ORL,SG,36.0,10.0,20.5,2.9,7.1,0.402,1.6,3.8,0.409,1.3,3.3,0.395,0.512,1.8,2.1,0.878,0.1,2.0,2.1,1.3,0.9,0.1,1.0,1.1,9.1,,2017
196.0,Joe Harris,25.0,BRK,SG,52.0,11.0,21.9,3.0,7.0,0.425,1.6,4.3,0.385,1.3,2.7,0.489,0.543,0.7,0.9,0.714,0.3,2.5,2.8,1.0,0.6,0.2,1.1,2.3,8.2,,2017
157.0,Joe Harris,26.0,BRK,SG,78.0,14.0,25.3,3.9,8.0,0.491,1.9,4.6,0.419,2.0,3.4,0.589,0.612,1.1,1.3,0.827,0.7,2.7,3.3,1.6,0.4,0.3,1.2,2.0,10.8,,2018
100.0,Joe Harris,27.0,BRK,SG,76.0,76.0,30.2,4.9,9.8,0.5,2.4,5.1,0.474,2.5,4.8,0.528,0.622,1.4,1.8,0.827,0.7,3.1,3.8,2.4,0.5,0.2,1.6,2.4,13.7,,2019
94.0,Joe Harris,28.0,BRK,SF,69.0,69.0,30.8,5.5,11.4,0.486,2.5,5.9,0.424,3.0,5.5,0.553,0.596,0.9,1.3,0.719,0.9,3.4,4.3,2.1,0.6,0.2,1.5,2.3,14.5,,2020
103.0,Joe Harris,29.0,BRK,SF,69.0,65.0,31.0,5.2,10.2,0.505,3.1,6.4,0.475,2.1,3.8,0.555,0.654,0.7,0.9,0.778,0.6,3.0,3.6,1.9,0.7,0.2,0.9,2.0,14.1,,2021
147.0,Joe Harris,30.0,BRK,SF,14.0,14.0,30.2,4.0,8.9,0.452,2.9,6.3,0.466,1.1,2.6,0.417,0.617,0.4,0.4,0.833,0.4,3.6,4.0,1.0,0.5,0.1,1.1,2.2,11.3,,2022
252.0,Joe Harris,31.0,BRK,SF,74.0,33.0,20.6,2.7,5.9,0.457,1.9,4.5,0.426,0.8,1.4,0.551,0.618,0.2,0.4,0.643,0.3,1.9,2.2,1.4,0.5,0.2,0.6,1.9,7.6,,2023
325.0,Joe Ingles,27.0,UTA,SF,79.0,32.0,21.2,1.9,4.5,0.415,0.9,2.6,0.356,0.9,1.9,0.493,0.517,0.4,0.5,0.75,0.3,1.9,2.2,2.3,0.9,0.1,1.2,1.6,5.0,,2015
349.0,Joe Ingles,28.0,UTA,SF,81.0,2.0,15.3,1.5,3.6,0.426,1.0,2.6,0.386,0.5,1.0,0.531,0.565,0.2,0.2,0.722,0.2,1.6,1.9,1.2,0.7,0.0,0.8,1.2,4.2,,2016
233.0,Joe Ingles,29.0,UTA,SF,82.0,26.0,24.0,2.5,5.5,0.452,1.5,3.4,0.441,1.0,2.1,0.471,0.589,0.6,0.8,0.735,0.3,2.9,3.2,2.7,1.2,0.1,1.3,2.0,7.1,,2017
143.0,Joe Ingles,30.0,UTA,SF,82.0,81.0,31.4,4.1,8.8,0.467,2.5,5.7,0.44,1.6,3.1,0.516,0.609,0.8,1.0,0.795,0.3,3.9,4.2,4.8,1.1,0.2,1.9,2.2,11.5,,2018
124.0,Joe Ingles,31.0,UTA,PF,82.0,82.0,31.3,4.4,9.8,0.448,2.3,5.9,0.391,2.1,3.9,0.533,0.565,1.1,1.5,0.707,0.4,3.6,4.0,5.7,1.2,0.2,2.4,2.2,12.1,,2019
181.0,Joe Ingles,32.0,UTA,PF,72.0,45.0,29.7,3.4,7.7,0.445,2.0,4.9,0.399,1.5,2.8,0.525,0.572,1.0,1.3,0.787,0.4,3.5,3.9,5.2,0.9,0.2,2.0,2.1,9.8,,2020
141.0,Joe Ingles,33.0,UTA,SF,67.0,30.0,27.9,4.1,8.4,0.489,2.7,6.1,0.451,1.4,2.3,0.59,0.652,1.1,1.3,0.844,0.4,3.2,3.6,4.7,0.7,0.2,1.7,1.8,12.1,,2021
292.0,Joe Ingles,34.0,UTA,SF,45.0,15.0,24.9,2.6,6.3,0.404,1.7,5.0,0.347,0.8,1.3,0.617,0.54,0.4,0.5,0.773,0.3,2.6,2.9,3.5,0.5,0.1,1.0,1.8,7.2,,2022
278.0,Joe Ingles,35.0,MIL,SF,46.0,0.0,22.7,2.3,5.4,0.435,1.8,4.4,0.409,0.5,1.0,0.556,0.603,0.4,0.5,0.857,0.3,2.5,2.8,3.3,0.7,0.1,1.2,1.6,6.9,,2023
373.0,Joe Ingles,36.0,ORL,SF,68.0,0.0,17.2,1.5,3.3,0.436,1.0,2.4,0.435,0.4,1.0,0.439,0.59,0.4,0.5,0.824,0.3,1.8,2.1,3.0,0.6,0.1,1.0,1.3,4.4,,2024
70.0,Joe Johnson,33.0,BRK,SG,80.0,80.0,34.9,5.6,12.8,0.435,1.5,4.2,0.359,4.1,8.6,0.472,0.494,1.8,2.2,0.801,0.7,4.1,4.8,3.7,0.7,0.2,1.7,1.5,14.4,,2015
106.0,Joe Johnson,34.0,MIA,SF,24.0,24.0,32.0,5.4,10.5,0.518,1.5,3.5,0.417,4.0,7.0,0.569,0.588,1.1,1.4,0.765,0.6,2.2,2.8,3.6,0.9,0.1,1.8,1.9,13.4,,2016
170.0,Joe Johnson,35.0,UTA,SF,78.0,14.0,23.6,3.5,8.0,0.436,1.4,3.3,0.411,2.1,4.7,0.454,0.521,0.8,1.0,0.818,0.4,2.7,3.1,1.8,0.5,0.2,0.9,1.2,9.2,,2017
267.0,Joe Johnson,36.0,UTA,SF,32.0,3.0,21.9,3.0,7.1,0.42,0.7,2.6,0.274,2.3,4.4,0.507,0.471,0.6,0.8,0.833,0.4,3.0,3.3,1.4,0.4,0.2,1.0,1.0,7.3,,2018
32.0,Joel Embiid,22.0,PHI,C,31.0,31.0,25.4,6.5,13.8,0.466,1.2,3.2,0.367,5.3,10.7,0.495,0.508,6.2,7.9,0.783,2.0,5.9,7.8,2.1,0.9,2.5,3.8,3.6,20.2,,2017
15.0,Joel Embiid,23.0,PHI,C,63.0,63.0,30.3,8.1,16.8,0.483,1.0,3.4,0.308,7.0,13.4,0.527,0.514,5.7,7.4,0.769,2.3,8.7,11.0,3.2,0.6,1.8,3.7,3.3,22.9,,2018
4.0,Joel Embiid,24.0,PHI,C,64.0,64.0,33.7,9.1,18.7,0.484,1.2,4.1,0.3,7.8,14.6,0.535,0.517,8.2,10.1,0.804,2.5,11.1,13.6,3.7,0.7,1.9,3.5,3.3,27.5,,2019
19.0,Joel Embiid,25.0,PHI,C,51.0,51.0,29.5,7.5,15.7,0.477,1.1,3.4,0.331,6.4,12.3,0.517,0.512,6.9,8.5,0.807,2.8,8.9,11.6,3.0,0.9,1.3,3.1,3.4,23.0,,2020
4.0,Joel Embiid,26.0,PHI,C,51.0,51.0,31.1,9.0,17.6,0.513,1.1,3.0,0.377,7.9,14.6,0.541,0.545,9.2,10.7,0.859,2.2,8.4,10.6,2.8,1.0,1.4,3.1,2.4,28.5,,2021
1.0,Joel Embiid,27.0,PHI,C,68.0,68.0,33.8,9.8,19.6,0.499,1.4,3.7,0.371,8.4,15.9,0.529,0.534,9.6,11.8,0.814,2.1,9.6,11.7,4.2,1.1,1.5,3.1,2.7,30.6,,2022
1.0,Joel Embiid,28.0,PHI,C,66.0,66.0,34.6,11.0,20.1,0.548,1.0,3.0,0.33,10.0,17.1,0.587,0.573,10.0,11.7,0.857,1.7,8.4,10.2,4.2,1.0,1.7,3.4,3.1,33.1,,2023
1.0,Joel Embiid,29.0,PHI,C,39.0,39.0,33.6,11.5,21.8,0.529,1.4,3.6,0.388,10.2,18.3,0.556,0.561,10.2,11.6,0.883,2.4,8.6,11.0,5.6,1.2,1.7,3.8,2.9,34.7,,2024
27.0,Joel Embiid,30.0,PHI,C,19.0,19.0,30.2,7.4,16.6,0.444,1.2,4.1,0.299,6.2,12.5,0.492,0.481,7.8,8.9,0.882,1.9,6.3,8.2,4.5,0.7,0.9,3.3,2.2,23.8,,2025
207.0,Joffrey Lauvergne,24.0,DEN,C,59.0,15.0,17.6,3.3,6.4,0.513,0.2,0.9,0.245,3.1,5.5,0.557,0.53,1.1,1.2,0.899,1.3,3.6,4.9,0.9,0.2,0.3,0.9,1.9,7.9,,2016
160.0,John Collins,20.0,ATL,PF,74.0,26.0,24.1,4.2,7.4,0.576,0.2,0.6,0.34,4.0,6.7,0.598,0.591,1.8,2.5,0.715,2.4,4.9,7.3,1.3,0.6,1.1,1.4,2.9,10.5,,2018
37.0,John Collins,21.0,ATL,PF,61.0,59.0,30.0,7.6,13.6,0.56,0.9,2.6,0.348,6.7,11.0,0.609,0.593,3.3,4.4,0.763,3.6,6.2,9.8,2.0,0.4,0.6,2.0,3.3,19.5,,2019
25.0,John Collins,22.0,ATL,PF,41.0,41.0,33.2,8.6,14.8,0.583,1.4,3.6,0.401,7.2,11.2,0.642,0.632,2.9,3.7,0.8,2.8,7.3,10.1,1.5,0.8,1.6,1.8,3.4,21.6,,2020
61.0,John Collins,23.0,ATL,PF,63.0,63.0,29.3,6.8,12.2,0.556,1.3,3.3,0.399,5.5,8.9,0.615,0.61,2.7,3.2,0.833,1.9,5.5,7.4,1.2,0.5,1.0,1.3,3.1,17.6,,2021
75.0,John Collins,24.0,ATL,PF,54.0,53.0,30.8,6.3,11.9,0.526,1.2,3.3,0.364,5.1,8.7,0.588,0.576,2.5,3.1,0.793,1.7,6.1,7.8,1.8,0.6,1.0,1.1,3.0,16.2,,2022
119.0,John Collins,25.0,ATL,PF,71.0,71.0,30.0,5.1,10.0,0.508,1.0,3.4,0.292,4.1,6.6,0.619,0.557,2.0,2.5,0.803,1.1,5.4,6.5,1.2,0.6,1.0,1.1,3.1,13.1,,2023
96.0,John Collins,26.0,UTA,PF,68.0,66.0,28.0,5.8,11.0,0.532,1.3,3.4,0.371,4.6,7.6,0.605,0.59,2.2,2.7,0.795,2.3,6.1,8.5,1.1,0.6,0.9,1.4,2.8,15.1,,2024
57.0,John Collins,27.0,UTA,PF,40.0,31.0,30.5,7.0,13.3,0.527,1.5,3.7,0.399,5.5,9.6,0.577,0.583,3.5,4.1,0.848,2.2,6.0,8.2,2.0,1.0,1.0,2.6,2.9,19.0,,2025
244.0,John Henson,24.0,MIL,C,67.0,11.0,18.3,2.9,5.2,0.566,0.0,0.0,,2.9,5.2,0.566,0.566,1.2,2.0,0.569,1.9,2.8,4.7,0.9,0.4,2.0,1.3,2.3,7.0,,2015
242.0,John Henson,25.0,MIL,C,57.0,1.0,16.8,2.9,5.1,0.564,0.0,0.0,0.0,2.9,5.1,0.566,0.564,1.2,2.1,0.59,1.5,2.4,3.9,0.9,0.3,1.9,1.1,2.3,7.0,,2016
243.0,John Henson,26.0,MIL,C,58.0,39.0,19.4,2.7,5.3,0.515,0.0,0.0,0.0,2.7,5.3,0.516,0.515,1.3,1.8,0.692,1.6,3.5,5.1,1.0,0.5,1.3,0.9,2.6,6.8,,2017
193.0,John Henson,27.0,MIL,C,76.0,69.0,25.9,3.8,6.6,0.572,0.0,0.1,0.143,3.8,6.5,0.578,0.573,1.2,2.1,0.57,2.0,4.8,6.8,1.5,0.6,1.4,1.1,2.7,8.8,,2018
330.0,John Henson,29.0,DET,C,11.0,6.0,17.1,3.1,4.6,0.667,0.2,0.5,0.4,2.9,4.2,0.696,0.686,0.5,1.2,0.462,1.3,3.1,4.4,1.0,0.7,0.9,1.4,2.1,6.9,,2020
390.0,John Konchar,25.0,MEM,SG,72.0,7.0,17.9,1.9,3.6,0.515,0.7,1.8,0.413,1.2,1.9,0.61,0.615,0.4,0.7,0.551,1.2,3.4,4.6,1.5,0.6,0.3,0.4,1.3,4.8,,2022
358.0,John Konchar,26.0,MEM,SF,72.0,23.0,20.8,1.9,4.4,0.431,0.8,2.5,0.339,1.1,2.0,0.545,0.525,0.4,0.5,0.778,0.9,3.4,4.3,1.4,1.1,0.3,0.5,1.6,5.1,,2023
382.0,John Konchar,27.0,MEM,SF,55.0,23.0,21.3,1.6,3.8,0.423,0.7,2.2,0.317,0.9,1.6,0.568,0.514,0.4,0.5,0.84,1.3,3.4,4.7,2.0,0.9,0.9,0.8,1.4,4.3,,2024
29.0,John Wall,24.0,WAS,PG,79.0,79.0,35.9,6.6,14.8,0.445,0.8,2.7,0.3,5.7,12.0,0.478,0.473,3.6,4.6,0.785,0.5,4.2,4.6,10.0,1.7,0.6,3.8,2.3,17.6,,2015
23.0,John Wall,25.0,WAS,PG,77.0,77.0,36.2,7.4,17.5,0.424,1.5,4.3,0.351,5.9,13.3,0.448,0.467,3.5,4.5,0.791,0.5,4.4,4.9,10.2,1.9,0.8,4.1,2.1,19.9,,2016
19.0,John Wall,26.0,WAS,PG,78.0,78.0,36.4,8.3,18.4,0.451,1.1,3.5,0.327,7.2,14.9,0.48,0.482,5.4,6.8,0.801,0.8,3.4,4.2,10.7,2.0,0.6,4.1,1.9,23.1,,2017
32.0,John Wall,27.0,WAS,PG,41.0,41.0,34.4,6.8,16.3,0.42,1.5,4.1,0.371,5.3,12.2,0.436,0.466,4.3,5.9,0.726,0.5,3.1,3.7,9.6,1.4,1.1,3.9,2.0,19.4,,2018
31.0,John Wall,28.0,WAS,PG,32.0,32.0,34.5,7.7,17.3,0.444,1.6,5.3,0.302,6.1,12.0,0.507,0.49,3.8,5.5,0.697,0.5,3.2,3.6,8.7,1.5,0.9,3.8,2.2,20.7,,2019
38.0,John Wall,30.0,HOU,PG,40.0,40.0,32.2,7.3,18.2,0.404,2.0,6.2,0.317,5.4,11.9,0.449,0.458,4.0,5.3,0.749,0.4,2.8,3.2,6.9,1.1,0.8,3.5,1.2,20.6,,2021
147.0,John Wall,32.0,LAC,PG,34.0,3.0,22.2,4.1,9.9,0.408,1.0,3.2,0.303,3.1,6.7,0.459,0.457,2.3,3.3,0.681,0.4,2.3,2.7,5.2,0.8,0.4,2.4,1.7,11.4,,2023
199.0,Johnathan Motley,22.0,DAL,PF,11.0,4.0,16.0,3.6,6.8,0.533,0.1,0.5,0.167,3.5,6.3,0.565,0.54,1.4,2.5,0.536,1.3,3.2,4.5,0.6,0.3,0.2,0.8,1.6,8.7,,2018
294.0,Johnathan Williams,23.0,LAL,C,24.0,0.0,15.5,2.7,4.6,0.591,0.0,0.1,0.0,2.7,4.5,0.602,0.591,1.1,2.0,0.563,2.0,2.1,4.1,0.5,0.3,0.3,0.7,2.6,6.5,,2019
328.0,Johnny Davis,20.0,WAS,SG,28.0,5.0,15.1,2.4,6.1,0.386,0.6,2.5,0.243,1.8,3.6,0.485,0.436,0.5,1.0,0.519,0.4,2.0,2.3,1.0,0.4,0.3,0.6,1.7,5.8,,2023
248.0,Johnny Juzang,22.0,UTA,SG,20.0,5.0,18.6,2.6,5.5,0.464,1.6,3.9,0.416,1.0,1.7,0.576,0.609,0.5,0.7,0.714,0.4,1.5,1.8,1.2,0.2,0.1,0.7,1.5,7.2,,2024
231.0,Johnny Juzang,23.0,UTA,SG,64.0,18.0,19.8,3.2,7.4,0.429,1.8,4.9,0.376,1.3,2.5,0.534,0.554,0.7,0.8,0.849,0.7,2.2,2.9,1.1,0.6,0.1,0.6,2.0,8.9,,2025
193.0,Jon Leuer,26.0,PHO,PF,67.0,27.0,18.7,3.3,7.0,0.481,0.6,1.6,0.382,2.7,5.3,0.511,0.526,1.1,1.5,0.762,1.1,4.4,5.6,1.1,0.6,0.4,1.1,1.9,8.5,,2016
144.0,Jon Leuer,27.0,DET,PF,75.0,34.0,25.9,4.1,8.6,0.48,0.7,2.2,0.293,3.5,6.4,0.545,0.518,1.3,1.5,0.867,1.4,4.0,5.4,1.5,0.4,0.3,0.9,1.9,10.2,,2017
332.0,Jon Leuer,28.0,DET,PF,8.0,0.0,17.0,1.9,4.5,0.417,0.0,0.4,0.0,1.9,4.1,0.455,0.417,1.6,1.9,0.867,0.9,3.1,4.0,0.6,0.1,0.4,0.9,2.0,5.4,,2018
276.0,Jonas Jerebko,27.0,DET,PF,46.0,0.0,15.3,2.0,4.3,0.46,0.6,1.7,0.368,1.4,2.7,0.516,0.53,0.7,0.8,0.861,1.0,2.1,3.1,0.9,0.6,0.2,0.6,1.7,5.2,,2015
343.0,Jonas Jerebko,28.0,BOS,PF,78.0,0.0,15.1,1.5,3.7,0.413,0.6,1.4,0.398,1.0,2.3,0.421,0.488,0.8,1.0,0.782,1.0,2.7,3.7,0.8,0.3,0.3,0.7,1.8,4.4,,2016
377.0,Jonas Jerebko,29.0,BOS,PF,78.0,6.0,15.8,1.5,3.4,0.435,0.6,1.7,0.346,0.9,1.7,0.523,0.521,0.3,0.5,0.703,0.8,2.7,3.5,0.9,0.3,0.2,0.5,1.6,3.8,,2017
310.0,Jonas Jerebko,30.0,UTA,PF,74.0,19.0,15.3,2.1,4.6,0.466,0.9,2.1,0.414,1.3,2.5,0.511,0.562,0.6,0.8,0.807,0.7,2.6,3.3,0.6,0.3,0.2,0.4,1.7,5.8,,2018
303.0,Jonas Jerebko,31.0,GSW,PF,73.0,6.0,16.7,2.2,4.9,0.459,0.9,2.6,0.367,1.3,2.3,0.563,0.556,0.9,1.1,0.8,1.0,3.0,3.9,1.3,0.4,0.2,0.6,1.9,6.3,,2019
111.0,Jonas Valančiūnas,22.0,TOR,C,80.0,80.0,26.2,4.7,8.2,0.572,0.0,0.0,0.0,4.7,8.1,0.573,0.572,2.7,3.5,0.786,2.7,6.0,8.7,0.5,0.4,1.2,1.4,2.8,12.0,,2015
94.0,Jonas Valančiūnas,23.0,TOR,C,60.0,59.0,26.0,5.1,8.9,0.565,0.0,0.0,,5.1,8.9,0.565,0.565,2.7,3.6,0.761,3.1,6.1,9.1,0.7,0.4,1.3,1.4,2.6,12.8,,2016
108.0,Jonas Valančiūnas,24.0,TOR,C,80.0,80.0,25.8,4.9,8.8,0.557,0.0,0.0,0.5,4.9,8.8,0.557,0.558,2.2,2.7,0.811,2.8,6.7,9.5,0.7,0.5,0.8,1.3,2.7,12.0,,2017
114.0,Jonas Valančiūnas,25.0,TOR,C,77.0,77.0,22.4,5.1,8.9,0.568,0.4,1.0,0.405,4.7,8.0,0.587,0.59,2.2,2.7,0.806,2.4,6.2,8.6,1.1,0.4,0.9,1.5,2.5,12.7,,2018
72.0,Jonas Valančiūnas,26.0,TOR,C,30.0,10.0,18.8,5.0,8.6,0.575,0.3,1.0,0.3,4.7,7.6,0.611,0.593,2.6,3.1,0.819,1.8,5.4,7.2,1.0,0.4,0.8,1.3,2.7,12.8,,2019
90.0,Jonas Valančiūnas,27.0,MEM,C,70.0,70.0,26.4,6.2,10.6,0.585,0.5,1.3,0.352,5.7,9.3,0.617,0.606,2.1,2.9,0.74,3.0,8.2,11.3,1.9,0.4,1.1,1.8,2.6,14.9,,2020
66.0,Jonas Valančiūnas,28.0,MEM,C,62.0,61.0,28.3,7.1,12.0,0.592,0.3,0.9,0.368,6.8,11.1,0.611,0.606,2.5,3.3,0.773,4.1,8.4,12.5,1.8,0.6,0.9,1.6,2.9,17.1,,2021
56.0,Jonas Valančiūnas,29.0,NOP,C,74.0,74.0,30.3,6.9,12.7,0.544,0.8,2.1,0.361,6.1,10.5,0.581,0.574,3.2,3.9,0.82,3.1,8.3,11.4,2.6,0.6,0.8,2.4,3.3,17.8,,2022
108.0,Jonas Valančiūnas,30.0,NOP,C,79.0,79.0,24.9,5.6,10.3,0.547,0.5,1.4,0.349,5.2,8.9,0.577,0.57,2.3,2.8,0.826,2.8,7.3,10.2,1.8,0.3,0.7,2.0,3.1,14.1,,2023
138.0,Jonas Valančiūnas,31.0,NOP,C,82.0,82.0,23.5,4.9,8.8,0.559,0.5,1.5,0.308,4.5,7.3,0.609,0.585,2.0,2.5,0.785,2.3,6.5,8.8,2.1,0.4,0.8,1.4,2.7,12.2,,2024
173.0,Jonas Valančiūnas,32.0,WAS,C,49.0,12.0,20.1,4.7,8.6,0.547,0.1,0.6,0.259,4.6,8.1,0.567,0.556,1.9,2.2,0.896,2.4,5.8,8.2,2.2,0.4,0.6,1.8,2.0,11.5,,2025
329.0,Jonathan Isaac,20.0,ORL,PF,27.0,10.0,19.9,2.0,5.4,0.379,0.6,1.7,0.348,1.4,3.7,0.394,0.434,0.7,0.9,0.76,0.6,3.1,3.7,0.7,1.2,1.1,1.0,1.8,5.4,,2018
183.0,Jonathan Isaac,21.0,ORL,PF,75.0,64.0,26.6,3.5,8.1,0.429,1.1,3.5,0.323,2.3,4.6,0.51,0.499,1.5,1.8,0.815,1.3,4.2,5.5,1.1,0.8,1.3,1.0,1.9,9.6,,2019
134.0,Jonathan Isaac,22.0,ORL,PF,34.0,32.0,28.8,4.6,9.8,0.47,0.9,2.8,0.34,3.6,7.0,0.521,0.518,1.8,2.3,0.779,1.7,5.1,6.8,1.4,1.6,2.3,1.4,2.4,11.9,,2020
269.0,Jonathan Isaac,26.0,ORL,PF,58.0,2.0,15.8,2.5,4.9,0.51,0.7,1.9,0.375,1.8,3.0,0.598,0.584,1.0,1.4,0.72,1.3,3.2,4.5,0.5,0.7,1.2,0.5,1.1,6.8,,2024
365.0,Jonathan Isaac,27.0,ORL,PF,71.0,1.0,15.4,1.9,4.6,0.414,0.5,2.1,0.258,1.3,2.4,0.549,0.474,1.0,1.5,0.682,1.7,2.7,4.4,0.6,0.9,1.1,0.5,1.3,5.4,,2025
201.0,Jonathan Kuminga,19.0,GSW,SF,70.0,12.0,16.9,3.4,6.6,0.513,0.7,2.1,0.336,2.7,4.4,0.598,0.567,1.9,2.7,0.684,0.8,2.6,3.3,0.9,0.4,0.3,1.1,2.1,9.3,,2022
178.0,Jonathan Kuminga,20.0,GSW,PF,67.0,16.0,20.8,3.9,7.4,0.525,0.8,2.2,0.37,3.1,5.2,0.59,0.579,1.3,2.1,0.652,1.0,2.4,3.4,1.9,0.6,0.5,1.4,2.3,9.9,,2023
81.0,Jonathan Kuminga,21.0,GSW,PF,74.0,46.0,26.3,6.2,11.6,0.529,0.7,2.2,0.321,5.4,9.4,0.578,0.56,3.0,4.0,0.746,1.2,3.6,4.8,2.2,0.7,0.5,1.6,2.3,16.1,,2024
91.0,Jonathan Kuminga,22.0,GSW,PF,47.0,10.0,24.3,5.5,12.1,0.454,1.0,3.2,0.305,4.5,8.9,0.508,0.495,3.3,5.0,0.668,1.2,3.4,4.6,2.2,0.8,0.4,1.5,1.9,15.3,,2025
335.0,Jonathan Mogbo,23.0,TOR,PF,63.0,18.0,20.4,2.5,5.7,0.438,0.3,1.1,0.243,2.2,4.5,0.486,0.462,1.0,1.3,0.732,1.7,3.2,4.9,2.3,0.9,0.5,1.1,2.2,6.2,,2025
278.0,Jonathon Simmons,27.0,SAS,SG,78.0,8.0,17.8,2.3,5.4,0.42,0.4,1.3,0.294,1.9,4.1,0.461,0.456,1.3,1.7,0.75,0.3,1.8,2.1,1.6,0.6,0.3,1.0,1.9,6.2,,2017
90.0,Jonathon Simmons,28.0,ORL,SG,69.0,50.0,29.4,5.1,11.0,0.465,1.0,3.0,0.338,4.1,8.1,0.512,0.511,2.7,3.5,0.768,0.9,2.6,3.5,2.5,0.8,0.2,2.1,2.5,13.9,,2018
113.0,Jordan Clarkson,22.0,LAL,PG,59.0,38.0,25.0,4.5,10.1,0.448,0.6,2.1,0.314,3.9,8.1,0.482,0.48,2.2,2.7,0.829,0.9,2.3,3.2,3.5,0.9,0.2,1.6,1.8,11.9,,2015
54.0,Jordan Clarkson,23.0,LAL,SG,79.0,79.0,32.3,6.0,13.9,0.433,1.4,4.1,0.347,4.6,9.8,0.468,0.483,2.1,2.6,0.804,1.2,2.8,4.0,2.4,1.1,0.1,1.7,2.1,15.5,,2016
65.0,Jordan Clarkson,24.0,LAL,SG,82.0,19.0,29.2,5.8,13.1,0.445,1.4,4.3,0.329,4.4,8.7,0.503,0.5,1.6,2.0,0.798,0.6,2.4,3.0,2.6,1.1,0.1,2.0,1.8,14.7,,2017
86.0,Jordan Clarkson,25.0,LAL,SG,53.0,2.0,23.7,5.6,12.6,0.448,1.3,4.0,0.324,4.4,8.6,0.505,0.499,2.0,2.5,0.795,0.8,2.2,3.0,3.3,0.7,0.1,1.8,1.2,14.5,,2018
58.0,Jordan Clarkson,26.0,CLE,SG,81.0,0.0,27.3,6.5,14.6,0.448,1.8,5.5,0.324,4.8,9.1,0.524,0.509,2.0,2.4,0.844,1.0,2.3,3.3,2.4,0.7,0.2,1.7,1.4,16.8,,2019
84.0,Jordan Clarkson,27.0,UTA,SG,42.0,2.0,24.7,6.0,12.9,0.462,2.2,6.0,0.366,3.7,6.8,0.547,0.548,1.5,1.9,0.785,0.7,2.1,2.8,1.6,0.7,0.2,1.4,1.8,15.6,,2020
57.0,Jordan Clarkson,28.0,UTA,SG,68.0,1.0,26.7,6.7,15.8,0.425,3.1,8.8,0.347,3.7,7.0,0.523,0.522,1.9,2.1,0.896,0.7,3.3,4.0,2.5,0.9,0.1,1.7,1.6,18.4,,2021
78.0,Jordan Clarkson,29.0,UTA,SG,79.0,1.0,27.1,5.9,14.1,0.419,2.4,7.6,0.318,3.5,6.5,0.535,0.504,1.8,2.2,0.828,0.8,2.6,3.5,2.5,0.8,0.2,1.6,1.9,16.0,,2022
45.0,Jordan Clarkson,30.0,UTA,SG,61.0,61.0,32.6,7.5,16.9,0.444,2.5,7.5,0.338,5.0,9.4,0.53,0.519,3.3,4.0,0.816,1.2,2.9,4.0,4.4,0.5,0.2,3.0,2.0,20.8,,2023
72.0,Jordan Clarkson,31.0,UTA,SG,55.0,19.0,30.6,6.1,14.8,0.413,1.7,5.6,0.294,4.5,9.2,0.485,0.469,3.2,3.7,0.881,0.9,2.5,3.4,5.0,0.6,0.1,2.7,1.5,17.1,,2024
85.0,Jordan Clarkson,32.0,UTA,SG,37.0,9.0,26.0,5.4,13.3,0.408,2.3,6.3,0.362,3.2,7.1,0.448,0.493,3.1,3.9,0.797,0.7,2.5,3.2,3.7,0.8,0.2,2.3,1.4,16.2,,2025
75.0,Jordan Crawford,28.0,NOP,SG,19.0,0.0,23.3,5.5,11.5,0.482,1.9,5.0,0.389,3.6,6.5,0.553,0.567,1.1,1.4,0.769,0.2,1.6,1.8,3.0,0.6,0.1,1.3,1.6,14.1,,2017
168.0,Jordan Farmar,29.0,MEM,PG,12.0,10.0,24.3,3.5,8.3,0.42,1.3,3.8,0.356,2.2,4.6,0.473,0.5,0.8,0.8,1.0,0.3,1.8,2.1,3.1,1.3,0.2,1.5,1.8,9.2,,2016
286.0,Jordan Farmar,30.0,SAC,PG,2.0,0.0,17.5,2.0,6.0,0.333,2.0,4.5,0.444,0.0,1.5,0.0,0.5,0.0,0.0,,0.5,1.0,1.5,4.5,1.0,0.0,1.5,0.5,6.0,,2017
297.0,Jordan Goodwin,24.0,WAS,PG,62.0,7.0,17.8,2.5,5.7,0.448,0.6,1.9,0.322,1.9,3.8,0.511,0.501,0.9,1.1,0.768,0.9,2.4,3.3,2.7,0.9,0.4,0.9,1.5,6.6,,2023
361.0,Jordan Goodwin,26.0,LAL,PG,29.0,5.0,18.7,2.2,5.0,0.438,0.9,2.3,0.382,1.3,2.6,0.487,0.528,0.3,0.4,0.818,1.3,2.6,3.9,1.4,1.0,0.4,0.9,1.5,5.6,,2025
123.0,Jordan Hamilton,25.0,NOP,SF,11.0,4.0,27.6,4.5,10.5,0.422,1.2,4.1,0.289,3.3,6.5,0.507,0.478,1.3,1.9,0.667,1.1,4.5,5.6,2.3,0.7,0.3,1.5,2.2,11.4,,2016
234.0,Jordan Hawkins,21.0,NOP,SG,67.0,10.0,17.3,2.6,6.8,0.382,1.6,4.4,0.366,1.0,2.4,0.411,0.501,1.0,1.2,0.838,0.4,1.8,2.2,1.0,0.3,0.1,0.6,1.1,7.8,,2024
166.0,Jordan Hawkins,22.0,NOP,SG,56.0,9.0,23.6,3.7,9.9,0.372,2.0,5.9,0.331,1.7,4.0,0.433,0.471,1.4,1.8,0.816,0.4,2.4,2.8,1.2,0.5,0.4,1.0,0.9,10.8,,2025
108.0,Jordan Hill,27.0,LAL,C,70.0,57.0,26.8,5.1,11.1,0.459,0.0,0.2,0.273,5.1,10.9,0.462,0.461,1.8,2.4,0.738,2.5,5.5,7.9,1.5,0.5,0.7,1.5,2.3,12.0,,2015
180.0,Jordan Hill,28.0,IND,C,73.0,11.0,20.7,3.8,7.5,0.506,0.0,0.0,0.0,3.8,7.5,0.507,0.506,1.2,1.7,0.712,2.1,4.0,6.2,1.2,0.5,0.5,1.3,2.1,8.8,,2016
241.0,Jordan McLaughlin,23.0,MIN,PG,30.0,2.0,19.7,2.9,5.9,0.489,1.0,2.5,0.382,1.9,3.4,0.569,0.57,0.9,1.3,0.667,0.2,1.4,1.6,4.2,1.1,0.1,1.0,1.0,7.6,,2020
374.0,Jordan McLaughlin,24.0,MIN,PG,51.0,2.0,18.4,2.0,4.7,0.413,0.6,1.8,0.359,1.3,2.9,0.447,0.481,0.5,0.6,0.767,0.4,1.7,2.1,3.8,1.0,0.1,1.0,0.9,5.0,,2021
430.0,Jordan McLaughlin,26.0,MIN,PG,43.0,0.0,15.8,1.4,3.4,0.421,0.6,1.8,0.308,0.9,1.6,0.552,0.503,0.3,0.4,0.833,0.3,1.1,1.4,3.4,0.7,0.1,0.8,0.7,3.7,,2023
140.0,Jordan McRae,28.0,WAS,SG,29.0,4.0,22.6,4.6,10.9,0.42,1.4,3.7,0.377,3.2,7.3,0.441,0.483,2.2,2.9,0.771,0.6,3.0,3.6,2.8,0.7,0.5,1.3,2.1,12.8,,2020
261.0,Jordan Nwora,23.0,MIL,SF,62.0,13.0,19.1,3.0,7.5,0.403,1.3,3.7,0.348,1.7,3.8,0.455,0.488,0.6,0.7,0.837,0.6,3.0,3.6,1.0,0.4,0.3,0.9,1.3,7.9,,2022
223.0,Jordan Nwora,24.0,MIL,SF,38.0,3.0,15.7,2.0,5.2,0.386,1.1,2.7,0.392,0.9,2.5,0.379,0.487,1.0,1.1,0.86,0.8,2.3,3.1,1.0,0.3,0.2,0.9,0.9,6.0,,2023
256.0,Jordan Nwora,25.0,TOR,SF,34.0,1.0,15.6,3.0,6.4,0.465,1.0,2.8,0.347,2.0,3.6,0.557,0.541,1.0,1.2,0.833,0.6,2.8,3.4,1.3,0.6,0.4,1.2,0.9,7.9,,2024
212.0,Jordan Poole,20.0,GSW,SG,57.0,14.0,22.4,2.9,8.8,0.333,1.3,4.6,0.279,1.6,4.2,0.392,0.406,1.7,2.1,0.798,0.2,1.9,2.1,2.4,0.6,0.2,1.3,1.6,8.8,,2020
144.0,Jordan Poole,21.0,GSW,SG,51.0,7.0,19.4,4.0,9.3,0.432,1.9,5.4,0.351,2.1,3.9,0.545,0.535,2.1,2.3,0.882,0.3,1.5,1.8,1.9,0.5,0.2,1.0,1.7,12.0,,2021
47.0,Jordan Poole,22.0,GSW,SG,76.0,51.0,30.0,6.2,13.9,0.448,2.8,7.6,0.364,3.5,6.3,0.55,0.548,3.2,3.5,0.925,0.4,3.0,3.4,4.0,0.8,0.3,2.5,2.7,18.5,,2022
51.0,Jordan Poole,23.0,GSW,PG,82.0,43.0,30.0,6.7,15.6,0.43,2.6,7.8,0.336,4.1,7.8,0.524,0.514,4.4,5.1,0.87,0.4,2.4,2.7,4.5,0.8,0.3,3.1,2.6,20.4,,2023
68.0,Jordan Poole,24.0,WAS,SG,78.0,66.0,30.1,6.3,15.2,0.413,2.4,7.2,0.326,3.9,8.0,0.492,0.491,2.5,2.8,0.877,0.4,2.3,2.7,4.4,1.1,0.3,2.4,3.1,17.4,,2024
46.0,Jordan Poole,25.0,WAS,SG,68.0,68.0,29.4,6.7,15.5,0.432,3.5,9.1,0.378,3.3,6.4,0.51,0.544,3.6,4.0,0.883,0.5,2.5,3.0,4.5,1.3,0.4,3.0,3.0,20.5,,2025
336.0,Jose Alvarado,23.0,NOP,PG,54.0,1.0,15.4,2.4,5.4,0.446,0.6,2.0,0.291,1.8,3.4,0.538,0.5,0.7,1.0,0.679,0.5,1.4,1.9,2.8,1.3,0.1,0.7,1.4,6.1,,2022
214.0,Jose Alvarado,24.0,NOP,PG,61.0,10.0,21.5,3.3,8.0,0.411,1.4,4.0,0.336,1.9,4.0,0.488,0.496,1.1,1.3,0.813,0.5,1.9,2.3,3.0,1.1,0.2,1.3,2.0,9.0,,2023
251.0,Jose Alvarado,25.0,NOP,PG,56.0,0.0,18.4,2.5,6.2,0.412,1.4,3.7,0.377,1.1,2.5,0.464,0.525,0.6,0.9,0.673,0.4,1.8,2.3,2.1,1.1,0.3,0.7,1.6,7.1,,2024
178.0,Jose Alvarado,26.0,NOP,PG,56.0,23.0,24.4,3.6,9.3,0.392,2.0,5.5,0.359,1.7,3.8,0.439,0.498,1.1,1.3,0.811,0.5,1.9,2.4,4.6,1.3,0.3,1.5,1.6,10.3,,2025
260.0,Josh Christopher,20.0,HOU,SG,74.0,2.0,18.0,3.0,6.8,0.448,0.8,2.6,0.296,2.3,4.2,0.54,0.504,1.1,1.5,0.735,0.7,1.8,2.5,2.0,0.9,0.2,1.5,1.3,7.9,,2022
125.0,Josh Giddey,19.0,OKC,SF,54.0,54.0,31.5,5.2,12.4,0.419,1.0,3.9,0.263,4.2,8.5,0.492,0.461,1.0,1.5,0.709,1.8,6.0,7.8,6.4,0.9,0.4,3.2,1.6,12.5,,2022
80.0,Josh Giddey,20.0,OKC,PF,76.0,76.0,31.1,7.1,14.7,0.482,1.0,3.1,0.325,6.1,11.6,0.524,0.516,1.4,1.9,0.731,1.9,5.9,7.9,6.2,0.8,0.4,2.8,1.9,16.6,,2023
131.0,Josh Giddey,21.0,OKC,SG,80.0,80.0,25.1,5.0,10.6,0.475,1.0,3.0,0.337,4.0,7.6,0.53,0.523,1.3,1.6,0.806,1.4,5.0,6.4,4.8,0.6,0.6,2.1,1.4,12.3,,2024
101.0,Josh Giddey,22.0,CHI,PG,70.0,69.0,30.2,5.3,11.4,0.465,1.5,4.0,0.378,3.8,7.4,0.512,0.531,2.5,3.2,0.781,1.8,6.3,8.1,7.2,1.2,0.6,2.9,1.7,14.6,,2025
285.0,Josh Gray,24.0,PHO,PG,5.0,0.0,17.2,2.2,8.2,0.268,0.6,2.6,0.231,1.6,5.6,0.286,0.305,1.4,2.2,0.636,0.4,1.6,2.0,2.4,1.6,0.4,1.4,1.6,6.4,,2018
389.0,Josh Green,21.0,DAL,SG,67.0,3.0,15.5,1.9,3.8,0.508,0.4,1.2,0.359,1.5,2.7,0.573,0.563,0.5,0.7,0.689,0.8,1.6,2.4,1.2,0.7,0.2,0.7,1.7,4.8,,2022
209.0,Josh Green,22.0,DAL,SG,60.0,21.0,25.7,3.4,6.4,0.537,1.1,2.8,0.402,2.3,3.6,0.643,0.626,1.1,1.6,0.723,0.9,2.1,3.0,1.7,0.7,0.1,1.2,2.6,9.1,,2023
220.0,Josh Green,23.0,DAL,SG,57.0,33.0,26.4,3.1,6.6,0.479,1.3,3.3,0.385,1.9,3.3,0.572,0.575,0.7,1.0,0.684,0.7,2.5,3.2,2.3,0.8,0.2,1.1,1.9,8.2,,2024
277.0,Josh Green,24.0,CHO,SG,68.0,67.0,27.8,2.6,6.2,0.428,1.4,3.6,0.391,1.2,2.5,0.48,0.543,0.7,1.1,0.681,0.8,1.7,2.5,1.6,1.1,0.2,1.0,2.4,7.4,,2025
405.0,Josh Hall,20.0,OKC,SF,21.0,1.0,16.0,1.4,4.7,0.303,0.2,1.8,0.108,1.2,3.0,0.419,0.323,1.0,2.1,0.5,0.3,2.5,2.8,1.3,0.2,0.0,1.2,1.8,4.1,,2021
227.0,Josh Hart,22.0,LAL,SG,63.0,23.0,23.2,2.8,6.0,0.469,1.2,3.1,0.396,1.6,2.8,0.551,0.573,1.0,1.5,0.702,0.7,3.5,4.2,1.3,0.7,0.3,0.7,1.7,7.9,,2018
232.0,Josh Hart,23.0,LAL,SG,67.0,22.0,25.6,2.8,6.9,0.407,1.4,4.1,0.336,1.4,2.8,0.511,0.506,0.8,1.2,0.688,0.5,3.2,3.7,1.4,1.0,0.6,0.9,2.2,7.8,,2019
174.0,Josh Hart,24.0,NOP,SF,65.0,16.0,27.0,3.5,8.2,0.423,1.9,5.4,0.342,1.6,2.7,0.584,0.537,1.3,1.8,0.739,0.9,5.6,6.5,1.7,1.0,0.4,1.2,2.5,10.1,,2020
205.0,Josh Hart,25.0,NOP,SF,47.0,4.0,28.7,3.2,7.3,0.439,1.3,4.1,0.326,1.9,3.2,0.583,0.531,1.5,1.9,0.775,1.1,6.9,8.0,2.3,0.8,0.3,1.0,2.4,9.2,,2021
95.0,Josh Hart,26.0,POR,SG,13.0,13.0,32.1,7.1,14.1,0.503,2.4,6.4,0.373,4.7,7.7,0.61,0.587,3.4,4.4,0.772,0.7,4.7,5.4,4.3,1.2,0.2,2.5,2.5,19.9,,2022
184.0,Josh Hart,27.0,POR,SF,51.0,51.0,33.4,3.6,7.1,0.504,0.7,2.2,0.304,2.9,4.9,0.594,0.551,1.7,2.3,0.731,1.9,6.3,8.2,3.9,1.1,0.2,1.5,2.6,9.5,,2023
194.0,Josh Hart,28.0,NYK,SF,81.0,42.0,33.4,3.6,8.4,0.434,1.0,3.2,0.31,2.7,5.2,0.511,0.493,1.1,1.4,0.791,1.6,6.8,8.3,4.1,0.9,0.3,1.5,2.1,9.4,,2024
117.0,Josh Hart,29.0,NYK,SG,77.0,77.0,37.6,5.2,10.0,0.525,1.1,3.3,0.333,4.2,6.7,0.618,0.579,2.1,2.7,0.776,2.1,7.5,9.6,5.9,1.5,0.4,2.1,2.6,13.6,,2025
237.0,Josh Huestis,25.0,OKC,PF,2.0,0.0,15.5,3.0,5.5,0.545,1.0,2.0,0.5,2.0,3.5,0.571,0.636,0.0,0.5,0.0,2.0,2.5,4.5,1.5,0.0,1.5,0.0,0.0,7.0,,2017
101.0,Josh Jackson,20.0,PHO,SF,77.0,35.0,25.4,5.1,12.1,0.417,0.7,2.8,0.263,4.3,9.3,0.464,0.448,2.3,3.6,0.634,1.2,3.3,4.6,1.5,1.0,0.5,1.9,2.8,13.1,,2018
137.0,Josh Jackson,21.0,PHO,SG,79.0,29.0,25.2,4.4,10.6,0.413,0.9,2.8,0.324,3.5,7.8,0.445,0.456,1.8,2.7,0.671,0.8,3.6,4.4,2.3,0.9,0.7,2.2,2.6,11.5,,2019
204.0,Josh Jackson,22.0,MEM,SF,22.0,0.0,17.3,3.2,7.2,0.44,1.0,3.3,0.319,2.1,4.0,0.54,0.513,1.6,2.3,0.7,0.5,2.5,3.0,1.6,0.8,0.4,1.3,1.8,9.0,,2020
116.0,Josh Jackson,23.0,DET,SG,62.0,25.0,25.2,4.8,11.4,0.419,1.2,4.1,0.3,3.5,7.3,0.487,0.473,2.6,3.5,0.729,0.9,3.2,4.1,2.3,0.9,0.8,2.3,2.9,13.4,,2021
361.0,Josh McRoberts,27.0,MIA,PF,17.0,4.0,17.4,1.6,3.1,0.528,0.5,1.1,0.421,1.2,2.0,0.588,0.604,0.5,0.8,0.615,0.4,2.2,2.6,1.9,0.7,0.2,1.3,2.4,4.2,,2015
336.0,Josh McRoberts,29.0,MIA,PF,22.0,14.0,17.3,2.0,5.4,0.373,0.6,1.4,0.419,1.4,4.0,0.356,0.428,0.3,0.4,0.667,1.0,2.3,3.4,2.3,0.5,0.2,1.0,1.4,4.9,,2017
238.0,Josh Okogie,20.0,MIN,SG,74.0,52.0,23.7,2.6,6.9,0.386,0.8,2.9,0.279,1.8,4.0,0.464,0.445,1.6,2.2,0.728,0.6,2.4,2.9,1.2,1.2,0.4,0.9,2.2,7.7,,2019
217.0,Josh Okogie,21.0,MIN,SG,62.0,28.0,25.0,2.7,6.4,0.427,0.7,2.5,0.266,2.1,3.9,0.529,0.479,2.5,3.1,0.796,1.4,2.9,4.3,1.6,1.1,0.4,1.4,2.2,8.6,,2020
351.0,Josh Okogie,22.0,MIN,SG,59.0,37.0,20.3,1.7,4.3,0.402,0.5,1.8,0.269,1.2,2.5,0.5,0.459,1.4,1.8,0.769,1.1,1.6,2.6,1.1,0.9,0.5,0.7,2.1,5.4,,2021
262.0,Josh Okogie,24.0,PHO,SG,72.0,26.0,18.8,2.3,5.8,0.391,0.9,2.7,0.335,1.3,3.0,0.442,0.471,1.9,2.7,0.724,1.5,2.0,3.5,1.5,0.8,0.5,0.9,1.6,7.3,,2023
359.0,Josh Okogie,25.0,PHO,SG,60.0,11.0,16.0,1.4,3.4,0.417,0.5,1.6,0.309,1.0,1.9,0.509,0.488,1.3,1.7,0.745,1.2,1.3,2.6,1.1,0.8,0.4,0.6,1.1,4.6,,2024
255.0,Josh Richardson,22.0,MIA,SG,52.0,2.0,21.3,2.4,5.2,0.452,1.0,2.2,0.461,1.3,3.0,0.446,0.55,0.8,1.2,0.667,0.4,1.7,2.1,1.4,0.7,0.5,0.7,2.1,6.6,,2016
145.0,Josh Richardson,23.0,MIA,SG,53.0,34.0,30.5,3.8,9.7,0.394,1.4,4.3,0.33,2.4,5.4,0.444,0.467,1.1,1.5,0.779,0.7,2.5,3.2,2.6,1.1,0.7,1.2,2.5,10.2,,2017
108.0,Josh Richardson,24.0,MIA,SF,81.0,81.0,33.2,4.9,10.9,0.451,1.6,4.1,0.378,3.4,6.8,0.495,0.523,1.5,1.8,0.845,0.9,2.7,3.5,2.9,1.5,0.9,1.7,2.5,12.9,,2018
63.0,Josh Richardson,25.0,MIA,SG,73.0,73.0,34.8,5.8,14.1,0.412,2.2,6.3,0.357,3.5,7.8,0.458,0.492,2.7,3.2,0.861,0.7,2.9,3.6,4.1,1.1,0.5,1.5,2.7,16.6,,2019
104.0,Josh Richardson,26.0,PHI,SG,55.0,53.0,30.8,5.1,11.7,0.43,1.5,4.5,0.341,3.5,7.2,0.486,0.496,2.1,2.6,0.809,0.7,2.4,3.2,2.9,0.9,0.7,1.9,2.5,13.7,,2020
142.0,Josh Richardson,27.0,DAL,SG,59.0,56.0,30.3,4.5,10.5,0.427,1.5,4.5,0.33,3.0,5.9,0.501,0.498,1.7,1.8,0.917,0.9,2.4,3.3,2.6,1.0,0.4,1.3,2.2,12.1,,2021
177.0,Josh Richardson,28.0,SAS,SG,21.0,7.0,24.4,3.9,9.1,0.429,1.9,4.3,0.444,2.0,4.8,0.416,0.534,1.7,1.8,0.946,0.8,2.1,2.9,2.3,1.0,0.3,1.3,1.6,11.4,,2022
173.0,Josh Richardson,29.0,SAS,SG,42.0,6.0,23.7,4.2,9.7,0.436,1.8,4.9,0.357,2.5,4.7,0.518,0.527,1.3,1.4,0.883,0.7,2.1,2.8,3.3,1.0,0.3,1.5,1.7,11.5,,2023
185.0,Josh Richardson,30.0,MIA,SG,43.0,6.0,25.7,3.6,8.1,0.444,1.5,4.4,0.347,2.0,3.7,0.561,0.539,1.2,1.3,0.944,0.4,2.4,2.8,2.4,0.6,0.3,0.8,1.8,9.9,,2024
431.0,Josh Richardson,31.0,MIA,SG,8.0,0.0,18.8,1.4,4.8,0.289,0.8,2.8,0.273,0.6,2.0,0.313,0.368,0.5,0.5,1.0,0.8,0.8,1.5,1.5,1.0,0.1,1.0,2.1,4.0,,2025
99.0,Josh Smith,29.0,HOU,PF,55.0,7.0,25.5,4.7,10.8,0.438,1.1,3.5,0.33,3.6,7.4,0.489,0.491,1.4,2.6,0.521,1.8,4.1,6.0,2.6,0.9,1.2,2.4,2.7,12.0,,2015
355.0,Joshua Primo,19.0,SAS,SF,50.0,16.0,19.3,2.0,5.4,0.374,0.8,2.7,0.307,1.2,2.7,0.444,0.452,0.9,1.2,0.746,0.6,1.6,2.3,1.6,0.4,0.5,1.1,1.6,5.8,,2022
272.0,Joshua Primo,20.0,SAS,SG,4.0,0.0,23.3,2.3,6.5,0.346,0.8,3.0,0.25,1.5,3.5,0.429,0.404,1.8,2.3,0.778,0.5,2.8,3.3,4.5,0.3,0.5,2.8,2.0,7.0,,2023
176.0,José Calderón,33.0,NYK,PG,42.0,42.0,30.2,3.5,8.4,0.415,1.4,3.4,0.415,2.1,5.0,0.415,0.499,0.7,0.8,0.906,0.5,2.5,3.0,4.7,0.7,0.0,1.8,1.8,9.1,,2015
214.0,José Calderón,34.0,NYK,PG,72.0,72.0,28.1,2.9,6.3,0.459,1.2,2.8,0.414,1.7,3.5,0.496,0.552,0.6,0.7,0.875,0.3,2.9,3.2,4.1,0.9,0.1,1.2,1.9,7.6,,2016
369.0,José Calderón,36.0,CLE,PG,57.0,32.0,16.0,1.6,3.2,0.503,0.8,1.7,0.464,0.8,1.5,0.545,0.624,0.4,0.5,0.8,0.2,1.2,1.5,2.1,0.5,0.0,0.7,1.4,4.5,,2018
67.0,Jrue Holiday,24.0,NOP,PG,40.0,37.0,32.6,6.0,13.4,0.446,1.3,3.4,0.378,4.7,10.0,0.469,0.493,1.6,1.9,0.855,0.8,2.6,3.4,6.9,1.6,0.6,2.3,2.8,14.8,,2015
44.0,Jrue Holiday,25.0,NOP,PG,65.0,23.0,28.2,6.3,14.4,0.439,1.3,4.0,0.336,5.0,10.4,0.478,0.485,2.8,3.3,0.843,0.4,2.6,3.0,6.0,1.4,0.3,2.6,2.3,16.8,,2016
59.0,Jrue Holiday,26.0,NOP,PG,67.0,61.0,32.7,6.0,13.3,0.454,1.5,4.2,0.356,4.6,9.1,0.498,0.51,1.8,2.5,0.708,0.7,3.3,3.9,7.3,1.5,0.7,2.9,2.0,15.4,,2017
33.0,Jrue Holiday,27.0,NOP,SG,81.0,81.0,36.1,7.6,15.4,0.494,1.5,4.4,0.337,6.1,11.0,0.557,0.543,2.3,2.9,0.786,0.8,3.7,4.5,6.0,1.5,0.8,2.6,2.5,19.0,,2018
25.0,Jrue Holiday,28.0,NOP,SG,67.0,67.0,35.9,8.2,17.3,0.472,1.8,5.4,0.325,6.4,11.9,0.539,0.523,3.1,4.0,0.768,1.1,3.9,5.0,7.7,1.6,0.8,3.1,2.2,21.2,,2019
44.0,Jrue Holiday,29.0,NOP,SG,61.0,61.0,34.7,7.5,16.5,0.455,2.0,5.7,0.353,5.5,10.8,0.509,0.516,2.1,3.0,0.709,1.3,3.5,4.8,6.7,1.6,0.8,3.0,2.4,19.1,,2020
59.0,Jrue Holiday,30.0,MIL,PG,59.0,56.0,32.3,7.0,13.9,0.503,1.9,4.8,0.392,5.1,9.2,0.561,0.57,1.8,2.3,0.787,1.2,3.3,4.5,6.1,1.6,0.6,2.2,1.7,17.7,,2021
50.0,Jrue Holiday,31.0,MIL,PG,67.0,64.0,32.9,7.1,14.2,0.501,2.0,4.8,0.411,5.2,9.4,0.547,0.57,2.0,2.7,0.761,1.0,3.5,4.5,6.8,1.6,0.4,2.7,2.0,18.3,,2022
61.0,Jrue Holiday,32.0,MIL,PG,67.0,65.0,32.6,7.3,15.3,0.479,2.4,6.1,0.384,5.0,9.1,0.542,0.556,2.3,2.6,0.859,1.2,3.9,5.1,7.4,1.2,0.4,2.9,1.7,19.3,,2023
129.0,Jrue Holiday,33.0,BOS,PG,69.0,69.0,32.8,4.8,10.0,0.48,2.0,4.7,0.429,2.8,5.3,0.526,0.581,0.9,1.0,0.833,1.2,4.2,5.4,4.8,0.9,0.8,1.8,1.6,12.5,,2024
157.0,Jrue Holiday,34.0,BOS,PG,62.0,62.0,30.6,4.1,9.2,0.443,1.7,4.9,0.353,2.4,4.3,0.547,0.538,1.1,1.2,0.909,1.2,3.0,4.3,3.9,1.1,0.4,1.2,1.6,11.1,,2025
341.0,Juan Toscano-Anderson,26.0,GSW,SG,13.0,6.0,20.9,2.2,4.8,0.46,0.6,1.8,0.348,1.6,3.1,0.525,0.524,0.2,0.4,0.6,0.7,3.3,4.0,2.0,1.0,0.4,1.2,2.3,5.3,,2020
334.0,Juan Toscano-Anderson,27.0,GSW,SG,53.0,16.0,20.9,2.3,3.9,0.579,0.7,1.7,0.402,1.6,2.2,0.718,0.667,0.4,0.6,0.71,0.5,3.9,4.4,2.8,0.8,0.5,1.2,2.1,5.7,,2021
455.0,Juan Toscano-Anderson,29.0,UTA,SF,22.0,2.0,15.2,1.4,3.5,0.403,0.2,1.0,0.174,1.2,2.5,0.5,0.429,0.4,0.4,0.889,0.6,2.2,2.9,1.8,0.3,0.1,0.8,1.5,3.4,,2023
325.0,Juancho Hernangómez,23.0,DEN,PF,70.0,25.0,19.4,2.0,4.5,0.439,0.9,2.6,0.365,1.0,1.9,0.541,0.545,0.9,1.2,0.767,0.9,2.9,3.8,0.8,0.4,0.3,0.5,1.3,5.8,,2019
305.0,Juancho Hernangómez,24.0,MIN,PF,14.0,14.0,29.4,4.4,9.8,0.453,2.1,4.9,0.42,2.4,4.9,0.485,0.558,2.0,3.3,0.609,1.4,5.9,7.3,1.3,1.0,0.3,1.0,2.5,12.9,,2020
277.0,Juancho Hernangómez,25.0,MIN,PF,52.0,6.0,17.3,2.5,5.8,0.435,1.1,3.2,0.327,1.4,2.5,0.573,0.527,1.2,1.9,0.619,0.9,3.1,3.9,0.7,0.4,0.1,0.5,1.0,7.2,,2021
463.0,Juancho Hernangómez,26.0,UTA,PF,17.0,9.0,17.5,2.2,4.3,0.507,1.2,2.8,0.438,0.9,1.5,0.64,0.651,0.6,1.2,0.476,0.9,2.6,3.5,0.8,0.5,0.4,0.5,1.1,6.2,,2022
187.0,Julian Champagnie,21.0,SAS,SF,15.0,3.0,20.9,3.9,8.5,0.461,2.2,5.4,0.407,1.7,3.1,0.553,0.59,0.9,1.1,0.824,0.7,3.3,4.0,0.7,0.3,0.3,0.7,1.7,11.0,,2023
268.0,Julian Champagnie,22.0,SAS,SF,74.0,59.0,19.8,2.2,5.4,0.408,1.4,3.7,0.365,0.9,1.7,0.504,0.534,1.0,1.2,0.815,0.6,2.2,2.8,1.4,0.6,0.6,0.8,1.0,6.8,,2024
195.0,Julian Champagnie,23.0,SAS,SF,82.0,29.0,23.6,3.4,8.1,0.415,2.2,5.9,0.371,1.2,2.3,0.53,0.549,1.0,1.1,0.904,0.8,3.1,3.9,1.4,0.7,0.4,0.9,1.4,9.9,,2025
227.0,Julian Strawther,22.0,DEN,SG,65.0,4.0,21.3,3.2,7.5,0.432,1.4,4.1,0.349,1.8,3.3,0.535,0.529,1.1,1.4,0.822,0.3,1.9,2.2,1.3,0.6,0.2,0.9,2.3,9.0,,2025
124.0,Julius Randle,21.0,LAL,PF,81.0,60.0,28.2,4.4,10.3,0.429,0.1,0.4,0.278,4.3,9.9,0.436,0.435,2.4,3.3,0.715,2.1,8.1,10.2,1.8,0.7,0.4,1.8,3.0,11.3,,2016
92.0,Julius Randle,22.0,LAL,PF,74.0,73.0,28.8,5.1,10.4,0.488,0.2,0.9,0.27,4.9,9.6,0.507,0.499,2.8,3.8,0.723,2.0,6.6,8.6,3.6,0.7,0.5,2.3,3.4,13.2,,2017
60.0,Julius Randle,23.0,LAL,C,82.0,49.0,26.7,6.1,11.0,0.558,0.1,0.5,0.222,6.0,10.5,0.575,0.563,3.7,5.2,0.718,2.2,5.8,8.0,2.6,0.5,0.5,2.6,3.3,16.1,,2018
21.0,Julius Randle,24.0,NOP,PF,73.0,49.0,30.6,7.8,14.9,0.524,0.9,2.7,0.344,6.9,12.2,0.564,0.555,4.9,6.7,0.731,2.2,6.5,8.7,3.1,0.7,0.6,2.8,3.4,21.4,,2019
41.0,Julius Randle,25.0,NYK,PF,64.0,64.0,32.5,7.2,15.7,0.46,1.0,3.6,0.277,6.2,12.1,0.515,0.492,4.0,5.5,0.733,2.4,7.4,9.7,3.1,0.8,0.3,3.0,2.8,19.5,,2020
23.0,Julius Randle,26.0,NYK,PF,71.0,71.0,37.6,8.5,18.6,0.456,2.3,5.5,0.411,6.2,13.1,0.474,0.516,4.9,6.0,0.811,1.2,9.0,10.2,6.0,0.9,0.3,3.4,3.2,24.1,,2021
39.0,Julius Randle,27.0,NYK,PF,72.0,72.0,35.3,7.1,17.3,0.411,1.7,5.4,0.308,5.4,11.9,0.458,0.459,4.2,5.6,0.756,1.7,8.2,9.9,5.1,0.7,0.5,3.4,2.8,20.1,,2022
19.0,Julius Randle,28.0,NYK,PF,77.0,77.0,35.5,8.5,18.6,0.459,2.8,8.3,0.343,5.7,10.3,0.553,0.536,5.2,6.9,0.757,1.8,8.1,10.0,4.1,0.6,0.3,2.8,3.0,25.1,,2023
22.0,Julius Randle,29.0,NYK,PF,46.0,46.0,35.4,8.6,18.2,0.472,1.7,5.3,0.311,6.9,12.9,0.539,0.518,5.1,6.6,0.781,2.2,7.0,9.2,5.0,0.5,0.3,3.5,2.7,24.0,,2024
61.0,Julius Randle,30.0,MIN,PF,69.0,69.0,32.3,6.6,13.6,0.485,1.6,4.6,0.344,5.0,9.1,0.555,0.542,3.9,4.9,0.806,2.1,5.0,7.1,4.7,0.7,0.2,2.8,2.5,18.7,,2025
230.0,Justin Anderson,23.0,PHI,SF,24.0,8.0,21.6,3.1,6.8,0.463,0.9,3.0,0.292,2.3,3.8,0.6,0.528,1.3,1.7,0.78,1.3,2.8,4.0,1.4,0.5,0.3,1.1,1.9,8.5,,2017
316.0,Justin Anderson,28.0,IND,SF,13.0,6.0,20.7,2.5,6.7,0.368,1.0,4.1,0.245,1.5,2.6,0.559,0.443,0.9,1.2,0.8,0.3,2.8,3.1,2.1,0.5,0.5,0.5,1.4,6.8,,2022
302.0,Justin Champagnie,22.0,WAS,SF,15.0,1.0,15.7,2.1,5.2,0.41,0.9,3.0,0.289,1.3,2.2,0.576,0.494,0.8,1.0,0.8,1.3,2.3,3.5,1.3,0.7,0.6,0.7,0.9,5.9,,2024
233.0,Justin Champagnie,23.0,WAS,SF,62.0,31.0,21.6,3.4,6.6,0.511,1.2,3.1,0.383,2.2,3.5,0.624,0.601,0.8,1.2,0.685,1.8,3.9,5.7,1.0,1.0,0.6,0.9,1.8,8.8,,2025
187.0,Justin Edwards,21.0,PHI,SF,44.0,26.0,26.3,3.9,8.6,0.455,1.6,4.3,0.363,2.3,4.3,0.548,0.546,0.7,1.0,0.696,1.0,2.3,3.4,1.6,1.0,0.4,1.1,2.2,10.1,,2025
305.0,Justin Hamilton,24.0,MIN,C,17.0,9.0,24.9,3.4,6.6,0.513,0.2,0.7,0.333,3.2,5.9,0.535,0.531,1.9,2.4,0.825,1.9,3.1,5.1,1.4,1.1,1.5,1.1,2.2,9.0,,2015
238.0,Justin Hamilton,26.0,BRK,C,64.0,7.0,18.4,2.7,5.9,0.459,0.9,2.8,0.306,1.9,3.1,0.598,0.532,0.6,0.8,0.75,1.1,3.0,4.1,0.9,0.5,0.7,0.7,1.4,6.9,,2017
333.0,Justin Holiday,26.0,CHI,SG,27.0,4.0,18.9,2.4,5.7,0.413,1.0,2.2,0.433,1.4,3.5,0.4,0.497,0.8,1.0,0.815,0.3,2.0,2.3,1.7,0.7,0.6,1.0,1.5,6.5,,2016
212.0,Justin Holiday,27.0,NYK,SG,82.0,4.0,20.0,2.8,6.6,0.433,1.2,3.3,0.355,1.7,3.2,0.513,0.523,0.8,1.0,0.825,0.3,2.4,2.7,1.2,0.8,0.4,0.8,1.3,7.7,,2017
124.0,Justin Holiday,28.0,CHI,SG,72.0,72.0,31.5,4.0,10.9,0.371,2.2,6.2,0.359,1.8,4.6,0.387,0.474,1.9,2.3,0.823,0.4,3.6,4.0,2.1,1.1,0.4,1.3,1.9,12.2,,2018
161.0,Justin Holiday,29.0,MEM,SG,44.0,39.0,29.1,3.4,8.7,0.389,1.5,4.4,0.333,1.9,4.3,0.447,0.474,1.2,1.4,0.9,0.6,2.9,3.5,1.4,1.2,0.3,1.3,1.9,9.5,,2019
220.0,Justin Holiday,30.0,IND,SF,73.0,6.0,25.0,2.8,6.7,0.428,1.8,4.5,0.405,1.0,2.1,0.477,0.566,0.7,0.9,0.791,0.4,2.8,3.3,1.3,1.2,0.6,0.6,1.9,8.3,,2020
174.0,Justin Holiday,31.0,IND,SG,72.0,52.0,30.3,3.6,8.7,0.413,2.4,6.3,0.382,1.2,2.4,0.494,0.551,0.9,1.2,0.788,0.4,3.1,3.6,1.7,1.0,0.6,0.8,1.9,10.5,,2021
181.0,Justin Holiday,32.0,SAC,SG,25.0,25.0,25.6,2.8,8.2,0.348,2.0,5.8,0.342,0.8,2.3,0.362,0.471,0.6,0.8,0.762,0.4,1.8,2.2,1.5,0.8,0.6,0.8,2.0,8.3,,2022
388.0,Justin Holiday,33.0,DAL,SF,18.0,2.0,16.4,1.6,4.4,0.367,0.9,3.1,0.286,0.7,1.3,0.565,0.468,0.3,0.4,0.625,0.2,1.6,1.8,0.9,0.8,0.5,0.6,1.7,4.4,,2023
272.0,Justin Jackson,22.0,SAC,SF,68.0,41.0,22.1,2.7,6.2,0.442,0.8,2.7,0.308,1.9,3.4,0.547,0.51,0.4,0.5,0.722,0.4,2.4,2.8,1.1,0.4,0.2,0.6,1.2,6.7,,2018
259.0,Justin Jackson,23.0,SAC,SF,52.0,3.0,20.8,2.4,5.7,0.424,1.1,3.1,0.346,1.3,2.6,0.515,0.517,0.8,1.0,0.82,0.5,2.3,2.8,1.3,0.4,0.3,0.4,1.3,6.7,,2019
333.0,Justin Jackson,24.0,DAL,PF,65.0,3.0,16.1,2.1,5.2,0.396,0.7,2.5,0.294,1.3,2.7,0.489,0.466,0.6,0.8,0.84,0.4,2.0,2.4,0.8,0.2,0.2,0.2,1.1,5.5,,2020
275.0,Justin Jackson,25.0,OKC,SF,33.0,3.0,16.5,2.6,6.4,0.406,1.0,3.4,0.306,1.6,3.1,0.515,0.486,0.9,1.1,0.857,0.4,1.7,2.2,1.5,0.5,0.1,0.9,0.9,7.2,,2021
399.0,Justin Minaya,23.0,POR,SF,4.0,0.0,22.3,1.8,5.8,0.304,0.8,3.0,0.25,1.0,2.8,0.364,0.37,0.0,0.3,0.0,0.8,3.0,3.8,1.0,0.5,1.3,1.0,2.3,4.3,,2023
352.0,Justin Patton,23.0,HOU,C,13.0,6.0,19.0,2.2,5.4,0.414,0.7,2.6,0.265,1.5,2.8,0.556,0.479,0.2,0.3,0.75,1.1,2.7,3.8,1.1,0.9,1.1,0.3,2.6,5.4,,2021
264.0,Justise Winslow,19.0,MIA,SF,78.0,8.0,28.6,2.5,5.9,0.422,0.4,1.5,0.276,2.1,4.4,0.471,0.457,1.0,1.5,0.684,1.0,4.1,5.2,1.5,0.9,0.3,1.2,2.4,6.4,,2016
124.0,Justise Winslow,20.0,MIA,SF,18.0,15.0,34.7,4.4,12.5,0.356,0.4,1.9,0.2,4.1,10.6,0.384,0.371,1.6,2.6,0.617,1.3,3.9,5.2,3.7,1.4,0.3,1.8,2.9,10.9,,2017
235.0,Justise Winslow,21.0,MIA,PF,68.0,25.0,24.7,3.0,7.2,0.424,0.7,1.9,0.38,2.3,5.3,0.44,0.474,1.0,1.5,0.635,0.9,4.5,5.4,2.2,0.8,0.5,1.1,2.1,7.8,,2018
117.0,Justise Winslow,22.0,MIA,SF,66.0,52.0,29.7,4.9,11.3,0.433,1.5,3.9,0.375,3.5,7.5,0.462,0.497,1.3,2.1,0.628,1.0,4.4,5.4,4.3,1.1,0.3,2.2,2.7,12.6,,2019
145.0,Justise Winslow,23.0,MIA,SG,11.0,5.0,32.0,4.5,11.7,0.388,0.5,2.5,0.222,4.0,9.3,0.431,0.411,1.6,2.5,0.667,1.5,5.2,6.6,4.0,0.6,0.5,2.2,3.5,11.3,,2020
296.0,Justise Winslow,24.0,MEM,SF,26.0,1.0,19.5,2.8,8.1,0.352,0.4,2.1,0.185,2.5,6.0,0.41,0.376,0.8,1.3,0.571,0.7,3.8,4.5,1.9,0.6,0.5,1.4,1.8,6.8,,2021
357.0,Justise Winslow,25.0,POR,PF,11.0,10.0,26.8,4.3,10.5,0.405,0.9,3.4,0.27,3.4,7.2,0.468,0.448,1.3,2.3,0.56,1.8,4.5,6.3,2.9,1.3,0.6,1.1,1.9,10.7,,2022
287.0,Justise Winslow,26.0,POR,PF,29.0,11.0,26.8,2.8,6.8,0.409,0.5,1.6,0.311,2.3,5.3,0.438,0.444,0.7,1.0,0.714,1.7,3.3,5.0,3.4,1.0,0.4,1.5,3.1,6.8,,2023
248.0,Jusuf Nurkić,20.0,DEN,C,62.0,27.0,17.8,2.8,6.2,0.446,0.0,0.0,0.0,2.8,6.1,0.449,0.446,1.4,2.1,0.636,2.0,4.1,6.2,0.8,0.8,1.1,1.4,3.3,6.9,,2015
200.0,Jusuf Nurkić,21.0,DEN,C,32.0,3.0,17.1,3.2,7.6,0.417,0.0,0.1,0.0,3.2,7.5,0.423,0.417,1.9,3.1,0.616,2.0,3.4,5.5,1.3,0.8,1.4,1.7,2.8,8.2,,2016
141.0,Jusuf Nurkić,22.0,POR,C,20.0,19.0,29.2,6.0,11.8,0.508,0.0,0.1,0.0,6.0,11.8,0.511,0.508,3.2,4.9,0.66,3.3,7.1,10.4,3.2,1.3,1.9,3.1,3.7,15.2,,2017
80.0,Jusuf Nurkić,23.0,POR,C,79.0,79.0,26.4,6.1,12.0,0.505,0.0,0.1,0.0,6.1,11.9,0.508,0.505,2.2,3.5,0.63,2.4,6.6,9.0,1.8,0.8,1.4,2.3,3.1,14.3,,2018
74.0,Jusuf Nurkić,24.0,POR,C,72.0,72.0,27.4,5.8,11.5,0.508,0.0,0.4,0.103,5.8,11.1,0.523,0.51,3.9,5.1,0.773,3.4,7.0,10.4,3.2,1.0,1.4,2.3,3.5,15.6,,2019
63.0,Jusuf Nurkić,25.0,POR,C,8.0,8.0,31.6,6.8,13.6,0.495,0.3,1.3,0.2,6.5,12.4,0.525,0.505,3.9,4.4,0.886,2.9,7.4,10.3,4.0,1.4,2.0,2.4,4.9,17.6,,2020
149.0,Jusuf Nurkić,26.0,POR,C,37.0,37.0,23.8,4.6,9.0,0.514,0.3,0.8,0.4,4.3,8.2,0.525,0.532,1.9,3.1,0.619,2.3,6.6,9.0,3.4,1.0,1.1,2.0,2.8,11.5,,2021
93.0,Jusuf Nurkić,27.0,POR,C,56.0,56.0,28.2,5.7,10.7,0.535,0.3,1.0,0.268,5.5,9.7,0.563,0.548,3.3,4.8,0.69,3.0,8.1,11.1,2.8,1.1,0.6,2.6,3.4,15.0,,2022
117.0,Jusuf Nurkić,28.0,POR,C,52.0,52.0,26.8,5.0,9.7,0.519,0.8,2.3,0.361,4.2,7.4,0.567,0.561,2.4,3.7,0.661,2.2,6.9,9.1,2.9,0.8,0.8,2.3,3.6,13.3,,2023
161.0,Jusuf Nurkić,29.0,PHO,C,76.0,76.0,27.3,4.2,8.3,0.51,0.3,1.2,0.244,3.9,7.1,0.555,0.528,2.2,3.4,0.64,2.9,8.1,11.0,4.0,1.1,1.1,2.3,3.3,10.9,,2024
229.0,Jusuf Nurkić,30.0,PHO,C,25.0,23.0,23.7,3.0,6.5,0.454,0.8,2.4,0.322,2.2,4.2,0.529,0.512,1.9,2.8,0.696,1.8,7.3,9.2,1.9,0.9,0.6,2.3,3.1,8.6,,2025
504.0,Juwan Morgan,24.0,TOR,PF,1.0,0.0,27.0,2.0,3.0,0.667,1.0,2.0,0.5,1.0,1.0,1.0,0.833,0.0,0.0,,2.0,2.0,4.0,1.0,0.0,0.0,0.0,3.0,5.0,,2022
210.0,K.J. McDaniels,21.0,PHI,SG,52.0,15.0,25.4,3.2,8.1,0.399,0.8,2.8,0.293,2.4,5.2,0.456,0.45,1.9,2.5,0.756,1.2,2.5,3.8,1.3,0.8,1.3,2.0,2.3,9.2,,2015
201.0,KJ Martin,20.0,HOU,SF,45.0,8.0,23.7,3.6,7.1,0.509,0.8,2.1,0.365,2.8,4.9,0.572,0.564,1.3,1.9,0.714,1.6,3.8,5.4,1.1,0.7,0.9,0.8,2.0,9.3,,2021
223.0,KJ Martin,21.0,HOU,SF,79.0,2.0,21.0,3.5,6.6,0.533,0.8,2.1,0.357,2.8,4.5,0.617,0.591,1.0,1.6,0.634,1.0,2.7,3.8,1.3,0.4,0.5,0.8,1.4,8.8,,2022
126.0,KJ Martin,22.0,HOU,SF,82.0,49.0,28.0,5.0,8.8,0.569,0.8,2.6,0.315,4.2,6.1,0.679,0.617,1.8,2.7,0.68,1.5,4.0,5.5,1.5,0.5,0.4,1.1,1.8,12.7,,2023
329.0,KJ Martin,24.0,UTA,SF,19.0,9.0,22.7,2.6,5.4,0.49,0.4,1.9,0.189,2.3,3.4,0.662,0.525,0.7,0.9,0.722,0.5,2.3,2.8,1.5,0.3,0.3,0.6,2.1,6.3,,2025
268.0,KJ Simpson,22.0,CHO,PG,36.0,15.0,23.4,2.9,8.4,0.346,0.9,3.6,0.254,2.0,4.8,0.415,0.4,1.1,1.4,0.82,1.1,1.9,3.0,3.1,0.9,0.2,1.6,1.6,7.8,,2025
174.0,Kadeem Allen,26.0,NYK,PG,19.0,1.0,21.9,3.4,7.4,0.461,0.9,1.9,0.472,2.5,5.5,0.457,0.521,2.2,2.8,0.778,0.4,2.3,2.7,4.0,0.8,0.2,1.4,2.4,9.9,,2019
33.0,Karl-Anthony Towns,20.0,MIN,C,82.0,82.0,32.0,7.6,14.1,0.542,0.4,1.1,0.341,7.3,13.0,0.559,0.555,2.7,3.4,0.811,2.8,7.7,10.5,2.0,0.7,1.7,2.2,3.0,18.3,,2016
13.0,Karl-Anthony Towns,21.0,MIN,C,82.0,82.0,37.0,9.8,18.0,0.542,1.2,3.4,0.367,8.5,14.7,0.582,0.576,4.3,5.2,0.832,3.6,8.7,12.3,2.7,0.7,1.3,2.6,2.9,25.1,,2017
24.0,Karl-Anthony Towns,22.0,MIN,C,82.0,82.0,35.6,7.8,14.3,0.545,1.5,3.5,0.421,6.3,10.8,0.585,0.596,4.2,4.9,0.858,2.9,9.4,12.3,2.4,0.8,1.4,1.9,3.5,21.3,,2018
15.0,Karl-Anthony Towns,23.0,MIN,C,77.0,77.0,33.1,8.8,17.1,0.518,1.8,4.6,0.4,7.0,12.5,0.562,0.572,4.9,5.8,0.836,3.4,9.0,12.4,3.4,0.9,1.6,3.1,3.8,24.4,,2019
11.0,Karl-Anthony Towns,24.0,MIN,C,35.0,35.0,33.9,9.0,17.8,0.508,3.3,7.9,0.412,5.8,9.9,0.586,0.6,5.1,6.5,0.796,2.7,8.1,10.8,4.4,0.9,1.2,3.1,3.3,26.5,,2020
19.0,Karl-Anthony Towns,25.0,MIN,C,50.0,50.0,33.8,8.5,17.5,0.486,2.4,6.3,0.387,6.1,11.2,0.541,0.555,5.3,6.2,0.859,2.7,7.9,10.6,4.5,0.8,1.1,3.2,3.7,24.8,,2021
15.0,Karl-Anthony Towns,26.0,MIN,C,74.0,74.0,33.5,8.7,16.4,0.529,2.0,4.9,0.41,6.6,11.5,0.58,0.591,5.2,6.3,0.822,2.6,7.2,9.8,3.6,1.0,1.1,3.1,3.6,24.6,,2022
46.0,Karl-Anthony Towns,27.0,MIN,PF,29.0,29.0,33.0,7.3,14.8,0.495,2.1,5.7,0.366,5.2,9.1,0.576,0.565,4.1,4.7,0.874,1.7,6.5,8.1,4.8,0.7,0.6,3.0,3.8,20.8,,2023
37.0,Karl-Anthony Towns,28.0,MIN,PF,62.0,62.0,32.7,7.7,15.3,0.504,2.2,5.3,0.416,5.5,10.1,0.55,0.575,4.1,4.7,0.873,1.5,6.8,8.3,3.0,0.7,0.7,2.9,3.3,21.8,,2024
20.0,Karl-Anthony Towns,29.0,NYK,C,72.0,72.0,35.0,8.9,16.9,0.526,2.0,4.7,0.42,6.9,12.2,0.567,0.584,4.7,5.7,0.829,2.9,9.8,12.8,3.1,1.0,0.7,2.7,3.5,24.4,,2025
270.0,Karlo Matković,23.0,NOP,PF,42.0,7.0,18.8,3.2,5.6,0.574,0.5,1.6,0.318,2.7,4.0,0.675,0.619,0.8,1.0,0.773,1.5,3.5,5.0,1.1,0.5,1.0,1.0,2.5,7.7,,2025
42.0,Kawhi Leonard,23.0,SAS,SF,64.0,64.0,31.8,6.2,12.8,0.479,1.0,3.0,0.349,5.1,9.8,0.519,0.52,3.2,3.9,0.802,1.3,5.9,7.2,2.5,2.3,0.8,1.5,2.0,16.5,,2015
15.0,Kawhi Leonard,24.0,SAS,SF,72.0,72.0,33.1,7.7,15.1,0.506,1.8,4.0,0.443,5.9,11.1,0.528,0.565,4.1,4.6,0.874,1.3,5.5,6.8,2.6,1.8,1.0,1.5,1.8,21.2,,2016
9.0,Kawhi Leonard,25.0,SAS,SF,74.0,74.0,33.4,8.6,17.7,0.485,2.0,5.2,0.38,6.6,12.5,0.529,0.541,6.3,7.2,0.88,1.1,4.7,5.8,3.5,1.8,0.7,2.1,1.6,25.5,,2017
56.0,Kawhi Leonard,26.0,SAS,SF,9.0,9.0,23.3,5.8,12.3,0.468,1.2,3.9,0.314,4.6,8.4,0.539,0.518,3.4,4.2,0.816,0.7,4.0,4.7,2.3,2.0,1.0,1.8,1.0,16.2,,2018
8.0,Kawhi Leonard,27.0,TOR,SF,60.0,60.0,34.0,9.3,18.8,0.496,1.9,5.0,0.371,7.5,13.8,0.542,0.546,6.1,7.1,0.854,1.3,6.0,7.3,3.3,1.8,0.4,2.0,1.5,26.6,,2019
9.0,Kawhi Leonard,28.0,LAC,SF,57.0,57.0,32.4,9.3,19.9,0.47,2.2,5.7,0.378,7.2,14.2,0.506,0.524,6.2,7.1,0.886,0.9,6.1,7.1,4.9,1.8,0.6,2.6,2.0,27.1,,2020
18.0,Kawhi Leonard,29.0,LAC,SF,52.0,52.0,34.1,8.9,17.5,0.512,1.9,4.9,0.398,7.0,12.6,0.557,0.568,5.0,5.7,0.885,1.1,5.4,6.5,5.2,1.6,0.4,2.0,1.6,24.8,,2021
29.0,Kawhi Leonard,31.0,LAC,SF,52.0,50.0,33.6,8.6,16.8,0.512,2.0,4.8,0.416,6.6,11.9,0.551,0.572,4.7,5.4,0.871,1.1,5.4,6.5,3.9,1.4,0.5,1.7,1.6,23.8,,2023
25.0,Kawhi Leonard,32.0,LAC,SF,68.0,68.0,34.3,9.0,17.1,0.525,2.1,4.9,0.417,6.9,12.1,0.569,0.585,3.7,4.2,0.885,1.2,4.9,6.1,3.6,1.6,0.9,1.8,1.4,23.7,,2024
38.0,Kawhi Leonard,33.0,LAC,SF,37.0,37.0,31.9,8.4,16.8,0.498,2.1,5.1,0.411,6.3,11.7,0.536,0.56,2.6,3.3,0.81,0.9,5.0,5.9,3.1,1.6,0.5,1.9,1.5,21.5,,2025
367.0,Keaton Wallace,25.0,ATL,PG,31.0,5.0,16.2,2.1,5.2,0.401,0.9,2.6,0.329,1.2,2.6,0.475,0.485,0.4,0.4,1.0,0.2,1.4,1.6,2.6,0.9,0.3,1.1,1.3,5.4,,2025
134.0,Keegan Murray,22.0,SAC,SF,80.0,78.0,29.8,4.4,9.8,0.453,2.6,6.3,0.411,1.9,3.5,0.527,0.584,0.8,1.0,0.765,1.1,3.5,4.6,1.2,0.8,0.5,0.8,2.0,12.2,,2023
94.0,Keegan Murray,23.0,SAC,SF,77.0,77.0,33.6,5.8,12.7,0.454,2.4,6.6,0.358,3.4,6.0,0.56,0.548,1.3,1.6,0.831,1.4,4.1,5.5,1.7,1.0,0.8,0.8,2.7,15.2,,2024
134.0,Keegan Murray,24.0,SAC,PF,76.0,76.0,34.3,4.8,10.8,0.444,2.0,5.9,0.343,2.8,4.9,0.566,0.538,0.8,0.9,0.833,1.9,4.8,6.7,1.4,0.8,0.9,0.8,2.4,12.4,,2025
366.0,Keifer Sykes,28.0,IND,PG,32.0,11.0,17.7,2.2,5.9,0.363,0.8,2.8,0.3,1.3,3.1,0.42,0.434,0.5,0.5,0.882,0.3,1.2,1.4,1.9,0.4,0.1,1.0,1.6,5.6,,2022
185.0,Keion Brooks Jr.,24.0,NOP,SF,14.0,6.0,23.7,3.8,7.8,0.486,1.0,3.1,0.326,2.8,4.7,0.591,0.55,1.6,2.1,0.733,0.9,3.3,4.1,0.9,0.7,0.7,0.9,2.1,10.1,,2025
354.0,Keita Bates-Diop,23.0,MIN,SF,30.0,3.0,16.8,2.0,4.7,0.423,0.4,1.7,0.25,1.6,3.0,0.522,0.468,0.6,0.9,0.643,0.5,2.2,2.8,0.6,0.6,0.5,0.5,1.0,5.0,,2019
285.0,Keita Bates-Diop,24.0,MIN,PF,37.0,0.0,17.5,2.4,5.6,0.422,0.8,2.5,0.33,1.5,3.0,0.5,0.498,1.2,1.8,0.708,0.6,2.4,3.0,0.8,0.5,0.5,0.4,1.0,6.8,,2020
359.0,Keita Bates-Diop,26.0,SAS,SF,59.0,14.0,16.2,2.3,4.5,0.517,0.3,0.9,0.309,2.0,3.5,0.572,0.549,0.8,1.0,0.754,1.1,2.9,3.9,0.7,0.5,0.2,0.8,1.0,5.7,,2022
189.0,Keita Bates-Diop,27.0,SAS,PF,67.0,42.0,21.7,3.5,6.9,0.508,0.8,2.1,0.394,2.7,4.8,0.557,0.568,1.8,2.2,0.793,1.0,2.7,3.7,1.5,0.7,0.3,0.8,0.9,9.7,,2023
413.0,Keita Bates-Diop,28.0,PHO,SF,39.0,8.0,15.3,1.6,3.8,0.427,0.5,1.6,0.313,1.1,2.2,0.512,0.493,0.7,0.9,0.722,0.8,1.8,2.6,0.9,0.6,0.5,0.3,0.8,4.5,,2024
213.0,Kel'el Ware,20.0,MIA,C,64.0,36.0,22.2,4.0,7.3,0.554,0.5,1.7,0.315,3.5,5.5,0.629,0.592,0.7,1.0,0.687,1.8,5.6,7.4,0.9,0.6,1.1,0.9,1.7,9.3,,2025
292.0,Kelan Martin,24.0,MIN,SF,31.0,4.0,16.0,2.3,5.8,0.392,0.8,3.1,0.26,1.5,2.7,0.541,0.461,1.0,1.0,0.968,0.4,2.7,3.1,0.7,0.2,0.3,0.6,1.6,6.4,,2020
358.0,Kelan Martin,26.0,IND,SF,27.0,1.0,16.4,2.6,6.2,0.417,0.8,2.7,0.297,1.8,3.5,0.511,0.482,0.3,0.5,0.692,0.6,1.4,2.0,0.8,0.5,0.3,0.5,1.3,6.3,,2022
200.0,Keldon Johnson,20.0,SAS,SF,17.0,1.0,17.7,3.1,5.2,0.596,0.8,1.3,0.591,2.4,3.9,0.597,0.669,2.1,2.6,0.795,0.6,2.8,3.4,0.9,0.8,0.1,0.8,1.6,9.1,,2020
128.0,Keldon Johnson,21.0,SAS,SF,69.0,67.0,28.5,4.9,10.2,0.479,0.9,2.6,0.331,4.0,7.6,0.531,0.522,2.1,2.8,0.74,1.3,4.6,6.0,1.8,0.6,0.3,1.1,2.1,12.8,,2021
69.0,Keldon Johnson,22.0,SAS,SF,75.0,74.0,31.9,6.3,13.5,0.466,2.1,5.3,0.398,4.2,8.2,0.51,0.545,2.4,3.1,0.756,1.1,5.0,6.1,2.1,0.8,0.2,1.2,2.0,17.0,,2022
35.0,Keldon Johnson,23.0,SAS,SF,63.0,63.0,32.7,8.0,17.7,0.452,2.1,6.5,0.329,5.9,11.2,0.523,0.512,3.9,5.2,0.749,0.9,4.2,5.0,2.9,0.7,0.2,2.1,2.0,22.0,,2023
86.0,Keldon Johnson,24.0,SAS,SF,69.0,27.0,29.5,5.7,12.5,0.454,1.8,5.3,0.346,3.8,7.2,0.533,0.527,2.5,3.2,0.792,1.4,4.1,5.5,2.8,0.7,0.3,1.4,2.2,15.7,,2024
129.0,Keldon Johnson,25.0,SAS,SF,77.0,0.0,23.9,4.8,10.0,0.482,1.1,3.6,0.318,3.7,6.4,0.573,0.538,1.9,2.5,0.773,1.5,3.4,4.8,1.6,0.6,0.3,1.0,1.5,12.7,,2025
145.0,Kelly Olynyk,23.0,BOS,C,64.0,13.0,22.2,3.9,8.3,0.475,1.0,2.7,0.349,3.0,5.5,0.538,0.533,1.5,2.1,0.684,1.4,3.3,4.7,1.7,1.0,0.6,1.5,3.3,10.3,,2015
151.0,Kelly Olynyk,24.0,BOS,C,69.0,8.0,20.2,3.7,8.1,0.455,1.2,3.0,0.405,2.4,5.0,0.486,0.531,1.4,1.9,0.75,1.0,3.0,4.1,1.5,0.8,0.5,1.1,2.4,10.0,,2016
180.0,Kelly Olynyk,25.0,BOS,C,75.0,6.0,20.5,3.5,6.8,0.512,0.9,2.6,0.354,2.6,4.2,0.608,0.579,1.2,1.6,0.732,1.0,3.8,4.8,2.0,0.6,0.4,1.3,2.8,9.0,,2017
145.0,Kelly Olynyk,26.0,MIA,PF,76.0,22.0,23.4,4.2,8.4,0.497,1.4,3.7,0.379,2.8,4.7,0.59,0.58,1.8,2.3,0.77,1.2,4.5,5.7,2.7,0.8,0.5,1.9,2.9,11.5,,2018
172.0,Kelly Olynyk,27.0,MIA,PF,79.0,36.0,22.9,3.3,7.1,0.463,1.4,4.0,0.354,1.9,3.1,0.604,0.563,1.9,2.3,0.822,0.9,3.8,4.7,1.8,0.7,0.5,1.4,2.3,10.0,,2019
227.0,Kelly Olynyk,28.0,MIA,C,67.0,9.0,19.4,2.7,5.9,0.462,1.4,3.5,0.406,1.3,2.4,0.543,0.582,1.3,1.5,0.86,0.7,3.9,4.6,1.7,0.7,0.3,1.1,2.6,8.2,,2020
110.0,Kelly Olynyk,29.0,MIA,C,43.0,38.0,26.9,3.8,8.7,0.431,1.8,5.7,0.317,2.0,3.1,0.639,0.533,0.7,0.9,0.775,1.0,5.0,6.1,2.1,0.9,0.6,1.3,2.9,10.0,,2021
212.0,Kelly Olynyk,30.0,DET,C,40.0,1.0,19.1,3.2,7.2,0.448,1.0,3.0,0.336,2.2,4.2,0.527,0.517,1.7,2.2,0.775,1.4,3.1,4.4,2.8,0.8,0.5,1.5,2.5,9.1,,2022
131.0,Kelly Olynyk,31.0,UTA,C,68.0,68.0,28.6,4.1,8.2,0.499,1.4,3.5,0.394,2.7,4.7,0.576,0.583,2.9,3.4,0.853,1.2,5.0,6.2,3.7,0.9,0.5,2.5,3.4,12.5,,2023
188.0,Kelly Olynyk,32.0,UTA,C,50.0,8.0,20.4,2.9,5.2,0.562,0.7,1.7,0.429,2.2,3.5,0.626,0.632,1.6,1.9,0.842,1.3,3.8,5.1,4.4,0.7,0.2,1.6,2.6,8.1,,2024
236.0,Kelly Olynyk,33.0,TOR,C,24.0,2.0,16.0,2.5,4.9,0.5,0.8,1.8,0.442,1.7,3.1,0.533,0.581,1.4,1.8,0.791,1.0,2.7,3.7,2.3,0.7,0.3,1.5,2.5,7.1,,2025
268.0,Kelly Oubre Jr.,21.0,WAS,SF,79.0,5.0,20.3,2.4,5.6,0.421,0.7,2.4,0.287,1.7,3.2,0.52,0.482,0.9,1.3,0.758,0.8,2.5,3.3,0.6,0.7,0.2,0.6,2.5,6.3,,2017
134.0,Kelly Oubre Jr.,22.0,WAS,SF,81.0,11.0,27.5,3.9,9.8,0.403,1.6,4.6,0.341,2.4,5.2,0.456,0.482,2.4,2.9,0.82,0.7,3.8,4.5,1.2,1.0,0.4,1.1,2.9,11.8,,2018
79.0,Kelly Oubre Jr.,23.0,WAS,SF,29.0,7.0,26.0,4.6,10.5,0.433,1.4,4.6,0.311,3.1,6.0,0.526,0.5,2.3,2.9,0.8,0.8,3.6,4.4,0.7,0.9,0.7,1.0,2.4,12.9,,2019
50.0,Kelly Oubre Jr.,24.0,PHO,SF,56.0,55.0,34.5,6.7,14.8,0.452,1.9,5.5,0.352,4.7,9.3,0.511,0.517,3.4,4.4,0.78,1.2,5.3,6.4,1.5,1.3,0.7,1.5,3.4,18.7,,2020
82.0,Kelly Oubre Jr.,25.0,GSW,SF,55.0,50.0,30.7,5.8,13.2,0.439,1.6,5.2,0.316,4.1,8.0,0.519,0.501,2.2,3.2,0.695,1.5,4.5,6.0,1.3,1.0,0.8,1.3,2.2,15.4,,2021
94.0,Kelly Oubre Jr.,26.0,CHO,SF,76.0,13.0,26.3,5.4,12.3,0.44,2.5,7.3,0.345,2.9,5.0,0.578,0.542,1.7,2.5,0.667,1.0,2.9,4.0,1.1,1.0,0.4,0.9,2.5,15.0,,2022
53.0,Kelly Oubre Jr.,27.0,CHO,SF,48.0,40.0,32.3,7.4,17.1,0.431,2.3,7.1,0.319,5.1,10.0,0.51,0.497,3.3,4.3,0.76,1.4,3.8,5.2,1.1,1.4,0.4,1.3,2.9,20.3,,2023
92.0,Kelly Oubre Jr.,28.0,PHI,SF,68.0,52.0,30.2,5.7,12.9,0.441,1.5,4.8,0.311,4.2,8.1,0.517,0.498,2.6,3.4,0.75,1.4,3.6,5.0,1.5,1.1,0.7,1.3,2.9,15.4,,2024
94.0,Kelly Oubre Jr.,29.0,PHI,SF,60.0,57.0,34.6,5.8,12.4,0.47,1.2,4.0,0.293,4.6,8.3,0.555,0.518,2.3,3.1,0.751,1.6,4.5,6.1,1.8,1.5,0.5,1.3,3.0,15.1,,2025
32.0,Kemba Walker,24.0,CHO,PG,62.0,58.0,34.2,6.1,15.8,0.385,1.4,4.5,0.304,4.7,11.3,0.418,0.429,3.8,4.6,0.827,0.6,3.0,3.5,5.1,1.4,0.5,1.6,1.5,17.3,,2015
18.0,Kemba Walker,25.0,CHO,PG,81.0,81.0,35.6,7.0,16.4,0.427,2.2,6.0,0.371,4.8,10.4,0.459,0.495,4.6,5.4,0.847,0.7,3.7,4.4,5.2,1.6,0.5,2.1,1.4,20.9,,2016
17.0,Kemba Walker,26.0,CHO,PG,79.0,79.0,34.7,8.1,18.3,0.444,3.0,7.6,0.399,5.1,10.7,0.476,0.527,3.8,4.5,0.847,0.6,3.3,3.9,5.5,1.1,0.3,2.1,1.5,23.2,,2017
20.0,Kemba Walker,27.0,CHO,PG,80.0,80.0,34.2,7.4,17.0,0.431,2.9,7.5,0.384,4.5,9.5,0.469,0.516,4.5,5.3,0.864,0.4,2.7,3.1,5.6,1.1,0.3,2.2,1.2,22.1,,2018
13.0,Kemba Walker,28.0,CHO,PG,82.0,82.0,34.9,8.9,20.5,0.434,3.2,8.9,0.356,5.7,11.6,0.494,0.511,4.6,5.5,0.844,0.6,3.8,4.4,5.9,1.2,0.4,2.6,1.6,25.6,,2019
33.0,Kemba Walker,29.0,BOS,PG,56.0,56.0,31.1,6.8,15.9,0.425,3.2,8.4,0.381,3.5,7.4,0.476,0.526,3.7,4.3,0.864,0.6,3.2,3.9,4.8,0.9,0.5,2.1,1.6,20.4,,2020
50.0,Kemba Walker,30.0,BOS,PG,43.0,43.0,31.8,6.6,15.7,0.42,3.0,8.2,0.36,3.7,7.5,0.486,0.514,3.1,3.5,0.899,0.4,3.6,4.0,4.9,1.1,0.3,2.0,1.4,19.3,,2021
141.0,Kemba Walker,31.0,NYK,PG,37.0,37.0,25.6,4.0,10.0,0.403,2.0,5.4,0.367,2.1,4.6,0.444,0.501,1.6,1.9,0.845,0.4,2.6,3.0,3.5,0.7,0.2,1.3,1.0,11.6,,2022
241.0,Kemba Walker,32.0,DAL,PG,9.0,1.0,16.0,2.7,6.3,0.421,0.8,3.1,0.25,1.9,3.2,0.586,0.482,1.9,2.3,0.81,0.3,1.4,1.8,2.1,0.2,0.2,0.4,1.2,8.0,,2023
82.0,Kendrick Nunn,24.0,MIA,PG,67.0,67.0,29.3,6.0,13.6,0.439,2.0,5.8,0.35,3.9,7.8,0.505,0.514,1.3,1.5,0.85,0.3,2.4,2.7,3.3,0.8,0.2,1.7,2.3,15.3,,2020
94.0,Kendrick Nunn,25.0,MIA,PG,56.0,44.0,29.5,5.7,11.8,0.485,2.2,5.7,0.381,3.5,6.0,0.583,0.578,1.0,1.1,0.933,0.4,2.8,3.2,2.6,0.9,0.3,1.4,1.9,14.6,,2021
385.0,Kendrick Perkins,30.0,OKC,C,51.0,3.0,19.2,1.6,3.6,0.441,0.0,0.0,0.0,1.6,3.6,0.443,0.441,0.7,1.5,0.507,1.6,3.9,5.5,0.8,0.3,0.7,1.5,2.6,4.0,,2015
439.0,Kendrick Perkins,33.0,CLE,C,1.0,0.0,15.0,1.0,2.0,0.5,0.0,0.0,,1.0,2.0,0.5,0.5,1.0,2.0,0.5,0.0,1.0,1.0,2.0,1.0,0.0,1.0,1.0,3.0,,2018
96.0,Kenneth Faried,25.0,DEN,PF,75.0,71.0,27.8,5.0,9.8,0.507,0.0,0.1,0.125,5.0,9.7,0.511,0.507,2.7,3.8,0.691,3.2,5.7,8.9,1.2,0.8,0.8,1.6,2.8,12.6,,2015
101.0,Kenneth Faried,26.0,DEN,PF,67.0,64.0,25.3,5.2,9.3,0.558,0.0,0.0,0.5,5.2,9.3,0.558,0.558,2.0,3.3,0.613,3.5,5.2,8.7,1.2,0.5,0.9,1.4,2.5,12.5,,2016
157.0,Kenneth Faried,27.0,DEN,PF,61.0,34.0,21.2,3.7,6.8,0.548,0.0,0.1,0.0,3.7,6.7,0.556,0.548,2.1,3.1,0.693,3.0,4.6,7.6,0.9,0.7,0.7,1.0,2.0,9.6,,2017
164.0,Kenneth Faried,29.0,HOU,C,25.0,13.0,24.4,5.2,8.9,0.587,0.3,0.8,0.35,5.0,8.1,0.611,0.603,2.2,3.3,0.651,3.3,5.0,8.2,0.7,0.6,0.8,1.1,3.0,12.9,,2019
357.0,Kenneth Lofton Jr.,21.0,UTA,PF,4.0,0.0,22.8,5.3,8.8,0.6,1.0,3.0,0.333,4.3,5.8,0.739,0.657,2.3,2.8,0.818,2.5,2.5,5.0,4.8,0.8,0.5,1.5,2.3,13.8,,2024
310.0,Kenrich Williams,24.0,NOP,SF,46.0,29.0,23.5,2.3,6.1,0.384,1.1,3.4,0.333,1.2,2.7,0.447,0.477,0.3,0.4,0.684,1.2,3.6,4.8,1.8,1.0,0.4,0.8,2.1,6.1,,2019
415.0,Kenrich Williams,25.0,NOP,PF,39.0,18.0,21.3,1.3,3.8,0.347,0.6,2.5,0.258,0.7,1.3,0.52,0.432,0.2,0.7,0.346,1.3,3.5,4.8,1.5,0.7,0.5,0.6,2.3,3.5,,2020
244.0,Kenrich Williams,26.0,OKC,PF,66.0,13.0,21.6,3.3,6.2,0.533,0.8,1.8,0.444,2.5,4.5,0.568,0.596,0.5,1.0,0.571,1.3,2.9,4.1,2.3,0.8,0.3,1.2,2.2,8.0,,2021
284.0,Kenrich Williams,27.0,OKC,SF,49.0,0.0,21.9,3.0,6.5,0.461,0.8,2.5,0.339,2.1,4.0,0.536,0.525,0.6,1.1,0.545,1.5,3.0,4.5,2.2,0.9,0.2,0.9,1.7,7.4,,2022
242.0,Kenrich Williams,28.0,OKC,PF,53.0,10.0,22.8,3.4,6.5,0.517,0.9,2.5,0.373,2.4,4.0,0.608,0.59,0.3,0.7,0.436,1.8,3.1,4.9,2.0,0.8,0.3,0.6,2.1,8.0,,2023
333.0,Kenrich Williams,30.0,OKC,PF,69.0,7.0,16.4,2.5,5.1,0.483,1.0,2.5,0.386,1.5,2.7,0.574,0.576,0.4,0.6,0.718,0.9,2.6,3.5,1.4,0.6,0.1,0.6,1.6,6.3,,2025
313.0,Kent Bazemore,25.0,ATL,SG,75.0,10.0,17.7,1.9,4.4,0.426,0.6,1.8,0.364,1.2,2.7,0.467,0.498,0.8,1.3,0.6,0.3,2.7,3.0,1.0,0.7,0.4,1.0,1.7,5.2,,2015
120.0,Kent Bazemore,26.0,ATL,SF,75.0,68.0,27.8,4.3,9.7,0.441,1.5,4.1,0.357,2.8,5.6,0.502,0.517,1.6,2.0,0.815,0.4,4.7,5.1,2.3,1.3,0.5,1.8,2.3,11.6,,2016
119.0,Kent Bazemore,27.0,ATL,SF,73.0,64.0,26.9,4.0,9.9,0.409,1.3,3.6,0.346,2.8,6.2,0.446,0.473,1.6,2.3,0.708,0.6,2.5,3.2,2.4,1.2,0.7,1.7,2.3,11.0,,2017
105.0,Kent Bazemore,28.0,ATL,SG,65.0,65.0,27.5,4.4,10.4,0.42,1.7,4.2,0.394,2.7,6.2,0.438,0.5,2.5,3.1,0.796,0.4,3.4,3.8,3.5,1.5,0.7,2.4,2.3,12.9,,2018
134.0,Kent Bazemore,29.0,ATL,SG,67.0,35.0,24.5,4.1,10.3,0.402,1.4,4.5,0.32,2.7,5.8,0.465,0.472,1.9,2.6,0.726,0.6,3.3,3.9,2.3,1.3,0.6,1.8,2.5,11.6,,2019
210.0,Kent Bazemore,30.0,SAC,SF,25.0,0.0,23.1,3.5,8.3,0.418,1.1,2.9,0.384,2.4,5.4,0.437,0.486,2.2,3.0,0.733,0.6,4.3,4.9,1.3,1.2,0.4,1.2,3.0,10.3,,2020
276.0,Kent Bazemore,31.0,GSW,SF,67.0,18.0,19.9,2.6,5.9,0.449,1.1,2.7,0.408,1.5,3.1,0.486,0.545,0.8,1.2,0.692,0.4,3.0,3.4,1.6,1.0,0.5,1.2,2.4,7.2,,2021
94.0,Kentavious Caldwell-Pope,21.0,DET,SG,82.0,82.0,31.5,4.8,11.9,0.401,1.9,5.4,0.345,2.9,6.4,0.449,0.48,1.3,1.9,0.696,0.6,2.5,3.1,1.3,1.1,0.2,1.1,2.0,12.7,,2015
67.0,Kentavious Caldwell-Pope,22.0,DET,SG,76.0,76.0,36.7,5.3,12.6,0.42,1.5,4.9,0.309,3.8,7.8,0.489,0.479,2.4,3.0,0.811,0.9,2.8,3.7,1.8,1.4,0.2,1.4,2.2,14.5,,2016
82.0,Kentavious Caldwell-Pope,23.0,DET,SG,76.0,75.0,33.3,4.9,12.2,0.399,2.0,5.8,0.35,2.9,6.5,0.442,0.481,2.0,2.4,0.832,0.7,2.5,3.3,2.5,1.2,0.2,1.1,1.6,13.8,,2017
96.0,Kentavious Caldwell-Pope,24.0,LAL,SG,74.0,74.0,33.2,4.6,10.8,0.426,2.1,5.6,0.383,2.4,5.2,0.473,0.526,2.1,2.6,0.789,0.8,4.4,5.2,2.2,1.4,0.2,1.3,2.0,13.4,,2018
138.0,Kentavious Caldwell-Pope,25.0,LAL,SG,82.0,23.0,24.8,4.0,9.2,0.43,1.8,5.3,0.347,2.1,3.9,0.542,0.53,1.7,1.9,0.867,0.6,2.3,2.9,1.3,0.9,0.2,0.8,1.7,11.4,,2019
192.0,Kentavious Caldwell-Pope,26.0,LAL,SG,69.0,26.0,25.5,3.4,7.3,0.467,1.3,3.5,0.385,2.1,3.9,0.541,0.558,1.1,1.5,0.775,0.6,1.5,2.1,1.6,0.8,0.2,0.9,1.9,9.3,,2020
190.0,Kentavious Caldwell-Pope,27.0,LAL,SG,67.0,67.0,28.4,3.3,7.6,0.431,1.8,4.4,0.41,1.5,3.2,0.46,0.549,1.4,1.7,0.866,0.4,2.3,2.7,1.9,0.9,0.4,1.0,1.7,9.7,,2021
115.0,Kentavious Caldwell-Pope,28.0,WAS,SG,77.0,77.0,30.2,4.7,10.8,0.435,2.1,5.3,0.39,2.6,5.5,0.48,0.531,1.8,2.0,0.89,0.5,2.9,3.4,1.9,1.1,0.3,1.3,1.8,13.2,,2022
156.0,Kentavious Caldwell-Pope,29.0,DEN,SG,76.0,76.0,31.3,3.8,8.3,0.462,1.8,4.2,0.423,2.1,4.1,0.502,0.569,1.4,1.6,0.824,0.5,2.3,2.7,2.4,1.5,0.5,1.1,1.9,10.8,,2023
178.0,Kentavious Caldwell-Pope,30.0,DEN,SG,76.0,76.0,31.6,3.6,7.7,0.46,1.6,4.1,0.406,1.9,3.7,0.52,0.566,1.3,1.5,0.894,0.4,2.0,2.4,2.4,1.3,0.6,1.0,2.0,10.1,,2024
239.0,Kentavious Caldwell-Pope,31.0,ORL,SG,77.0,77.0,29.6,3.1,7.1,0.439,1.5,4.3,0.342,1.6,2.8,0.589,0.543,1.1,1.2,0.863,0.4,1.8,2.2,1.8,1.3,0.4,0.8,1.8,8.7,,2025
321.0,Keon Ellis,24.0,SAC,SG,57.0,21.0,17.2,1.9,4.1,0.461,1.2,2.9,0.417,0.6,1.1,0.578,0.612,0.5,0.6,0.743,0.6,1.6,2.2,1.5,0.9,0.5,0.6,2.0,5.4,,2024
257.0,Keon Ellis,25.0,SAC,SG,80.0,28.0,24.4,2.8,5.8,0.489,1.7,4.0,0.433,1.1,1.8,0.615,0.639,0.9,1.1,0.849,0.8,1.9,2.7,1.5,1.5,0.8,0.9,2.2,8.3,,2025
289.0,Keon Johnson,19.0,POR,SG,22.0,12.0,25.5,3.6,10.0,0.357,1.4,4.0,0.348,2.2,6.0,0.364,0.428,1.1,1.4,0.833,0.8,1.9,2.7,2.9,1.0,0.5,1.8,2.2,9.7,,2022
170.0,Keon Johnson,22.0,BRK,SG,79.0,56.0,24.4,3.8,9.9,0.389,1.6,5.1,0.314,2.2,4.8,0.468,0.47,1.4,1.8,0.77,0.8,3.0,3.8,2.2,1.0,0.4,1.5,2.6,10.6,,2025
346.0,Kessler Edwards,21.0,BRK,SF,48.0,23.0,20.6,2.3,5.6,0.412,1.0,2.8,0.353,1.3,2.7,0.473,0.502,0.3,0.4,0.842,0.9,2.7,3.6,0.6,0.6,0.5,0.9,1.8,5.9,,2022
414.0,Kessler Edwards,24.0,DAL,SF,40.0,18.0,15.2,1.7,3.4,0.496,0.6,1.4,0.407,1.1,2.0,0.556,0.578,0.3,0.3,0.923,0.6,2.3,2.9,1.1,0.5,0.5,0.4,1.6,4.2,,2025
3.0,Kevin Durant,26.0,OKC,SF,27.0,27.0,33.8,8.8,17.3,0.51,2.4,5.9,0.403,6.4,11.4,0.565,0.578,5.4,6.3,0.854,0.6,6.0,6.6,4.1,0.9,0.9,2.7,1.5,25.4,,2015
3.0,Kevin Durant,27.0,OKC,SF,72.0,72.0,35.8,9.7,19.2,0.505,2.6,6.7,0.387,7.1,12.5,0.569,0.573,6.2,6.9,0.898,0.6,7.6,8.2,5.0,1.0,1.2,3.5,1.9,28.2,,2016
12.0,Kevin Durant,28.0,GSW,PF,62.0,62.0,33.4,8.9,16.5,0.537,1.9,5.0,0.375,7.0,11.5,0.608,0.594,5.4,6.2,0.875,0.6,7.6,8.3,4.8,1.1,1.6,2.2,1.9,25.1,,2017
7.0,Kevin Durant,29.0,GSW,SF,68.0,68.0,34.2,9.3,18.0,0.516,2.5,6.1,0.419,6.7,11.9,0.565,0.586,5.3,5.9,0.889,0.5,6.4,6.8,5.4,0.7,1.8,3.0,2.0,26.4,,2018
9.0,Kevin Durant,30.0,GSW,SF,78.0,78.0,34.6,9.2,17.7,0.521,1.8,5.0,0.353,7.5,12.8,0.587,0.571,5.7,6.5,0.885,0.4,5.9,6.4,5.9,0.7,1.1,2.9,2.0,26.0,,2019
9.0,Kevin Durant,32.0,BRK,PF,35.0,32.0,33.1,9.3,17.2,0.537,2.4,5.4,0.45,6.8,11.8,0.577,0.608,6.0,6.8,0.882,0.4,6.7,7.1,5.6,0.7,1.3,3.4,2.0,26.9,,2021
4.0,Kevin Durant,33.0,BRK,PF,55.0,55.0,37.2,10.5,20.3,0.518,2.1,5.5,0.383,8.4,14.8,0.568,0.57,6.8,7.4,0.91,0.5,6.9,7.4,6.4,0.9,0.9,3.5,2.1,29.9,,2022
8.0,Kevin Durant,34.0,PHO,PF,8.0,8.0,33.6,9.1,16.0,0.57,2.8,5.1,0.537,6.4,10.9,0.586,0.656,5.0,6.0,0.833,0.4,6.0,6.4,3.5,0.3,1.3,2.5,0.9,26.0,,2023
7.0,Kevin Durant,35.0,PHO,PF,75.0,75.0,37.2,10.0,19.1,0.523,2.2,5.4,0.413,7.8,13.7,0.567,0.581,4.8,5.6,0.856,0.5,6.1,6.6,5.0,0.9,1.2,3.3,1.8,27.1,,2024
7.0,Kevin Durant,36.0,PHO,PF,62.0,62.0,36.5,9.5,18.1,0.527,2.6,6.0,0.43,7.0,12.1,0.574,0.598,4.9,5.8,0.839,0.4,5.7,6.0,4.2,0.8,1.2,3.1,1.7,26.6,,2025
246.0,Kevin Garnett,38.0,MIN,PF,5.0,5.0,19.6,3.6,6.2,0.581,0.0,0.2,0.0,3.6,6.0,0.6,0.581,0.4,0.8,0.5,0.4,4.8,5.2,1.6,1.0,0.8,0.2,2.6,7.6,,2015
178.0,Kevin Huerter,20.0,ATL,SG,75.0,59.0,27.3,3.7,8.8,0.419,1.8,4.7,0.385,1.9,4.1,0.457,0.522,0.5,0.7,0.732,0.8,2.5,3.3,2.9,0.9,0.3,1.5,2.1,9.7,,2019
122.0,Kevin Huerter,21.0,ATL,SG,56.0,48.0,31.4,4.5,10.9,0.413,2.3,6.0,0.38,2.2,4.9,0.453,0.517,0.9,1.1,0.828,0.6,3.4,4.1,3.8,0.9,0.5,1.6,2.5,12.2,,2020
145.0,Kevin Huerter,22.0,ATL,SG,69.0,49.0,30.8,4.6,10.6,0.432,2.0,5.6,0.363,2.6,5.0,0.51,0.528,0.7,0.9,0.781,0.6,2.8,3.3,3.5,1.2,0.3,1.1,2.4,11.9,,2021
131.0,Kevin Huerter,23.0,ATL,SF,74.0,60.0,29.6,4.7,10.3,0.454,2.2,5.6,0.389,2.5,4.7,0.53,0.559,0.6,0.7,0.808,0.4,3.0,3.4,2.7,0.7,0.4,1.2,2.5,12.1,,2022
94.0,Kevin Huerter,24.0,SAC,SG,75.0,75.0,29.4,5.6,11.5,0.485,2.7,6.8,0.402,2.9,4.7,0.604,0.603,1.3,1.7,0.725,0.6,2.8,3.3,2.9,1.1,0.3,1.3,2.4,15.2,,2023
174.0,Kevin Huerter,25.0,SAC,SG,64.0,59.0,24.4,3.9,8.8,0.443,1.9,5.3,0.361,2.0,3.4,0.571,0.553,0.6,0.7,0.766,0.6,2.9,3.5,2.6,0.7,0.4,0.8,2.1,10.2,,2024
193.0,Kevin Huerter,26.0,SAC,SG,43.0,15.0,20.9,3.0,7.2,0.413,1.4,4.8,0.302,1.5,2.4,0.629,0.513,0.5,0.7,0.714,0.4,2.3,2.8,1.7,0.8,0.4,0.9,1.6,7.9,,2025
114.0,Kevin Knox,19.0,NYK,PF,75.0,57.0,28.8,4.5,12.2,0.37,1.7,4.9,0.343,2.8,7.3,0.387,0.438,2.2,3.0,0.717,0.8,3.7,4.5,1.1,0.6,0.3,1.5,2.3,12.8,,2019
290.0,Kevin Knox,20.0,NYK,SF,65.0,4.0,17.9,2.2,6.2,0.359,1.0,3.1,0.327,1.2,3.1,0.391,0.44,1.0,1.6,0.653,0.4,2.4,2.8,0.9,0.4,0.4,0.7,1.6,6.4,,2020
294.0,Kevin Knox,23.0,POR,PF,21.0,4.0,17.1,3.2,7.3,0.444,1.0,3.3,0.314,2.2,4.0,0.554,0.516,1.0,1.3,0.741,0.7,2.6,3.3,0.9,0.5,0.0,0.9,1.0,8.5,,2023
249.0,Kevin Knox,24.0,DET,SF,31.0,11.0,18.1,2.8,6.0,0.462,1.0,3.0,0.33,1.8,3.0,0.598,0.546,0.6,0.7,0.909,0.6,1.8,2.4,0.7,0.4,0.2,0.7,1.6,7.2,,2024
44.0,Kevin Love,26.0,CLE,PF,75.0,75.0,33.8,5.5,12.7,0.434,1.9,5.2,0.367,3.6,7.5,0.48,0.509,3.4,4.3,0.804,1.9,7.9,9.7,2.2,0.7,0.5,1.6,1.9,16.4,,2015
51.0,Kevin Love,27.0,CLE,PF,77.0,77.0,31.5,5.3,12.7,0.419,2.1,5.7,0.36,3.3,7.0,0.467,0.499,3.4,4.1,0.822,1.9,8.0,9.9,2.4,0.8,0.5,1.8,2.1,16.0,,2016
36.0,Kevin Love,28.0,CLE,PF,60.0,60.0,31.4,6.2,14.5,0.427,2.4,6.5,0.373,3.8,8.0,0.471,0.51,4.3,4.9,0.871,2.5,8.6,11.1,1.9,0.9,0.4,2.0,2.1,19.0,,2017
44.0,Kevin Love,29.0,CLE,C,59.0,59.0,28.0,5.7,12.4,0.458,2.3,5.6,0.415,3.3,6.8,0.494,0.552,4.0,4.5,0.88,1.7,7.5,9.3,1.7,0.7,0.4,1.5,2.0,17.6,,2018
55.0,Kevin Love,30.0,CLE,PF,22.0,21.0,27.2,5.0,12.9,0.385,2.4,6.7,0.361,2.5,6.2,0.412,0.479,4.7,5.2,0.904,1.5,9.4,10.9,2.2,0.3,0.2,1.9,2.5,17.0,,2019
62.0,Kevin Love,31.0,CLE,PF,56.0,56.0,31.8,5.8,13.0,0.45,2.6,7.0,0.374,3.2,6.0,0.537,0.55,3.3,3.9,0.854,1.0,8.8,9.8,3.2,0.6,0.3,2.5,1.6,17.6,,2020
140.0,Kevin Love,32.0,CLE,PF,25.0,25.0,24.9,4.1,10.1,0.409,2.3,6.2,0.365,1.8,3.8,0.479,0.522,1.7,2.0,0.824,0.7,6.8,7.4,2.5,0.6,0.1,1.5,1.0,12.2,,2021
107.0,Kevin Love,33.0,CLE,C,74.0,4.0,22.5,4.4,10.3,0.43,2.5,6.4,0.392,1.9,3.8,0.493,0.553,2.2,2.7,0.838,1.2,6.1,7.2,2.2,0.4,0.2,1.3,1.4,13.6,,2022
234.0,Kevin Love,34.0,MIA,PF,21.0,17.0,20.0,2.6,6.6,0.388,1.4,4.8,0.297,1.1,1.8,0.632,0.496,1.1,1.3,0.857,0.8,4.9,5.7,1.9,0.4,0.2,1.1,1.5,7.7,,2023
207.0,Kevin Love,35.0,MIA,PF,55.0,5.0,16.8,2.9,6.5,0.44,1.5,4.4,0.344,1.3,2.1,0.643,0.557,1.5,2.0,0.787,1.1,5.1,6.1,2.1,0.3,0.2,0.9,1.8,8.8,,2024
20.0,Kevin Martin,31.0,MIN,SG,39.0,36.0,33.4,6.8,16.0,0.427,1.9,4.9,0.393,4.9,11.1,0.442,0.487,4.4,4.9,0.881,0.5,3.2,3.6,2.3,0.8,0.0,1.9,1.9,20.0,,2015
165.0,Kevin Martin,32.0,SAS,SG,16.0,1.0,16.3,1.9,5.3,0.353,0.7,2.1,0.333,1.2,3.3,0.365,0.418,1.8,1.9,0.933,0.3,1.6,1.8,0.8,0.6,0.1,0.8,0.9,6.2,,2016
179.0,Kevin Porter Jr.,19.0,CLE,SF,50.0,3.0,23.2,3.7,8.4,0.442,1.1,3.2,0.335,2.7,5.3,0.506,0.505,1.5,2.0,0.723,0.4,2.8,3.2,2.2,0.9,0.3,1.9,2.7,10.0,,2020
70.0,Kevin Porter Jr.,20.0,HOU,SG,26.0,23.0,32.1,6.0,14.1,0.425,1.9,6.2,0.311,4.1,7.9,0.515,0.493,2.7,3.6,0.734,0.8,3.0,3.8,6.3,0.7,0.3,3.5,2.3,16.6,,2021
83.0,Kevin Porter Jr.,21.0,HOU,PG,61.0,61.0,31.3,5.5,13.2,0.415,2.5,6.8,0.375,3.0,6.5,0.456,0.511,2.0,3.2,0.642,0.7,3.7,4.4,6.2,1.1,0.4,3.1,2.6,15.6,,2022
63.0,Kevin Porter Jr.,22.0,HOU,PG,59.0,59.0,34.3,6.6,15.0,0.442,2.4,6.5,0.366,4.2,8.5,0.501,0.522,3.5,4.5,0.784,1.3,4.0,5.3,5.7,1.4,0.3,3.2,2.6,19.2,,2023
177.0,Kevin Porter Jr.,24.0,MIL,SG,30.0,2.0,19.9,4.0,8.2,0.494,1.0,2.4,0.408,3.1,5.8,0.529,0.553,2.7,3.1,0.871,0.4,3.5,3.9,3.7,1.3,0.1,1.7,1.6,11.7,,2025
257.0,Kevin Séraphin,25.0,WAS,C,79.0,0.0,15.6,2.9,5.7,0.513,0.0,0.0,0.0,2.9,5.7,0.516,0.513,0.7,1.0,0.707,1.1,2.5,3.6,0.7,0.1,0.7,1.2,2.5,6.6,,2015
304.0,Kevon Looney,22.0,GSW,C,80.0,24.0,18.5,2.7,4.3,0.625,0.0,0.1,0.1,2.7,4.2,0.641,0.627,0.8,1.3,0.619,2.4,2.8,5.2,1.5,0.6,0.7,0.6,2.6,6.3,,2019
406.0,Kevon Looney,24.0,GSW,C,61.0,34.0,19.0,1.8,3.2,0.548,0.1,0.3,0.235,1.7,3.0,0.578,0.558,0.5,0.8,0.646,1.9,3.4,5.3,2.0,0.3,0.4,0.6,2.2,4.1,,2021
343.0,Kevon Looney,25.0,GSW,C,82.0,80.0,21.1,2.5,4.4,0.571,0.0,0.0,0.0,2.5,4.4,0.573,0.571,0.9,1.5,0.6,2.5,4.7,7.3,2.0,0.6,0.6,0.8,2.6,6.0,,2022
271.0,Kevon Looney,26.0,GSW,C,82.0,70.0,23.9,3.0,4.7,0.63,0.0,0.0,0.0,3.0,4.7,0.632,0.63,1.1,1.9,0.606,3.3,5.9,9.3,2.5,0.6,0.6,0.5,2.7,7.0,,2023
364.0,Kevon Looney,27.0,GSW,C,74.0,36.0,16.1,1.9,3.1,0.597,0.0,0.0,0.0,1.9,3.1,0.599,0.597,0.8,1.1,0.675,1.9,3.7,5.7,1.8,0.4,0.4,0.7,2.1,4.5,,2024
397.0,Kevon Looney,28.0,GSW,C,76.0,6.0,15.0,1.9,3.7,0.514,0.0,0.1,0.4,1.9,3.6,0.516,0.518,0.7,1.3,0.566,2.4,3.6,6.1,1.6,0.6,0.5,0.5,2.0,4.5,,2025
122.0,Keyonte George,20.0,UTA,PG,75.0,44.0,27.0,4.3,10.9,0.391,2.0,5.9,0.334,2.3,5.0,0.459,0.482,2.5,3.0,0.848,0.2,2.6,2.8,4.4,0.5,0.1,2.5,1.2,13.0,,2024
80.0,Keyonte George,21.0,UTA,PG,67.0,35.0,31.5,5.4,13.7,0.391,2.6,7.6,0.343,2.8,6.1,0.449,0.485,3.5,4.3,0.818,0.4,3.4,3.8,5.6,0.7,0.1,2.7,1.7,16.8,,2025
384.0,Khem Birch,27.0,ORL,C,48.0,24.0,19.2,1.5,3.0,0.51,0.0,0.0,0.0,1.5,3.0,0.514,0.51,1.4,2.1,0.653,1.9,2.7,4.6,1.0,0.4,0.5,0.6,1.9,4.4,,2020
273.0,Khem Birch,28.0,TOR,C,19.0,17.0,30.4,5.0,9.0,0.556,0.5,1.6,0.29,4.5,7.4,0.614,0.582,1.5,2.3,0.636,3.0,4.6,7.6,1.9,0.8,1.2,1.1,2.4,11.9,,2021
400.0,Khem Birch,29.0,TOR,C,55.0,28.0,18.0,1.8,3.6,0.485,0.0,0.3,0.0,1.8,3.4,0.522,0.485,1.0,1.3,0.746,2.2,2.1,4.3,1.0,0.5,0.5,0.5,1.9,4.5,,2022
86.0,Khris Middleton,23.0,MIL,SF,79.0,58.0,30.1,5.1,11.0,0.467,1.4,3.4,0.407,3.8,7.6,0.494,0.53,1.7,2.0,0.859,0.6,3.8,4.4,2.3,1.5,0.1,1.4,2.3,13.4,,2015
34.0,Khris Middleton,24.0,MIL,SG,79.0,79.0,36.1,6.4,14.5,0.444,1.8,4.6,0.396,4.6,9.9,0.466,0.507,3.5,3.9,0.888,0.6,3.3,3.8,4.2,1.7,0.2,2.3,2.6,18.2,,2016
66.0,Khris Middleton,25.0,MIL,SF,29.0,23.0,30.7,5.2,11.5,0.45,1.6,3.6,0.433,3.6,7.9,0.459,0.518,2.8,3.2,0.88,0.4,3.9,4.2,3.4,1.4,0.2,2.2,2.7,14.7,,2017
27.0,Khris Middleton,26.0,MIL,SF,82.0,82.0,36.4,7.2,15.5,0.466,1.8,5.0,0.359,5.5,10.5,0.517,0.524,3.9,4.4,0.884,0.5,4.7,5.2,4.0,1.5,0.3,2.3,3.3,20.1,,2018
44.0,Khris Middleton,27.0,MIL,SF,77.0,77.0,31.1,6.6,14.9,0.441,2.3,6.2,0.378,4.2,8.8,0.485,0.519,2.8,3.4,0.837,0.6,5.3,6.0,4.3,1.0,0.1,2.3,2.2,18.3,,2019
28.0,Khris Middleton,28.0,MIL,SF,62.0,59.0,29.9,7.6,15.3,0.497,2.4,5.7,0.415,5.2,9.6,0.546,0.575,3.4,3.7,0.916,0.7,5.5,6.2,4.3,0.9,0.1,2.2,2.3,20.9,,2020
39.0,Khris Middleton,29.0,MIL,SF,68.0,68.0,33.4,7.5,15.8,0.476,2.2,5.4,0.414,5.3,10.4,0.508,0.546,3.1,3.5,0.898,0.8,5.2,6.0,5.4,1.1,0.1,2.6,2.4,20.4,,2021
38.0,Khris Middleton,30.0,MIL,SF,66.0,66.0,32.4,6.8,15.5,0.443,2.5,6.6,0.373,4.4,8.9,0.494,0.522,3.9,4.4,0.89,0.6,4.8,5.4,5.4,1.2,0.3,2.9,2.4,20.1,,2022
95.0,Khris Middleton,31.0,MIL,SF,33.0,19.0,24.3,5.4,12.3,0.436,1.5,4.9,0.315,3.8,7.4,0.516,0.499,2.8,3.1,0.902,0.8,3.4,4.2,4.9,0.7,0.2,2.2,2.1,15.1,,2023
97.0,Khris Middleton,32.0,MIL,SF,55.0,55.0,27.0,5.8,11.7,0.493,1.7,4.5,0.381,4.1,7.2,0.563,0.566,1.8,2.2,0.833,0.7,3.9,4.7,5.3,0.9,0.3,2.3,2.6,15.1,,2024
148.0,Khris Middleton,33.0,WAS,SF,14.0,14.0,22.1,3.7,9.0,0.413,0.9,3.4,0.277,2.8,5.6,0.494,0.464,2.4,2.7,0.868,0.6,3.1,3.7,3.4,1.3,0.2,1.4,1.6,10.7,,2025
73.0,Khyri Thomas,24.0,HOU,SG,5.0,2.0,30.6,6.4,13.2,0.485,1.8,5.4,0.333,4.6,7.8,0.59,0.553,1.8,1.8,1.0,1.4,2.2,3.6,5.0,1.8,1.2,1.2,1.6,16.4,,2021
293.0,Killian Hayes,19.0,DET,PG,26.0,18.0,25.8,2.7,7.7,0.353,0.8,2.8,0.278,2.0,5.0,0.395,0.403,0.5,0.7,0.824,0.2,2.4,2.7,5.3,1.0,0.4,3.2,2.2,6.8,,2021
303.0,Killian Hayes,20.0,DET,PG,66.0,40.0,25.0,2.7,7.0,0.383,0.7,2.5,0.263,2.0,4.4,0.452,0.431,0.9,1.1,0.77,0.5,2.6,3.2,4.2,1.2,0.5,1.7,2.8,6.9,,2022
165.0,Killian Hayes,21.0,DET,PG,76.0,56.0,28.3,4.0,10.7,0.377,1.1,3.8,0.28,3.0,7.0,0.429,0.426,1.2,1.5,0.821,0.4,2.5,2.9,6.2,1.4,0.4,2.3,2.9,10.3,,2023
261.0,Killian Hayes,22.0,DET,PG,42.0,31.0,24.0,2.8,6.7,0.413,0.5,1.8,0.297,2.3,5.0,0.455,0.452,0.8,1.2,0.66,0.3,2.6,2.8,4.9,0.9,0.5,1.2,1.8,6.9,,2024
225.0,Killian Hayes,23.0,BRK,PG,6.0,5.0,27.0,3.0,7.2,0.419,1.3,3.5,0.381,1.7,3.7,0.455,0.512,1.7,2.0,0.833,0.8,2.2,3.0,5.2,0.7,0.7,1.5,2.2,9.0,,2025
316.0,Kira Lewis Jr.,19.0,NOP,PG,54.0,0.0,16.7,2.4,6.2,0.386,0.7,2.2,0.333,1.7,4.0,0.415,0.445,0.8,0.9,0.843,0.2,1.1,1.3,2.3,0.7,0.2,0.6,1.6,6.4,,2021
294.0,Kirk Hinrich,34.0,CHI,SG,66.0,22.0,24.4,2.2,5.8,0.373,0.9,2.5,0.345,1.3,3.2,0.394,0.449,0.5,0.8,0.7,0.3,1.5,1.8,2.2,0.7,0.2,1.1,2.2,5.7,,2015
396.0,Kirk Hinrich,35.0,CHI,PG,35.0,7.0,15.9,1.3,3.4,0.398,0.7,1.6,0.411,0.7,1.8,0.387,0.496,0.4,0.5,0.938,0.2,1.5,1.7,1.7,0.4,0.0,0.8,1.8,3.8,,2016
13.0,Klay Thompson,24.0,GSW,SG,77.0,77.0,31.9,7.8,16.9,0.463,3.1,7.1,0.439,4.7,9.8,0.481,0.555,2.9,3.3,0.879,0.4,2.9,3.2,2.9,1.1,0.8,1.9,1.6,21.7,,2015
12.0,Klay Thompson,25.0,GSW,SG,80.0,80.0,33.3,8.1,17.3,0.47,3.5,8.1,0.425,4.7,9.2,0.51,0.569,2.4,2.8,0.873,0.4,3.4,3.8,2.1,0.8,0.6,1.7,1.9,22.1,,2016
24.0,Klay Thompson,26.0,GSW,SG,78.0,78.0,34.0,8.3,17.6,0.468,3.4,8.3,0.414,4.8,9.3,0.516,0.565,2.4,2.8,0.853,0.6,3.0,3.7,2.1,0.8,0.5,1.6,1.8,22.3,,2017
28.0,Klay Thompson,27.0,GSW,SG,73.0,73.0,34.3,7.9,16.2,0.488,3.1,7.1,0.44,4.7,9.0,0.525,0.585,1.1,1.3,0.837,0.4,3.4,3.8,2.5,0.8,0.5,1.8,1.6,20.0,,2018
20.0,Klay Thompson,28.0,GSW,SG,78.0,78.0,34.0,8.4,18.0,0.467,3.1,7.7,0.402,5.3,10.3,0.516,0.553,1.7,2.0,0.816,0.5,3.4,3.8,2.4,1.1,0.6,1.5,2.0,21.5,,2019
33.0,Klay Thompson,31.0,GSW,SG,32.0,32.0,29.4,7.7,17.9,0.429,3.6,9.3,0.385,4.1,8.7,0.477,0.529,1.4,1.6,0.902,0.5,3.4,3.9,2.8,0.5,0.5,1.3,1.7,20.4,,2022
36.0,Klay Thompson,32.0,GSW,SF,69.0,69.0,33.0,7.9,18.1,0.436,4.4,10.6,0.412,3.6,7.6,0.47,0.556,1.7,1.9,0.879,0.6,3.6,4.1,2.4,0.7,0.4,1.8,1.9,21.9,,2023
67.0,Klay Thompson,33.0,GSW,SF,77.0,63.0,29.7,6.4,14.7,0.432,3.5,9.0,0.387,2.9,5.7,0.503,0.551,1.6,1.8,0.927,0.5,2.8,3.3,2.3,0.6,0.5,1.5,1.6,17.9,,2024
114.0,Klay Thompson,34.0,DAL,SF,72.0,72.0,27.3,5.0,12.2,0.412,3.0,7.7,0.391,2.0,4.5,0.448,0.535,0.9,1.0,0.905,0.6,2.8,3.4,2.0,0.7,0.4,1.2,1.1,14.0,,2025
10.0,Kobe Bryant,36.0,LAL,SG,35.0,35.0,34.5,7.6,20.4,0.373,1.5,5.3,0.293,6.1,15.1,0.401,0.411,5.6,6.9,0.813,0.7,4.9,5.7,5.6,1.3,0.2,3.7,1.9,22.3,,2015
37.0,Kobe Bryant,37.0,LAL,SF,66.0,66.0,28.2,6.0,16.9,0.358,2.0,7.1,0.285,4.0,9.8,0.41,0.417,3.5,4.3,0.826,0.6,3.1,3.7,2.8,0.9,0.2,2.0,1.7,17.6,,2016
296.0,Kobi Simmons,20.0,MEM,PG,32.0,12.0,20.1,2.5,5.9,0.423,0.3,1.2,0.282,2.2,4.7,0.46,0.452,0.8,0.8,1.0,0.4,1.1,1.6,2.1,0.6,0.2,1.4,1.9,6.1,,2018
347.0,Kobi Simmons,26.0,TOR,PG,4.0,0.0,16.8,2.3,5.3,0.429,0.5,2.0,0.25,1.8,3.3,0.538,0.476,0.0,0.0,,0.3,1.5,1.8,3.0,1.5,0.5,0.3,1.3,5.0,,2024
317.0,Kosta Koufos,25.0,MEM,C,81.0,3.0,16.6,2.2,4.4,0.508,0.0,0.0,,2.2,4.4,0.508,0.508,0.7,1.0,0.647,1.5,3.8,5.3,0.5,0.4,0.8,0.9,1.8,5.2,,2015
252.0,Kosta Koufos,26.0,SAC,C,78.0,14.0,19.0,3.0,5.7,0.532,0.0,0.0,,3.0,5.7,0.532,0.532,0.7,1.3,0.548,2.2,3.3,5.4,0.4,0.5,0.9,0.6,2.4,6.8,,2016
256.0,Kosta Koufos,27.0,SAC,C,71.0,62.0,20.0,3.0,5.5,0.551,0.0,0.0,0.0,3.0,5.5,0.552,0.551,0.5,0.9,0.613,1.7,4.0,5.7,0.7,0.5,0.7,0.9,2.4,6.6,,2017
274.0,Kosta Koufos,28.0,SAC,C,71.0,12.0,19.6,3.1,5.5,0.571,0.0,0.0,,3.1,5.5,0.571,0.571,0.5,1.0,0.446,2.1,4.5,6.6,1.2,0.7,0.5,0.7,2.1,6.7,,2018
362.0,Kostas Papanikolaou,24.0,HOU,SF,43.0,1.0,18.5,1.6,4.6,0.35,0.7,2.5,0.292,0.9,2.1,0.418,0.429,0.3,0.4,0.722,0.9,1.8,2.7,2.0,0.7,0.3,1.3,1.7,4.2,,2015
376.0,Kris Dunn,22.0,MIN,PG,78.0,7.0,17.1,1.5,4.0,0.377,0.3,0.9,0.288,1.2,3.1,0.404,0.411,0.5,0.8,0.61,0.3,1.8,2.1,2.4,1.0,0.5,1.1,2.3,3.8,,2017
97.0,Kris Dunn,23.0,CHI,PG,52.0,43.0,29.3,5.5,12.8,0.429,0.8,2.6,0.321,4.7,10.2,0.457,0.462,1.6,2.2,0.737,0.5,3.8,4.3,6.0,2.0,0.5,2.9,3.3,13.4,,2018
141.0,Kris Dunn,24.0,CHI,PG,46.0,44.0,30.2,4.7,11.0,0.425,0.7,2.1,0.354,3.9,8.9,0.441,0.458,1.2,1.5,0.797,0.4,3.7,4.1,6.0,1.5,0.5,2.3,3.6,11.3,,2019
257.0,Kris Dunn,25.0,CHI,PG,51.0,32.0,24.9,3.0,6.7,0.444,0.6,2.2,0.259,2.4,4.5,0.535,0.487,0.8,1.1,0.741,0.5,3.2,3.6,3.4,2.0,0.3,1.3,3.1,7.3,,2020
267.0,Kris Dunn,27.0,POR,PG,14.0,3.0,24.0,3.1,7.3,0.431,0.1,0.8,0.091,3.1,6.5,0.473,0.436,1.2,1.3,0.944,0.6,2.9,3.5,5.6,1.6,0.2,2.3,2.7,7.6,,2022
118.0,Kris Dunn,28.0,UTA,PG,22.0,3.0,25.8,5.3,9.8,0.537,0.8,1.6,0.472,4.5,8.2,0.55,0.576,1.9,2.4,0.774,0.4,4.1,4.5,5.6,1.1,0.5,1.6,2.6,13.2,,2023
320.0,Kris Dunn,29.0,UTA,PG,66.0,32.0,18.9,2.2,4.7,0.47,0.6,1.7,0.369,1.6,3.1,0.525,0.535,0.3,0.5,0.688,0.8,2.1,2.9,3.8,1.0,0.4,1.2,2.0,5.4,,2024
327.0,Kris Dunn,30.0,LAC,PG,74.0,58.0,24.1,2.6,5.9,0.439,1.0,3.0,0.335,1.6,2.9,0.549,0.525,0.2,0.3,0.682,0.7,2.7,3.4,2.8,1.7,0.4,1.0,2.7,6.4,,2025
206.0,Kris Humphries,29.0,WAS,PF,64.0,17.0,21.0,3.3,7.0,0.473,0.0,0.1,0.0,3.3,6.9,0.481,0.473,1.4,1.8,0.744,1.8,4.7,6.5,0.9,0.5,0.4,0.7,2.0,8.0,,2015
256.0,Kris Humphries,30.0,WAS,PF,28.0,14.0,16.6,2.3,5.6,0.405,0.8,2.4,0.343,1.5,3.3,0.451,0.478,1.0,1.1,0.935,0.9,3.2,4.1,0.6,0.1,0.5,0.7,1.5,6.4,,2016
298.0,Kris Murray,23.0,POR,SF,62.0,29.0,21.7,2.3,5.9,0.396,0.8,3.0,0.268,1.5,3.0,0.525,0.463,0.6,0.9,0.661,1.4,2.2,3.6,1.3,0.9,0.3,0.9,1.5,6.1,,2024
416.0,Kris Murray,24.0,POR,SF,69.0,6.0,15.1,1.7,4.0,0.419,0.4,1.7,0.225,1.3,2.3,0.566,0.468,0.4,0.8,0.456,1.1,1.5,2.6,1.0,0.5,0.2,0.6,1.0,4.2,,2025
70.0,Kristaps Porziņģis,20.0,NYK,PF,72.0,72.0,28.4,5.2,12.3,0.421,1.1,3.4,0.333,4.1,8.9,0.454,0.467,2.8,3.3,0.838,1.8,5.5,7.3,1.3,0.7,1.9,1.7,2.8,14.3,,2016
43.0,Kristaps Porziņģis,21.0,NYK,PF,66.0,65.0,32.8,6.7,14.9,0.45,1.7,4.8,0.357,5.0,10.2,0.493,0.507,3.0,3.8,0.786,1.7,5.5,7.2,1.5,0.7,2.0,1.8,3.7,18.1,,2017
16.0,Kristaps Porziņģis,22.0,NYK,PF,48.0,48.0,32.4,8.1,18.5,0.439,1.9,4.8,0.395,6.3,13.8,0.454,0.489,4.5,5.7,0.793,1.3,5.3,6.6,1.2,0.8,2.4,1.9,2.9,22.7,,2018
32.0,Kristaps Porziņģis,24.0,DAL,C,57.0,57.0,31.8,7.0,16.4,0.427,2.5,7.1,0.352,4.5,9.3,0.484,0.503,4.0,5.0,0.799,1.8,7.7,9.5,1.8,0.7,2.0,1.6,3.2,20.4,,2020
43.0,Kristaps Porziņģis,25.0,DAL,C,43.0,43.0,30.9,7.6,15.9,0.476,2.3,6.0,0.376,5.3,9.9,0.536,0.547,2.7,3.2,0.855,1.9,7.0,8.9,1.6,0.5,1.3,1.2,2.7,20.1,,2021
35.0,Kristaps Porziņģis,26.0,WAS,PF,17.0,17.0,28.2,7.2,15.2,0.475,1.7,4.6,0.367,5.5,10.6,0.522,0.531,5.9,6.8,0.871,2.2,6.6,8.8,2.9,0.7,1.5,1.6,2.9,22.1,,2022
32.0,Kristaps Porziņģis,27.0,WAS,C,65.0,65.0,32.6,7.8,15.7,0.498,2.1,5.5,0.385,5.7,10.2,0.559,0.565,5.4,6.4,0.851,1.8,6.6,8.4,2.7,0.9,1.5,2.1,3.0,23.2,,2023
49.0,Kristaps Porziņģis,28.0,BOS,C,57.0,57.0,29.6,6.8,13.2,0.516,1.9,5.1,0.375,4.9,8.1,0.606,0.589,4.5,5.3,0.858,1.7,5.5,7.2,2.0,0.7,1.9,1.6,2.7,20.1,,2024
51.0,Kristaps Porziņģis,29.0,BOS,C,42.0,42.0,28.8,6.6,13.7,0.483,2.5,6.0,0.412,4.1,7.7,0.537,0.572,3.8,4.7,0.809,1.6,5.1,6.8,2.1,0.7,1.5,1.3,2.8,19.5,,2025
249.0,Ky Bowman,22.0,GSW,PG,45.0,12.0,22.6,3.0,7.1,0.417,0.7,2.4,0.308,2.2,4.8,0.472,0.469,0.8,0.9,0.829,0.5,2.2,2.7,2.9,1.0,0.2,1.6,2.3,7.4,,2020
335.0,Kyle Anderson,22.0,SAS,SF,78.0,11.0,16.0,1.8,3.8,0.468,0.2,0.5,0.324,1.6,3.3,0.488,0.488,0.8,1.1,0.747,0.3,2.8,3.1,1.6,0.8,0.4,0.8,1.2,4.5,,2016
224.0,Kyle Anderson,24.0,SAS,SF,74.0,67.0,26.7,3.1,5.9,0.527,0.3,0.8,0.333,2.9,5.1,0.556,0.549,1.4,2.0,0.712,1.1,4.2,5.4,2.7,1.6,0.8,1.3,1.5,7.9,,2018
227.0,Kyle Anderson,25.0,MEM,SF,43.0,40.0,29.8,3.5,6.4,0.543,0.2,0.8,0.265,3.3,5.6,0.583,0.56,0.9,1.5,0.578,1.1,4.7,5.8,3.0,1.3,0.9,1.3,2.6,8.0,,2019
316.0,Kyle Anderson,26.0,MEM,SF,67.0,28.0,19.9,2.3,4.9,0.474,0.4,1.3,0.282,2.0,3.7,0.541,0.511,0.8,1.2,0.667,0.9,3.4,4.3,2.4,0.8,0.6,1.0,1.7,5.8,,2020
136.0,Kyle Anderson,27.0,MEM,PF,69.0,69.0,27.3,4.5,9.5,0.468,1.4,3.8,0.36,3.1,5.8,0.539,0.54,2.1,2.7,0.783,0.8,5.0,5.7,3.6,1.2,0.8,1.2,1.7,12.4,,2021
266.0,Kyle Anderson,28.0,MEM,PF,69.0,11.0,21.5,3.0,6.8,0.446,0.5,1.6,0.33,2.5,5.2,0.481,0.484,1.0,1.5,0.638,1.0,4.3,5.3,2.7,1.1,0.7,1.0,1.6,7.6,,2022
195.0,Kyle Anderson,29.0,MIN,PF,69.0,46.0,28.4,3.7,7.2,0.509,0.6,1.5,0.41,3.0,5.7,0.536,0.553,1.4,2.0,0.735,1.0,4.4,5.3,4.9,1.1,0.9,1.5,2.1,9.4,,2023
287.0,Kyle Anderson,30.0,MIN,PF,79.0,10.0,22.6,2.5,5.5,0.46,0.1,0.6,0.229,2.4,4.9,0.488,0.472,1.2,1.7,0.708,0.8,2.7,3.5,4.2,0.9,0.6,1.2,1.6,6.4,,2024
349.0,Kyle Anderson,31.0,MIA,SF,25.0,1.0,18.4,2.6,5.4,0.493,0.2,0.7,0.333,2.4,4.6,0.517,0.515,1.2,1.5,0.789,1.0,2.8,3.8,2.6,0.6,0.5,0.7,1.6,6.7,,2025
427.0,Kyle Collinsworth,26.0,DAL,SF,32.0,2.0,15.0,1.2,3.1,0.384,0.1,0.5,0.235,1.1,2.6,0.415,0.404,0.7,1.3,0.525,1.0,2.3,3.3,1.8,0.5,0.3,0.8,1.4,3.2,,2018
202.0,Kyle Filipowski,21.0,UTA,C,72.0,27.0,21.1,3.6,7.2,0.502,1.1,3.1,0.35,2.5,4.1,0.614,0.576,1.3,2.0,0.65,1.6,4.6,6.1,1.9,0.7,0.3,1.4,2.4,9.6,,2025
105.0,Kyle Korver,33.0,ATL,SG,75.0,75.0,32.2,3.9,8.0,0.487,2.9,6.0,0.492,0.9,2.0,0.47,0.671,1.4,1.6,0.898,0.2,3.9,4.1,2.6,0.7,0.6,1.4,1.9,12.1,,2015
171.0,Kyle Korver,34.0,ATL,SG,80.0,80.0,30.0,3.4,7.7,0.435,2.0,5.0,0.398,1.4,2.7,0.502,0.563,0.6,0.7,0.833,0.2,3.1,3.3,2.1,0.8,0.4,1.2,2.0,9.2,,2016
146.0,Kyle Korver,35.0,CLE,SG,35.0,1.0,24.5,3.7,7.7,0.487,2.8,5.7,0.485,1.0,2.0,0.493,0.667,0.4,0.4,0.933,0.2,2.6,2.8,1.0,0.3,0.2,0.8,1.7,10.7,,2017
188.0,Kyle Korver,36.0,CLE,SG,73.0,4.0,21.6,3.0,6.6,0.459,2.2,5.2,0.436,0.8,1.5,0.537,0.628,0.9,1.0,0.889,0.1,2.1,2.3,1.2,0.4,0.4,0.8,1.8,9.2,,2018
209.0,Kyle Korver,37.0,UTA,SG,54.0,0.0,20.1,3.1,7.5,0.408,2.1,5.4,0.384,1.0,2.1,0.469,0.547,0.9,1.1,0.825,0.2,2.3,2.5,1.2,0.4,0.2,0.8,1.6,9.1,,2019
278.0,Kyle Korver,38.0,MIL,SF,58.0,1.0,16.6,2.2,5.1,0.43,1.7,4.1,0.418,0.5,1.0,0.482,0.599,0.6,0.7,0.854,0.3,1.8,2.1,1.2,0.4,0.2,0.8,1.3,6.7,,2020
59.0,Kyle Kuzma,22.0,LAL,PF,77.0,37.0,31.2,6.1,13.5,0.45,2.1,5.6,0.366,4.0,7.9,0.511,0.527,1.9,2.7,0.707,1.1,5.1,6.3,1.8,0.6,0.4,1.8,2.1,16.1,,2018
41.0,Kyle Kuzma,23.0,LAL,PF,70.0,68.0,33.1,7.1,15.5,0.456,1.8,6.0,0.303,5.3,9.5,0.553,0.515,2.7,3.6,0.752,0.9,4.6,5.5,2.5,0.6,0.4,1.9,2.4,18.7,,2019
114.0,Kyle Kuzma,24.0,LAL,PF,61.0,9.0,25.0,4.8,11.0,0.436,1.4,4.5,0.316,3.4,6.5,0.518,0.5,1.9,2.5,0.735,0.9,3.6,4.5,1.3,0.5,0.4,1.5,2.1,12.8,,2020
125.0,Kyle Kuzma,25.0,LAL,SF,68.0,32.0,28.7,4.9,11.1,0.443,2.0,5.6,0.361,2.9,5.5,0.525,0.533,1.0,1.4,0.691,1.6,4.5,6.1,1.9,0.5,0.6,1.7,1.8,12.9,,2021
67.0,Kyle Kuzma,26.0,WAS,PF,66.0,66.0,33.4,6.4,14.2,0.452,1.9,5.7,0.341,4.5,8.5,0.526,0.52,2.4,3.3,0.712,1.1,7.4,8.5,3.5,0.6,0.9,2.6,1.9,17.1,,2022
40.0,Kyle Kuzma,27.0,WAS,PF,64.0,64.0,35.0,8.0,17.8,0.448,2.5,7.5,0.333,5.5,10.3,0.533,0.518,2.7,3.7,0.73,0.9,6.4,7.2,3.7,0.6,0.5,3.0,2.3,21.2,,2023
36.0,Kyle Kuzma,28.0,WAS,PF,70.0,70.0,32.6,8.7,18.8,0.463,2.2,6.4,0.336,6.5,12.3,0.53,0.521,2.7,3.4,0.775,0.9,5.7,6.6,4.2,0.5,0.7,2.7,2.2,22.2,,2024
96.0,Kyle Kuzma,29.0,WAS,PF,32.0,30.0,27.7,6.0,14.2,0.42,1.4,5.0,0.281,4.6,9.2,0.495,0.469,1.8,3.1,0.602,0.8,4.9,5.8,2.5,0.6,0.2,2.3,1.6,15.2,,2025
27.0,Kyle Lowry,28.0,TOR,PG,70.0,70.0,34.5,6.1,14.9,0.412,1.9,5.6,0.338,4.3,9.3,0.457,0.476,3.6,4.5,0.808,0.8,3.9,4.7,6.8,1.6,0.2,2.5,3.0,17.8,,2015
16.0,Kyle Lowry,29.0,TOR,PG,77.0,77.0,37.0,6.6,15.6,0.427,2.8,7.1,0.388,3.9,8.5,0.461,0.516,5.2,6.4,0.811,0.7,4.0,4.7,6.4,2.1,0.4,2.9,2.7,21.2,,2016
23.0,Kyle Lowry,30.0,TOR,PG,60.0,60.0,37.4,7.1,15.3,0.464,3.2,7.8,0.412,3.9,7.5,0.518,0.569,5.0,6.1,0.819,0.8,4.0,4.8,7.0,1.5,0.3,2.9,2.8,22.4,,2017
57.0,Kyle Lowry,31.0,TOR,PG,78.0,78.0,32.2,5.2,12.1,0.427,3.1,7.6,0.399,2.1,4.5,0.474,0.553,2.9,3.3,0.854,0.8,4.7,5.6,6.9,1.1,0.2,2.3,2.5,16.2,,2018
90.0,Kyle Lowry,32.0,TOR,PG,65.0,65.0,34.0,4.7,11.4,0.411,2.4,7.0,0.347,2.3,4.4,0.514,0.518,2.5,3.0,0.83,0.6,4.2,4.8,8.7,1.4,0.5,2.8,2.6,14.2,,2019
42.0,Kyle Lowry,33.0,TOR,PG,58.0,58.0,36.2,5.8,13.8,0.416,2.8,8.0,0.352,2.9,5.8,0.504,0.518,5.1,5.9,0.857,0.6,4.5,5.0,7.5,1.4,0.4,3.1,3.3,19.4,,2020
64.0,Kyle Lowry,34.0,TOR,PG,46.0,46.0,34.8,5.7,13.0,0.436,2.8,7.2,0.396,2.8,5.8,0.487,0.546,3.0,3.5,0.875,0.8,4.6,5.4,7.3,1.0,0.3,2.7,3.1,17.2,,2021
112.0,Kyle Lowry,35.0,MIA,PG,63.0,63.0,33.9,4.4,10.0,0.44,2.3,6.1,0.377,2.1,3.9,0.539,0.555,2.3,2.8,0.851,0.5,4.0,4.5,7.5,1.1,0.3,2.7,2.8,13.4,,2022
151.0,Kyle Lowry,36.0,MIA,PG,55.0,44.0,31.2,3.6,8.8,0.404,1.9,5.6,0.345,1.6,3.2,0.509,0.514,2.1,2.5,0.859,0.8,3.3,4.1,5.1,1.0,0.4,1.9,2.6,11.2,,2023
223.0,Kyle Lowry,37.0,PHI,PG,23.0,20.0,28.4,2.6,5.9,0.444,1.6,3.9,0.404,1.0,2.0,0.522,0.578,1.2,1.4,0.848,0.4,2.4,2.8,4.6,0.9,0.3,1.4,2.3,8.0,,2024
433.0,Kyle Lowry,38.0,PHI,PG,35.0,12.0,18.8,1.2,3.3,0.35,0.8,2.5,0.33,0.3,0.8,0.414,0.474,0.8,0.9,0.818,0.3,1.6,1.9,2.7,0.9,0.3,0.6,1.8,3.9,,2025
289.0,Kyle O'Quinn,24.0,ORL,PF,51.0,17.0,16.2,2.3,4.7,0.492,0.2,0.8,0.279,2.1,3.9,0.538,0.517,0.9,1.1,0.772,0.9,3.0,3.9,1.2,0.6,0.8,1.1,2.2,5.8,,2015
267.0,Kyle O'Quinn,26.0,NYK,C,79.0,8.0,15.6,2.7,5.2,0.521,0.0,0.2,0.118,2.7,5.0,0.538,0.523,0.8,1.1,0.771,2.0,3.6,5.6,1.5,0.5,1.3,1.0,2.2,6.3,,2017
255.0,Kyle O'Quinn,27.0,NYK,C,77.0,10.0,18.0,2.9,5.0,0.583,0.1,0.2,0.235,2.9,4.8,0.599,0.589,1.3,1.6,0.772,1.6,4.5,6.1,2.1,0.5,1.3,1.3,2.5,7.1,,2018
277.0,Kyle Singler,26.0,OKC,SF,26.0,18.0,17.5,1.2,3.7,0.333,0.8,2.1,0.37,0.5,1.6,0.286,0.438,0.4,0.6,0.688,0.4,1.7,2.1,0.7,0.5,0.3,0.5,2.1,3.7,,2015
465.0,Kylor Kelley,27.0,NOP,C,3.0,1.0,19.7,1.3,3.0,0.444,0.0,0.0,,1.3,3.0,0.444,0.444,0.7,1.3,0.5,1.3,4.7,6.0,1.0,0.3,0.3,1.0,2.3,3.3,,2025
12.0,Kyrie Irving,22.0,CLE,PG,75.0,75.0,36.4,7.7,16.5,0.468,2.1,5.0,0.415,5.6,11.4,0.491,0.532,4.2,4.9,0.863,0.7,2.4,3.2,5.2,1.5,0.3,2.5,1.9,21.7,,2015
25.0,Kyrie Irving,23.0,CLE,PG,53.0,53.0,31.5,7.4,16.6,0.448,1.6,4.9,0.321,5.8,11.6,0.502,0.496,3.2,3.6,0.885,0.8,2.1,3.0,4.7,1.1,0.3,2.3,2.0,19.6,,2016
11.0,Kyrie Irving,24.0,CLE,PG,72.0,72.0,35.1,9.3,19.7,0.473,2.5,6.1,0.401,6.9,13.6,0.505,0.535,4.1,4.6,0.905,0.7,2.5,3.2,5.8,1.2,0.3,2.5,2.2,25.2,,2017
11.0,Kyrie Irving,25.0,BOS,PG,60.0,60.0,32.2,8.9,18.1,0.491,2.8,6.8,0.408,6.1,11.3,0.541,0.568,3.9,4.4,0.889,0.6,3.2,3.8,5.1,1.1,0.3,2.3,2.0,24.4,,2018
16.0,Kyrie Irving,26.0,BOS,PG,67.0,67.0,33.0,9.0,18.5,0.487,2.6,6.5,0.401,6.4,12.0,0.533,0.557,3.2,3.7,0.873,1.1,3.9,5.0,6.9,1.5,0.5,2.6,2.5,23.8,,2019
7.0,Kyrie Irving,27.0,BRK,PG,20.0,20.0,32.9,10.0,20.8,0.478,2.8,7.1,0.394,7.2,13.7,0.522,0.546,4.7,5.1,0.922,1.1,4.1,5.2,6.4,1.4,0.5,2.6,2.7,27.4,,2020
10.0,Kyrie Irving,28.0,BRK,PG,54.0,54.0,34.9,10.2,20.1,0.506,2.8,7.0,0.402,7.4,13.1,0.561,0.576,3.7,4.0,0.922,1.0,3.8,4.8,6.0,1.4,0.7,2.4,2.6,26.9,,2021
8.0,Kyrie Irving,29.0,BRK,PG,29.0,29.0,37.6,10.0,21.2,0.469,3.4,8.2,0.418,6.5,13.0,0.501,0.55,4.1,4.4,0.915,0.6,3.8,4.4,5.8,1.4,0.6,2.5,2.8,27.4,,2022
12.0,Kyrie Irving,30.0,DAL,SG,20.0,20.0,38.2,9.8,19.2,0.51,2.9,7.4,0.392,6.9,11.8,0.585,0.586,4.5,4.7,0.947,1.1,4.0,5.0,6.0,1.3,0.6,1.9,2.8,27.0,,2023
17.0,Kyrie Irving,31.0,DAL,SG,58.0,58.0,35.0,9.7,19.5,0.497,3.0,7.3,0.411,6.7,12.2,0.548,0.573,3.3,3.6,0.905,0.8,4.2,5.0,5.2,1.3,0.5,1.8,1.9,25.6,,2024
16.0,Kyrie Irving,32.0,DAL,SG,50.0,50.0,36.1,8.9,18.9,0.473,2.9,7.2,0.401,6.1,11.7,0.517,0.549,3.9,4.3,0.916,1.2,3.6,4.8,4.6,1.3,0.5,2.2,2.0,24.7,,2025
242.0,Kyshawn George,21.0,WAS,SG,68.0,38.0,26.5,3.0,8.0,0.372,1.7,5.2,0.322,1.3,2.8,0.464,0.476,1.0,1.4,0.753,0.7,3.5,4.2,2.5,1.0,0.7,1.4,3.0,8.7,,2025
9.0,LaMarcus Aldridge,29.0,POR,PF,71.0,71.0,35.4,9.3,19.9,0.466,0.5,1.5,0.352,8.8,18.5,0.475,0.479,4.3,5.1,0.845,2.5,7.7,10.2,1.7,0.7,1.0,1.7,1.8,23.4,,2015
36.0,LaMarcus Aldridge,30.0,SAS,PF,74.0,74.0,30.6,7.2,14.1,0.513,0.0,0.2,0.0,7.2,13.9,0.521,0.513,3.5,4.1,0.858,2.4,6.2,8.5,1.5,0.5,1.1,1.3,2.0,18.0,,2016
47.0,LaMarcus Aldridge,31.0,SAS,PF,72.0,72.0,32.4,6.9,14.6,0.477,0.3,0.8,0.411,6.6,13.8,0.48,0.488,3.1,3.8,0.812,2.4,4.9,7.3,1.9,0.6,1.2,1.4,2.2,17.3,,2017
12.0,LaMarcus Aldridge,32.0,SAS,C,75.0,75.0,33.5,9.2,18.0,0.51,0.4,1.2,0.293,8.8,16.7,0.526,0.52,4.5,5.3,0.837,3.3,5.2,8.5,2.0,0.6,1.2,1.5,2.1,23.1,,2018
22.0,LaMarcus Aldridge,33.0,SAS,C,81.0,81.0,33.2,8.4,16.3,0.519,0.1,0.5,0.238,8.3,15.8,0.528,0.522,4.3,5.1,0.847,3.1,6.1,9.2,2.4,0.5,1.3,1.8,2.2,21.3,,2019
46.0,LaMarcus Aldridge,34.0,SAS,C,53.0,53.0,33.1,7.4,15.0,0.493,1.2,3.0,0.389,6.2,12.0,0.519,0.532,3.0,3.6,0.827,1.9,5.5,7.4,2.4,0.7,1.6,1.4,2.4,18.9,,2020
111.0,LaMarcus Aldridge,35.0,SAS,C,21.0,18.0,25.9,5.5,11.8,0.464,1.3,3.6,0.36,4.2,8.2,0.509,0.518,1.5,1.8,0.838,0.8,3.7,4.5,1.7,0.4,0.9,1.0,1.7,13.7,,2021
120.0,LaMarcus Aldridge,36.0,BRK,C,47.0,12.0,22.3,5.4,9.7,0.55,0.3,1.0,0.304,5.1,8.8,0.578,0.566,1.9,2.2,0.873,1.6,3.9,5.5,0.9,0.3,1.0,0.9,1.7,12.9,,2022
78.0,LaMelo Ball,19.0,CHO,PG,51.0,31.0,28.8,5.7,13.2,0.436,1.8,5.1,0.352,3.9,8.1,0.489,0.504,2.5,3.2,0.758,1.2,4.7,5.9,6.1,1.6,0.4,2.8,2.7,15.7,,2021
37.0,LaMelo Ball,20.0,CHO,PG,75.0,75.0,32.3,7.2,16.7,0.429,2.9,7.5,0.389,4.2,9.2,0.462,0.517,2.8,3.2,0.872,1.4,5.2,6.7,7.6,1.6,0.4,3.3,3.2,20.1,,2022
30.0,LaMelo Ball,21.0,CHO,PG,36.0,36.0,35.2,8.2,20.0,0.411,4.0,10.6,0.376,4.2,9.4,0.45,0.51,2.8,3.4,0.836,1.2,5.3,6.4,8.4,1.3,0.3,3.6,3.3,23.3,,2023
23.0,LaMelo Ball,22.0,CHO,PG,22.0,22.0,32.3,8.3,19.2,0.433,3.2,9.0,0.355,5.1,10.3,0.5,0.515,4.1,4.7,0.865,1.3,3.8,5.1,8.0,1.8,0.2,3.8,3.6,23.9,,2024
13.0,LaMelo Ball,23.0,CHO,PG,47.0,47.0,32.0,8.6,21.3,0.405,3.8,11.2,0.339,4.8,10.1,0.478,0.494,4.1,4.9,0.843,1.0,3.9,4.9,7.4,1.1,0.3,3.6,3.3,25.2,,2025
338.0,Lamar Stevens,24.0,CLE,PF,63.0,13.0,16.1,2.5,5.1,0.489,0.3,1.0,0.277,2.2,4.0,0.543,0.517,0.8,1.2,0.707,0.7,1.9,2.6,0.7,0.5,0.3,0.7,1.7,6.1,,2022
348.0,Lamar Stevens,25.0,CLE,SF,62.0,25.0,18.1,2.1,4.6,0.448,0.5,1.5,0.316,1.6,3.1,0.513,0.5,0.6,0.9,0.702,0.8,2.6,3.3,0.5,0.4,0.3,0.4,1.3,5.3,,2023
247.0,Lamar Stevens,26.0,MEM,PF,19.0,2.0,23.0,4.6,10.3,0.446,0.6,2.0,0.289,4.0,8.3,0.484,0.474,1.8,2.3,0.791,1.3,3.8,5.1,1.1,0.9,0.9,0.8,1.6,11.5,,2024
204.0,Lance Stephenson,24.0,CHO,SG,61.0,25.0,25.8,3.4,9.0,0.376,0.3,1.7,0.171,3.1,7.3,0.425,0.393,1.1,1.8,0.627,0.6,3.9,4.5,3.9,0.6,0.1,2.1,2.2,8.2,,2015
199.0,Lance Stephenson,25.0,MEM,SF,26.0,3.0,26.6,5.6,11.8,0.474,0.4,1.2,0.355,5.2,10.7,0.487,0.492,2.5,3.1,0.815,0.8,3.6,4.4,2.8,0.7,0.2,1.8,2.2,14.2,,2016
240.0,Lance Stephenson,26.0,NOP,SG,6.0,0.0,27.0,4.3,9.2,0.473,0.2,1.7,0.1,4.2,7.5,0.556,0.482,0.8,1.3,0.625,0.5,2.5,3.0,4.8,0.3,0.2,1.8,3.0,9.7,,2017
189.0,Lance Stephenson,27.0,IND,SG,82.0,7.0,22.6,3.7,8.6,0.427,0.8,2.8,0.289,2.9,5.8,0.495,0.475,1.0,1.5,0.661,0.8,4.4,5.2,2.9,0.6,0.2,1.6,2.2,9.2,,2018
260.0,Lance Stephenson,28.0,LAL,SG,68.0,3.0,16.5,2.7,6.4,0.426,1.1,2.9,0.371,1.6,3.5,0.472,0.51,0.7,1.1,0.685,0.5,2.7,3.2,2.1,0.6,0.1,1.3,1.6,7.2,,2019
238.0,Lance Stephenson,31.0,IND,PG,40.0,1.0,18.6,3.6,7.8,0.458,0.7,2.2,0.31,2.9,5.6,0.516,0.502,1.6,2.0,0.795,0.3,2.5,2.8,3.9,0.6,0.1,1.7,2.2,9.3,,2022
241.0,Lance Thomas,26.0,OKC,SF,22.0,13.0,20.5,2.0,5.7,0.357,0.0,0.0,0.0,2.0,5.7,0.36,0.357,1.0,1.5,0.697,1.3,2.1,3.4,0.9,0.5,0.0,0.8,1.7,5.1,,2015
201.0,Lance Thomas,27.0,NYK,PF,59.0,5.0,22.3,2.9,6.5,0.442,0.7,1.8,0.404,2.1,4.6,0.458,0.5,1.7,2.0,0.857,0.6,1.6,2.2,0.9,0.4,0.1,1.0,1.8,8.2,,2016
288.0,Lance Thomas,28.0,NYK,PF,46.0,15.0,21.0,2.1,5.3,0.398,0.8,1.8,0.447,1.3,3.5,0.371,0.475,0.9,1.1,0.843,0.7,2.4,3.1,0.8,0.5,0.1,0.5,1.8,6.0,,2017
392.0,Lance Thomas,29.0,NYK,PF,73.0,31.0,18.5,1.4,3.7,0.382,0.7,1.7,0.403,0.7,2.0,0.364,0.476,0.6,0.7,0.83,0.6,1.8,2.4,0.6,0.4,0.2,0.5,1.8,4.1,,2018
380.0,Lance Thomas,30.0,NYK,PF,46.0,17.0,17.0,1.7,4.3,0.396,0.5,1.7,0.278,1.2,2.6,0.475,0.452,0.6,0.8,0.75,0.5,2.1,2.5,0.6,0.4,0.2,0.5,1.8,4.5,,2019
197.0,Landry Shamet,21.0,PHI,SG,54.0,4.0,20.5,2.8,6.4,0.441,1.8,4.5,0.404,1.0,1.9,0.529,0.584,0.8,1.0,0.815,0.3,1.2,1.4,1.1,0.4,0.1,0.5,2.0,8.3,,2019
195.0,Landry Shamet,22.0,LAC,SG,53.0,30.0,27.4,3.0,7.4,0.404,2.1,5.6,0.375,0.9,1.8,0.495,0.546,1.2,1.4,0.855,0.1,1.8,1.9,1.9,0.4,0.2,0.8,2.7,9.3,,2020
203.0,Landry Shamet,23.0,BRK,SG,61.0,12.0,23.0,3.0,7.5,0.408,2.1,5.5,0.387,0.9,2.0,0.463,0.549,1.1,1.3,0.846,0.2,1.7,1.8,1.6,0.5,0.2,0.8,1.5,9.3,,2021
243.0,Landry Shamet,24.0,PHO,SG,69.0,14.0,20.8,2.8,7.0,0.394,1.8,4.8,0.368,1.0,2.2,0.45,0.521,1.0,1.2,0.84,0.2,1.6,1.8,1.6,0.4,0.1,0.6,1.3,8.3,,2022
226.0,Landry Shamet,25.0,PHO,SG,40.0,9.0,20.2,2.8,7.5,0.377,1.9,5.0,0.377,1.0,2.5,0.376,0.502,1.1,1.3,0.882,0.3,1.4,1.7,2.3,0.7,0.1,0.9,1.5,8.7,,2023
253.0,Landry Shamet,26.0,WAS,SG,46.0,5.0,15.8,2.6,6.0,0.431,1.2,3.4,0.338,1.4,2.5,0.556,0.527,0.8,1.0,0.826,0.3,1.0,1.3,1.2,0.5,0.2,0.7,1.7,7.1,,2024
360.0,Landry Shamet,27.0,NYK,SG,50.0,0.0,15.2,2.1,4.6,0.461,1.2,3.1,0.397,0.9,1.5,0.595,0.596,0.2,0.4,0.667,0.2,1.0,1.2,0.5,0.5,0.0,0.4,1.0,5.7,,2025
118.0,Langston Galloway,23.0,NYK,PG,45.0,41.0,32.4,4.5,11.4,0.399,1.4,3.9,0.352,3.2,7.4,0.424,0.46,1.4,1.7,0.808,0.8,3.4,4.2,3.3,1.2,0.3,1.4,2.9,11.8,,2015
215.0,Langston Galloway,24.0,NYK,PG,82.0,7.0,24.8,2.8,7.2,0.393,0.9,2.7,0.344,1.9,4.4,0.423,0.458,1.0,1.4,0.754,0.5,3.0,3.5,2.5,0.9,0.3,0.7,2.2,7.6,,2016
206.0,Langston Galloway,25.0,SAC,PG,19.0,2.0,19.7,2.2,5.5,0.404,1.0,2.1,0.475,1.2,3.4,0.359,0.495,0.6,0.6,0.917,0.4,1.5,1.8,1.5,0.3,0.1,0.9,1.1,6.0,,2017
215.0,Langston Galloway,27.0,DET,SG,80.0,4.0,21.8,2.9,7.3,0.388,1.7,4.8,0.355,1.2,2.6,0.449,0.503,1.0,1.2,0.844,0.6,1.5,2.1,1.1,0.5,0.1,0.3,1.7,8.4,,2019
169.0,Langston Galloway,28.0,DET,SG,66.0,6.0,25.8,3.6,8.2,0.435,2.0,5.0,0.399,1.6,3.2,0.493,0.557,1.1,1.3,0.859,0.5,1.8,2.3,1.5,0.7,0.2,0.6,1.5,10.3,,2020
523.0,Langston Galloway,30.0,MIL,SG,3.0,0.0,16.3,0.3,4.3,0.077,0.0,2.7,0.0,0.3,1.7,0.2,0.077,0.0,0.0,,0.7,2.7,3.3,2.3,0.3,0.0,0.3,0.7,0.7,,2022
376.0,Larry Drew II,24.0,PHI,PG,12.0,1.0,18.3,1.7,4.8,0.345,0.3,2.2,0.154,1.3,2.7,0.5,0.379,0.2,0.3,0.667,0.1,1.2,1.3,3.8,0.5,0.0,2.1,1.1,3.8,,2015
309.0,Larry Nance Jr.,23.0,LAL,PF,63.0,22.0,20.1,2.5,4.8,0.527,0.0,0.2,0.1,2.5,4.6,0.541,0.528,0.5,0.7,0.681,1.6,3.3,5.0,0.7,0.9,0.4,0.7,2.0,5.5,,2016
234.0,Larry Nance Jr.,24.0,LAL,PF,63.0,7.0,22.9,3.0,5.7,0.526,0.2,0.6,0.278,2.9,5.2,0.554,0.54,0.9,1.3,0.738,1.9,4.0,5.9,1.5,1.3,0.6,0.9,2.4,7.1,,2017
196.0,Larry Nance Jr.,25.0,LAL,C,42.0,17.0,22.0,3.6,6.0,0.601,0.0,0.1,0.25,3.6,5.9,0.606,0.603,1.3,2.1,0.632,2.6,4.2,6.8,1.4,1.4,0.5,1.0,2.7,8.6,,2018
190.0,Larry Nance Jr.,26.0,CLE,C,67.0,30.0,26.8,3.7,7.1,0.52,0.5,1.5,0.337,3.2,5.7,0.567,0.554,1.4,2.0,0.716,2.5,5.7,8.2,3.2,1.5,0.6,1.4,2.9,9.4,,2019
176.0,Larry Nance Jr.,27.0,CLE,PF,56.0,10.0,26.3,4.1,7.7,0.531,1.0,2.8,0.352,3.1,4.9,0.636,0.596,0.9,1.3,0.676,1.9,5.4,7.3,2.2,1.0,0.4,1.1,1.6,10.1,,2020
202.0,Larry Nance Jr.,28.0,CLE,PF,35.0,27.0,31.2,3.7,7.8,0.471,1.2,3.3,0.36,2.5,4.5,0.551,0.546,0.9,1.4,0.612,1.5,5.2,6.7,3.1,1.7,0.5,1.6,2.1,9.3,,2021
297.0,Larry Nance Jr.,29.0,POR,C,37.0,11.0,23.2,2.8,5.4,0.515,0.5,1.7,0.306,2.2,3.7,0.61,0.563,0.9,1.3,0.653,1.6,4.1,5.6,2.0,1.0,0.4,0.7,1.8,6.9,,2022
284.0,Larry Nance Jr.,30.0,NOP,C,65.0,1.0,21.2,2.9,4.7,0.61,0.2,0.6,0.333,2.6,4.0,0.654,0.633,0.8,1.2,0.696,1.6,3.8,5.4,1.8,0.9,0.6,0.6,2.0,6.8,,2023
310.0,Larry Nance Jr.,31.0,NOP,C,61.0,0.0,19.9,2.3,4.0,0.573,0.4,1.1,0.415,1.8,2.9,0.631,0.629,0.8,1.0,0.77,1.5,3.5,5.0,1.9,1.0,0.3,0.8,1.6,5.7,,2024
250.0,Larry Nance Jr.,32.0,ATL,PF,24.0,3.0,19.3,3.3,6.5,0.516,1.4,3.2,0.447,1.9,3.3,0.582,0.626,0.4,0.5,0.692,1.0,3.3,4.3,1.6,0.8,0.5,0.7,1.5,8.5,,2025
234.0,Larry Sanders,26.0,MIL,C,27.0,26.0,21.7,3.2,6.4,0.5,0.0,0.0,,3.2,6.4,0.5,0.5,0.9,1.8,0.5,2.5,3.7,6.1,0.9,1.0,1.4,1.0,3.9,7.3,,2015
67.0,Lauri Markkanen,20.0,CHI,PF,68.0,68.0,29.7,5.5,12.7,0.434,2.1,5.9,0.362,3.4,6.8,0.497,0.518,2.1,2.4,0.843,1.2,6.3,7.5,1.2,0.6,0.6,1.2,1.5,15.2,,2018
42.0,Lauri Markkanen,21.0,CHI,PF,52.0,51.0,32.3,6.6,15.3,0.43,2.3,6.4,0.361,4.3,8.9,0.479,0.506,3.3,3.8,0.872,1.4,7.6,9.0,1.4,0.7,0.6,1.6,2.3,18.7,,2019
91.0,Lauri Markkanen,22.0,CHI,PF,50.0,50.0,29.8,5.0,11.8,0.425,2.2,6.3,0.344,2.8,5.5,0.518,0.517,2.5,3.1,0.824,1.2,5.1,6.3,1.5,0.8,0.5,1.6,1.9,14.7,,2020
108.0,Lauri Markkanen,23.0,CHI,PF,51.0,26.0,25.8,4.9,10.2,0.48,2.3,5.8,0.402,2.6,4.4,0.582,0.594,1.5,1.8,0.826,0.7,4.6,5.3,0.9,0.5,0.3,1.0,1.5,13.6,,2021
96.0,Lauri Markkanen,24.0,CLE,SF,61.0,61.0,30.8,5.1,11.5,0.445,2.2,6.2,0.358,2.9,5.3,0.548,0.542,2.3,2.6,0.868,1.0,4.7,5.7,1.3,0.7,0.5,0.9,2.1,14.8,,2022
18.0,Lauri Markkanen,25.0,UTA,PF,66.0,66.0,34.4,8.7,17.3,0.499,3.0,7.7,0.391,5.6,9.6,0.585,0.586,5.3,6.0,0.875,2.0,6.7,8.6,1.9,0.6,0.6,1.9,2.1,25.6,,2023
26.0,Lauri Markkanen,26.0,UTA,PF,55.0,55.0,33.1,7.8,16.2,0.48,3.2,8.0,0.399,4.6,8.2,0.559,0.578,4.5,5.0,0.899,2.2,5.9,8.2,2.0,0.9,0.5,1.4,1.8,23.2,,2024
58.0,Lauri Markkanen,27.0,UTA,PF,47.0,47.0,31.4,6.3,14.9,0.423,2.9,8.5,0.346,3.4,6.4,0.525,0.521,3.4,3.9,0.876,1.5,4.4,5.9,1.5,0.7,0.4,1.4,1.7,19.0,,2025
323.0,Lavoy Allen,25.0,IND,C,63.0,0.0,17.0,2.2,4.7,0.472,0.0,0.0,,2.2,4.7,0.472,0.472,0.5,0.7,0.702,2.0,3.2,5.1,1.2,0.2,0.7,0.6,1.6,5.0,,2015
310.0,Lavoy Allen,26.0,IND,PF,79.0,28.0,20.2,2.4,4.7,0.516,0.0,0.0,,2.4,4.7,0.516,0.516,0.6,0.9,0.63,2.1,3.3,5.4,1.0,0.3,0.5,0.9,1.9,5.4,,2016
4.0,LeBron James,30.0,CLE,SF,69.0,69.0,36.1,9.0,18.5,0.488,1.7,4.9,0.354,7.3,13.6,0.536,0.535,5.4,7.7,0.71,0.7,5.3,6.0,7.4,1.6,0.7,3.9,2.0,25.3,,2015
5.0,LeBron James,31.0,CLE,SF,76.0,76.0,35.6,9.7,18.6,0.52,1.1,3.7,0.309,8.6,14.9,0.573,0.551,4.7,6.5,0.731,1.5,6.0,7.4,6.8,1.4,0.6,3.3,1.9,25.3,,2016
8.0,LeBron James,32.0,CLE,SF,74.0,74.0,37.8,9.9,18.2,0.548,1.7,4.6,0.363,8.3,13.5,0.611,0.594,4.8,7.2,0.674,1.3,7.3,8.6,8.7,1.2,0.6,4.1,1.8,26.4,,2017
3.0,LeBron James,33.0,CLE,PF,82.0,82.0,36.9,10.5,19.3,0.542,1.8,5.0,0.367,8.6,14.3,0.603,0.59,4.7,6.5,0.731,1.2,7.5,8.6,9.1,1.4,0.9,4.2,1.7,27.5,,2018
5.0,LeBron James,34.0,LAL,SF,55.0,55.0,35.2,10.1,19.9,0.51,2.0,5.9,0.339,8.1,14.0,0.582,0.56,5.1,7.6,0.665,1.0,7.4,8.5,8.3,1.3,0.6,3.6,1.7,27.4,,2019
14.0,LeBron James,35.0,LAL,PG,67.0,67.0,34.6,9.6,19.4,0.493,2.2,6.3,0.348,7.4,13.1,0.564,0.55,3.9,5.7,0.693,1.0,6.9,7.8,10.2,1.2,0.5,3.9,1.8,25.3,,2020
17.0,LeBron James,36.0,LAL,PG,45.0,45.0,33.4,9.4,18.3,0.513,2.3,6.3,0.365,7.1,12.0,0.591,0.576,4.0,5.7,0.698,0.6,7.0,7.7,7.8,1.1,0.6,3.7,1.6,25.0,,2021
2.0,LeBron James,37.0,LAL,C,56.0,56.0,37.2,11.4,21.8,0.524,2.9,8.0,0.359,8.6,13.8,0.62,0.59,4.5,6.0,0.756,1.1,7.1,8.2,6.2,1.3,1.1,3.5,2.2,30.3,,2022
9.0,LeBron James,38.0,LAL,PF,55.0,54.0,35.5,11.1,22.2,0.5,2.2,6.9,0.321,8.9,15.3,0.58,0.549,4.6,5.9,0.768,1.2,7.1,8.3,6.8,0.9,0.6,3.2,1.6,28.9,,2023
15.0,LeBron James,39.0,LAL,PF,71.0,71.0,35.3,9.6,17.9,0.54,2.1,5.1,0.41,7.5,12.8,0.592,0.599,4.3,5.7,0.75,0.9,6.4,7.3,8.3,1.3,0.5,3.5,1.1,25.7,,2024
19.0,LeBron James,40.0,LAL,SF,70.0,70.0,34.9,9.3,18.1,0.513,2.1,5.7,0.376,7.2,12.5,0.574,0.571,3.7,4.7,0.782,1.0,6.8,7.8,8.2,1.0,0.6,3.7,1.4,24.4,,2025
259.0,Leandro Barbosa,33.0,GSW,SG,68.0,0.0,15.9,2.5,5.4,0.462,0.6,1.6,0.355,1.9,3.8,0.508,0.515,0.8,0.9,0.839,0.4,1.3,1.7,1.2,0.6,0.1,0.8,1.6,6.4,,2016
258.0,Lindy Waters III,24.0,OKC,SG,25.0,1.0,18.6,2.8,7.0,0.406,2.1,5.8,0.363,0.7,1.2,0.621,0.557,0.2,0.2,0.8,0.2,2.7,2.9,1.0,0.8,0.3,0.4,1.2,8.0,,2022
385.0,Lindy Waters III,27.0,GSW,SG,38.0,9.0,17.2,2.0,5.4,0.371,1.3,3.9,0.331,0.7,1.5,0.474,0.49,0.2,0.3,0.727,0.4,2.1,2.5,1.1,0.6,0.3,0.4,1.4,5.5,,2025
294.0,Lonnie Walker IV,21.0,SAS,SG,61.0,12.0,16.2,2.5,5.9,0.426,0.7,1.7,0.406,1.8,4.2,0.434,0.483,0.7,1.0,0.721,0.4,1.9,2.3,1.1,0.5,0.2,0.7,1.3,6.4,,2020
161.0,Lonnie Walker IV,22.0,SAS,SG,60.0,38.0,25.4,4.3,10.2,0.42,1.7,4.7,0.355,2.6,5.5,0.477,0.502,1.0,1.2,0.814,0.2,2.4,2.6,1.7,0.5,0.3,1.1,1.7,11.2,,2021
133.0,Lonnie Walker IV,23.0,SAS,SG,70.0,6.0,23.0,4.4,10.9,0.407,1.6,5.0,0.314,2.9,5.9,0.487,0.48,1.7,2.1,0.784,0.3,2.3,2.6,2.2,0.6,0.3,1.0,1.4,12.1,,2022
141.0,Lonnie Walker IV,24.0,LAL,SG,56.0,32.0,23.2,4.2,9.4,0.448,1.6,4.4,0.365,2.6,5.0,0.522,0.534,1.6,1.9,0.858,0.3,1.7,1.9,1.1,0.5,0.3,0.8,1.3,11.7,,2023
191.0,Lonnie Walker IV,25.0,BRK,SG,58.0,0.0,17.4,3.6,8.5,0.423,1.8,4.7,0.384,1.8,3.8,0.471,0.528,0.8,1.0,0.763,0.2,2.0,2.2,1.3,0.6,0.3,0.9,1.2,9.7,,2024
135.0,Lonnie Walker IV,26.0,PHI,SG,20.0,7.0,23.9,4.5,10.6,0.42,2.3,6.4,0.354,2.2,4.3,0.518,0.526,1.2,1.5,0.8,0.3,2.9,3.2,2.5,0.5,0.3,1.3,1.4,12.4,,2025
165.0,Lonzo Ball,20.0,LAL,PG,52.0,50.0,34.2,3.9,10.8,0.36,1.7,5.7,0.305,2.2,5.2,0.42,0.44,0.6,1.4,0.451,1.3,5.6,6.9,7.2,1.7,0.8,2.6,2.3,10.2,,2018
175.0,Lonzo Ball,21.0,LAL,PG,47.0,45.0,30.3,3.9,9.7,0.406,1.6,4.9,0.329,2.3,4.9,0.482,0.488,0.4,1.0,0.417,1.1,4.2,5.3,5.4,1.5,0.4,2.2,2.4,9.9,,2019
136.0,Lonzo Ball,22.0,NOP,PG,63.0,54.0,32.1,4.4,10.9,0.403,2.3,6.3,0.375,2.0,4.6,0.442,0.511,0.7,1.2,0.566,1.1,5.0,6.1,7.0,1.4,0.6,3.1,2.0,11.8,,2020
93.0,Lonzo Ball,23.0,NOP,PG,55.0,55.0,31.8,5.3,12.7,0.414,3.1,8.3,0.378,2.1,4.5,0.482,0.537,0.9,1.2,0.781,0.6,4.2,4.8,5.7,1.5,0.6,2.2,1.9,14.6,,2021
119.0,Lonzo Ball,24.0,CHI,PG,35.0,35.0,34.6,4.6,10.9,0.423,3.1,7.4,0.423,1.5,3.5,0.423,0.567,0.6,0.8,0.75,1.0,4.4,5.4,5.1,1.8,0.9,2.3,2.4,13.0,,2022
272.0,Lonzo Ball,27.0,CHI,PG,35.0,14.0,22.2,2.5,6.9,0.366,1.9,5.6,0.344,0.6,1.4,0.458,0.504,0.6,0.8,0.815,0.7,2.7,3.4,3.3,1.3,0.5,1.2,1.6,7.6,,2025
357.0,Lorenzo Brown,24.0,MIN,PG,29.0,7.0,18.9,1.8,4.2,0.426,0.2,1.0,0.214,1.6,3.2,0.489,0.451,0.4,0.7,0.632,0.5,1.9,2.4,3.1,1.0,0.2,1.0,1.7,4.2,,2015
326.0,Lou Amundson,32.0,NYK,PF,41.0,35.0,20.9,2.6,5.9,0.432,0.0,0.0,0.0,2.6,5.9,0.434,0.432,0.9,2.0,0.463,2.2,3.9,6.0,1.6,0.5,1.3,1.4,2.8,6.0,,2015
59.0,Lou Williams,28.0,TOR,SG,80.0,0.0,25.2,4.7,11.6,0.404,1.9,5.6,0.34,2.8,6.0,0.464,0.486,4.3,4.9,0.861,0.3,1.6,1.9,2.1,1.1,0.1,1.3,1.3,15.5,,2015
59.0,Lou Williams,29.0,LAL,SG,67.0,35.0,28.5,4.2,10.3,0.408,1.6,4.8,0.344,2.6,5.6,0.464,0.488,5.3,6.3,0.83,0.5,2.1,2.5,2.5,0.9,0.3,1.6,1.6,15.3,,2016
46.0,Lou Williams,30.0,LAL,SG,58.0,1.0,24.2,5.6,12.7,0.444,2.1,5.5,0.385,3.5,7.2,0.489,0.527,5.2,5.9,0.884,0.2,2.0,2.3,3.2,1.1,0.2,2.1,1.2,18.6,,2017
18.0,Lou Williams,31.0,LAC,SG,79.0,19.0,32.8,7.4,16.9,0.435,2.4,6.6,0.359,5.0,10.4,0.484,0.505,5.5,6.2,0.88,0.5,2.0,2.5,5.3,1.1,0.2,3.0,1.3,22.6,,2018
35.0,Lou Williams,32.0,LAC,SG,75.0,1.0,26.6,6.5,15.2,0.425,1.4,3.9,0.361,5.1,11.3,0.447,0.471,5.7,6.5,0.876,0.5,2.4,3.0,5.4,0.8,0.1,2.4,1.1,20.0,,2019
57.0,Lou Williams,33.0,LAC,PG,65.0,8.0,28.7,6.0,14.4,0.418,1.7,4.8,0.352,4.3,9.6,0.451,0.477,4.5,5.2,0.861,0.5,2.6,3.1,5.6,0.7,0.2,2.8,1.2,18.2,,2020
154.0,Lou Williams,34.0,LAC,PG,42.0,3.0,21.9,4.3,10.2,0.421,1.1,2.8,0.378,3.2,7.4,0.437,0.473,2.5,2.8,0.866,0.4,1.7,2.1,3.4,0.9,0.1,1.6,1.0,12.1,,2021
57.0,Louis King,23.0,PHI,PF,1.0,0.0,29.0,8.0,13.0,0.615,4.0,8.0,0.5,4.0,5.0,0.8,0.769,0.0,1.0,0.0,2.0,2.0,4.0,2.0,1.0,0.0,2.0,4.0,20.0,,2023
160.0,Luc Mbah a Moute,28.0,PHI,PF,67.0,61.0,28.6,3.7,9.5,0.395,0.9,3.0,0.307,2.8,6.5,0.435,0.443,1.4,2.4,0.589,1.2,3.7,4.9,1.6,1.2,0.3,1.5,1.6,9.9,,2015
394.0,Luc Mbah a Moute,29.0,LAC,PF,75.0,61.0,17.0,1.3,2.8,0.454,0.2,0.5,0.325,1.1,2.2,0.485,0.486,0.4,0.8,0.526,0.8,1.5,2.3,0.4,0.6,0.3,0.5,1.3,3.1,,2016
280.0,Luc Mbah a Moute,30.0,LAC,SF,80.0,76.0,22.3,2.4,4.7,0.505,0.5,1.4,0.391,1.9,3.4,0.552,0.562,0.7,1.1,0.678,0.6,1.6,2.1,0.5,1.0,0.4,0.6,1.5,6.1,,2017
245.0,Luc Mbah a Moute,31.0,HOU,PF,61.0,15.0,25.6,2.7,5.7,0.481,1.0,2.8,0.364,1.7,2.8,0.599,0.572,1.1,1.6,0.684,0.4,2.7,3.0,0.9,1.2,0.4,1.1,1.6,7.5,,2018
358.0,Luc Mbah a Moute,32.0,LAC,PF,4.0,0.0,15.3,2.0,4.5,0.444,0.5,1.5,0.333,1.5,3.0,0.5,0.5,0.5,1.3,0.4,0.5,1.3,1.8,0.5,0.3,0.3,0.5,2.0,5.0,,2019
356.0,Lucas Nogueira,24.0,TOR,C,57.0,6.0,19.1,1.8,2.7,0.66,0.1,0.2,0.25,1.8,2.5,0.694,0.67,0.8,1.2,0.657,1.4,2.8,4.3,0.7,0.9,1.6,0.8,2.4,4.4,,2017
273.0,Luguentz Dort,20.0,OKC,SF,36.0,28.0,22.8,2.4,6.1,0.394,0.8,2.8,0.297,1.6,3.3,0.479,0.463,1.2,1.5,0.792,0.7,1.6,2.3,0.8,0.9,0.1,0.6,2.7,6.8,,2020
104.0,Luguentz Dort,21.0,OKC,SG,52.0,52.0,29.7,4.8,12.3,0.387,2.2,6.3,0.343,2.6,6.0,0.432,0.475,2.3,3.2,0.744,0.7,2.9,3.6,1.7,0.9,0.4,1.5,2.6,14.0,,2021
63.0,Luguentz Dort,22.0,OKC,SG,51.0,51.0,32.6,5.7,14.2,0.404,2.5,7.7,0.332,3.2,6.6,0.487,0.493,3.2,3.7,0.843,0.7,3.4,4.2,1.7,0.9,0.4,1.7,2.9,17.2,,2022
114.0,Luguentz Dort,23.0,OKC,SF,74.0,73.0,30.7,4.6,11.8,0.388,1.8,5.5,0.33,2.8,6.3,0.44,0.466,2.7,3.5,0.772,1.7,2.9,4.6,2.1,1.0,0.3,1.2,3.3,13.7,,2023
160.0,Luguentz Dort,24.0,OKC,SF,79.0,79.0,28.4,3.6,8.3,0.438,2.0,5.0,0.394,1.7,3.3,0.506,0.557,1.6,2.0,0.826,0.9,2.7,3.6,1.4,0.9,0.6,0.9,2.9,10.9,,2024
186.0,Luguentz Dort,25.0,OKC,SF,71.0,71.0,29.2,3.6,8.4,0.435,2.4,5.8,0.412,1.2,2.5,0.489,0.578,0.5,0.6,0.717,1.3,2.9,4.1,1.6,1.1,0.5,0.7,2.9,10.1,,2025
172.0,Luis Scola,34.0,IND,PF,81.0,16.0,20.5,3.7,7.9,0.467,0.1,0.2,0.25,3.6,7.7,0.474,0.471,2.0,2.8,0.699,1.7,4.8,6.5,1.3,0.6,0.2,1.2,2.4,9.4,,2015
186.0,Luis Scola,35.0,TOR,PF,76.0,76.0,21.5,3.5,7.9,0.45,0.9,2.1,0.404,2.7,5.8,0.467,0.504,0.8,1.1,0.726,1.1,3.6,4.7,0.9,0.6,0.4,0.9,2.3,8.7,,2016
24.0,Luka Dončić,19.0,DAL,SG,72.0,72.0,32.2,7.0,16.5,0.427,2.3,7.1,0.327,4.7,9.3,0.503,0.497,4.8,6.7,0.713,1.2,6.6,7.8,6.0,1.1,0.3,3.4,1.9,21.2,,2019
6.0,Luka Dončić,20.0,DAL,PG,61.0,61.0,33.6,9.5,20.6,0.463,2.8,8.9,0.316,6.7,11.7,0.574,0.531,7.0,9.2,0.758,1.3,8.1,9.4,8.8,1.0,0.2,4.3,2.5,28.8,,2020
6.0,Luka Dončić,21.0,DAL,PG,66.0,66.0,34.3,9.8,20.5,0.479,2.9,8.3,0.35,6.9,12.2,0.567,0.55,5.2,7.1,0.73,0.8,7.2,8.0,8.6,1.0,0.5,4.3,2.3,27.7,,2021
5.0,Luka Dončić,22.0,DAL,PG,65.0,65.0,35.4,9.9,21.6,0.457,3.1,8.8,0.353,6.8,12.8,0.528,0.529,5.6,7.5,0.744,0.9,8.3,9.1,8.7,1.2,0.6,4.5,2.2,28.4,,2022
2.0,Luka Dončić,23.0,DAL,PG,66.0,66.0,36.2,10.9,22.0,0.496,2.8,8.2,0.342,8.1,13.8,0.588,0.56,7.8,10.5,0.742,0.8,7.8,8.6,8.0,1.4,0.5,3.6,2.5,32.4,,2023
2.0,Luka Dončić,24.0,DAL,PG,70.0,70.0,37.5,11.5,23.6,0.487,4.1,10.6,0.382,7.4,13.0,0.573,0.573,6.8,8.7,0.786,0.8,8.4,9.2,9.8,1.4,0.5,4.0,2.1,33.9,,2024
4.0,Luka Dončić,25.0,LAL,PG,28.0,28.0,35.1,8.8,20.0,0.438,3.6,9.6,0.379,5.1,10.4,0.493,0.53,7.0,8.9,0.791,0.9,7.2,8.1,7.5,1.6,0.4,3.7,2.4,28.2,,2025
340.0,Luka Šamanić,20.0,SAS,PF,3.0,1.0,16.0,1.7,5.3,0.313,1.0,2.7,0.375,0.7,2.7,0.25,0.406,1.0,1.3,0.75,0.3,3.0,3.3,2.0,0.0,0.7,0.7,2.0,5.3,,2020
180.0,Luka Šamanić,23.0,UTA,PF,7.0,4.0,23.0,3.7,8.1,0.456,1.1,4.4,0.258,2.6,3.7,0.692,0.526,1.3,1.9,0.692,0.0,4.3,4.3,2.1,0.9,0.3,1.4,2.4,9.9,,2023
238.0,Luke Babbitt,26.0,NOP,SF,47.0,13.0,18.0,2.6,6.1,0.422,0.9,2.3,0.404,1.7,3.8,0.433,0.498,0.8,1.1,0.78,0.5,2.6,3.1,1.1,0.2,0.1,0.5,1.9,7.0,,2016
338.0,Luke Babbitt,27.0,MIA,SF,68.0,55.0,15.7,1.7,4.1,0.402,1.3,3.1,0.414,0.4,1.0,0.366,0.557,0.2,0.2,0.733,0.2,1.9,2.1,0.5,0.3,0.2,0.4,1.7,4.8,,2017
242.0,Luke Kennard,21.0,DET,SG,73.0,9.0,20.0,2.8,6.4,0.443,1.1,2.7,0.415,1.7,3.7,0.463,0.53,0.9,1.0,0.855,0.3,2.1,2.4,1.7,0.6,0.2,0.9,1.2,7.6,,2018
179.0,Luke Kennard,22.0,DET,SG,63.0,10.0,22.8,3.6,8.3,0.438,1.7,4.3,0.394,1.9,4.0,0.486,0.54,0.8,1.0,0.836,0.2,2.7,2.9,1.8,0.4,0.2,0.9,1.5,9.7,,2019
76.0,Luke Kennard,23.0,DET,SG,28.0,25.0,32.9,5.4,12.2,0.442,2.6,6.5,0.399,2.8,5.7,0.491,0.548,2.4,2.7,0.893,0.3,3.2,3.5,4.1,0.4,0.2,1.5,2.3,15.8,,2020
234.0,Luke Kennard,24.0,LAC,SG,63.0,17.0,19.6,3.1,6.6,0.476,1.6,3.6,0.446,1.5,3.0,0.511,0.597,0.4,0.5,0.839,0.2,2.3,2.6,1.7,0.4,0.1,0.8,1.4,8.3,,2021
136.0,Luke Kennard,25.0,LAC,SG,70.0,13.0,27.4,4.1,9.1,0.449,2.7,6.0,0.449,1.4,3.1,0.449,0.598,1.0,1.1,0.896,0.3,3.0,3.3,2.1,0.6,0.1,0.9,1.4,11.9,,2022
200.0,Luke Kennard,26.0,MEM,SG,24.0,3.0,24.6,3.8,7.1,0.526,3.1,5.7,0.54,0.7,1.4,0.471,0.743,0.8,0.8,0.947,0.4,2.8,3.1,2.3,0.5,0.0,0.7,1.5,11.3,,2023
159.0,Luke Kennard,27.0,MEM,SG,39.0,22.0,25.6,3.6,8.1,0.448,2.7,6.1,0.45,0.9,2.0,0.442,0.617,1.0,1.2,0.889,0.3,2.6,2.9,3.5,0.5,0.1,1.4,1.0,11.0,,2024
232.0,Luke Kennard,28.0,MEM,SG,65.0,11.0,22.6,3.2,6.6,0.478,1.7,4.0,0.433,1.4,2.6,0.547,0.609,0.8,0.9,0.895,0.6,2.2,2.8,3.3,0.8,0.1,1.1,0.9,8.9,,2025
273.0,Luke Kornet,22.0,NYK,C,20.0,1.0,16.3,2.5,6.3,0.392,1.4,4.0,0.354,1.1,2.3,0.457,0.504,0.4,0.6,0.727,0.6,2.7,3.2,1.3,0.3,0.8,0.6,1.4,6.7,,2018
268.0,Luke Kornet,23.0,NYK,C,46.0,18.0,17.0,2.3,6.2,0.378,1.5,4.2,0.363,0.8,2.0,0.411,0.502,0.8,1.0,0.826,0.6,2.3,2.9,1.2,0.6,0.9,0.5,0.9,7.0,,2019
308.0,Luke Kornet,24.0,CHI,C,36.0,14.0,15.5,2.3,5.2,0.439,0.9,3.0,0.287,1.4,2.2,0.646,0.521,0.6,0.8,0.714,0.6,1.7,2.3,0.9,0.3,0.7,0.4,1.5,6.0,,2020
330.0,Luke Kornet,28.0,BOS,C,63.0,7.0,15.6,2.3,3.2,0.7,0.0,0.0,1.0,2.2,3.2,0.698,0.702,0.8,0.9,0.907,1.9,2.3,4.1,1.1,0.4,1.0,0.3,1.2,5.3,,2024
342.0,Luke Kornet,29.0,BOS,C,73.0,16.0,18.6,2.6,3.8,0.668,0.0,0.0,0.0,2.6,3.8,0.675,0.668,0.9,1.3,0.691,2.6,2.7,5.3,1.6,0.5,1.0,0.4,1.6,6.0,,2025
75.0,Luol Deng,29.0,MIA,SF,72.0,72.0,33.6,5.1,10.9,0.469,1.1,3.1,0.355,4.0,7.9,0.513,0.518,2.7,3.5,0.761,1.4,3.8,5.2,1.9,0.9,0.3,1.5,1.5,14.0,,2015
104.0,Luol Deng,30.0,MIA,PF,74.0,73.0,32.4,4.6,10.1,0.455,1.2,3.5,0.344,3.4,6.6,0.513,0.514,2.0,2.6,0.755,1.5,4.5,6.0,1.9,1.0,0.4,1.1,1.6,12.3,,2016
214.0,Luol Deng,31.0,LAL,SF,56.0,49.0,26.5,2.9,7.6,0.387,0.9,2.9,0.309,2.0,4.6,0.436,0.447,0.8,1.1,0.73,1.1,4.1,5.3,1.3,0.9,0.4,0.8,1.1,7.6,,2017
261.0,Luol Deng,33.0,MIN,SF,22.0,2.0,17.8,2.7,5.4,0.5,0.6,2.0,0.318,2.0,3.4,0.608,0.559,1.1,1.6,0.714,0.9,2.4,3.3,0.8,0.7,0.4,0.6,1.1,7.1,,2019
429.0,Mac McClung,23.0,LAL,SG,1.0,0.0,22.0,2.0,5.0,0.4,1.0,3.0,0.333,1.0,2.0,0.5,0.5,1.0,1.0,1.0,0.0,3.0,3.0,1.0,1.0,1.0,2.0,5.0,6.0,,2022
130.0,Mac McClung,24.0,PHI,SG,2.0,0.0,20.5,4.5,10.0,0.45,2.0,5.5,0.364,2.5,4.5,0.556,0.55,1.5,2.5,0.6,1.5,3.5,5.0,4.5,0.0,0.0,1.5,1.5,12.5,,2023
264.0,Malachi Flynn,22.0,TOR,PG,47.0,14.0,19.7,2.7,7.2,0.374,1.1,3.6,0.321,1.6,3.7,0.424,0.453,1.0,1.2,0.804,0.2,2.3,2.5,2.9,0.8,0.1,0.9,1.4,7.5,,2021
314.0,Malachi Flynn,25.0,TOR,PG,31.0,0.0,15.3,1.8,4.4,0.409,0.9,2.6,0.35,0.9,1.8,0.491,0.511,0.5,0.7,0.773,0.4,1.7,2.1,2.4,0.6,0.2,1.1,1.4,5.1,,2024
170.0,Malaki Branham,19.0,SAS,SG,66.0,32.0,23.5,4.1,9.3,0.44,1.2,3.9,0.302,2.9,5.4,0.539,0.503,0.9,1.1,0.829,0.4,2.3,2.7,1.9,0.5,0.1,1.2,1.7,10.2,,2023
198.0,Malaki Branham,20.0,SAS,PG,75.0,29.0,21.3,3.6,8.4,0.432,1.2,3.6,0.347,2.4,4.8,0.494,0.506,0.7,0.8,0.873,0.4,1.6,2.0,2.1,0.4,0.1,1.2,1.3,9.2,,2024
142.0,Malcolm Brogdon,24.0,MIL,SG,75.0,28.0,26.4,3.9,8.5,0.457,1.0,2.6,0.404,2.8,5.9,0.48,0.518,1.5,1.7,0.865,0.6,2.2,2.8,4.2,1.1,0.2,1.5,1.9,10.2,,2017
103.0,Malcolm Brogdon,25.0,MIL,PG,48.0,20.0,29.9,5.1,10.5,0.485,1.3,3.4,0.385,3.8,7.1,0.532,0.547,1.6,1.8,0.882,0.5,2.8,3.3,3.2,0.9,0.3,1.4,2.7,13.0,,2018
73.0,Malcolm Brogdon,26.0,MIL,SG,64.0,64.0,28.6,5.9,11.7,0.505,1.6,3.8,0.426,4.3,7.9,0.544,0.575,2.2,2.4,0.928,1.0,3.5,4.5,3.2,0.7,0.2,1.4,1.6,15.6,,2019
69.0,Malcolm Brogdon,27.0,IND,PG,54.0,54.0,30.9,6.0,13.8,0.438,1.4,4.3,0.326,4.6,9.5,0.488,0.489,3.1,3.4,0.892,0.9,4.0,4.9,7.1,0.6,0.2,2.4,1.8,16.5,,2020
35.0,Malcolm Brogdon,28.0,IND,PG,56.0,56.0,34.5,7.9,17.5,0.453,2.6,6.7,0.388,5.3,10.8,0.493,0.527,2.7,3.2,0.864,1.0,4.2,5.3,5.9,0.9,0.3,2.1,2.0,21.2,,2021
44.0,Malcolm Brogdon,29.0,IND,PG,36.0,36.0,33.5,6.8,15.1,0.448,1.6,5.2,0.312,5.1,9.9,0.518,0.501,4.0,4.6,0.856,0.9,4.2,5.1,5.9,0.8,0.4,2.1,2.0,19.1,,2022
97.0,Malcolm Brogdon,30.0,BOS,PG,67.0,0.0,26.0,5.3,10.9,0.484,2.0,4.4,0.444,3.3,6.5,0.51,0.574,2.4,2.7,0.87,0.6,3.6,4.2,3.7,0.7,0.3,1.5,1.6,14.9,,2023
85.0,Malcolm Brogdon,31.0,POR,PG,39.0,25.0,28.7,5.6,12.7,0.44,2.1,5.1,0.412,3.5,7.6,0.458,0.522,2.4,3.0,0.819,0.7,3.1,3.8,5.5,0.7,0.2,1.5,1.5,15.7,,2024
127.0,Malcolm Brogdon,32.0,WAS,PG,24.0,13.0,23.5,4.3,10.0,0.433,0.7,2.3,0.286,3.7,7.7,0.478,0.467,3.4,3.8,0.88,0.9,2.9,3.8,4.1,0.5,0.2,1.6,1.3,12.7,,2025
310.0,Malcolm Delaney,27.0,ATL,PG,73.0,2.0,17.1,2.0,5.3,0.374,0.4,1.5,0.236,1.6,3.8,0.428,0.407,1.0,1.3,0.806,0.1,1.5,1.7,2.6,0.5,0.0,1.3,1.5,5.4,,2017
290.0,Malcolm Delaney,28.0,ATL,PG,54.0,3.0,18.8,2.0,5.3,0.382,0.9,2.3,0.371,1.2,3.0,0.391,0.463,1.4,1.7,0.804,0.2,1.7,1.9,3.0,0.6,0.1,1.2,1.5,6.3,,2018
140.0,Malik Beasley,22.0,DEN,SG,81.0,18.0,23.2,4.3,9.1,0.474,2.0,5.0,0.402,2.3,4.1,0.56,0.584,0.7,0.8,0.848,0.4,2.0,2.5,1.2,0.7,0.1,0.7,1.4,11.3,,2019
146.0,Malik Beasley,23.0,MIN,SG,14.0,14.0,33.1,7.9,16.6,0.472,3.5,8.2,0.426,4.4,8.4,0.517,0.577,1.5,2.0,0.75,0.6,4.4,5.1,1.9,0.6,0.1,1.5,1.9,20.7,,2020
45.0,Malik Beasley,24.0,MIN,SG,37.0,36.0,32.8,7.1,16.2,0.44,3.5,8.7,0.399,3.7,7.5,0.487,0.547,1.8,2.2,0.85,0.8,3.6,4.4,2.4,0.8,0.2,1.6,1.7,19.6,,2021
130.0,Malik Beasley,25.0,MIN,SG,79.0,18.0,25.0,4.2,10.8,0.391,3.0,8.1,0.377,1.2,2.7,0.432,0.532,0.6,0.8,0.817,0.3,2.5,2.9,1.5,0.5,0.2,0.5,1.1,12.1,,2022
125.0,Malik Beasley,26.0,UTA,SG,55.0,13.0,26.8,4.8,12.2,0.396,3.1,8.6,0.359,1.7,3.6,0.485,0.522,0.7,0.8,0.841,0.5,3.1,3.6,1.7,0.8,0.1,1.1,1.4,13.4,,2023
149.0,Malik Beasley,27.0,MIL,SG,79.0,77.0,29.6,4.1,9.1,0.443,2.8,6.9,0.413,1.2,2.3,0.533,0.598,0.3,0.4,0.714,0.5,3.2,3.7,1.4,0.7,0.1,0.7,2.0,11.3,,2024
83.0,Malik Beasley,28.0,DET,SG,82.0,18.0,27.8,5.6,13.1,0.43,3.9,9.3,0.416,1.7,3.7,0.466,0.579,1.2,1.7,0.679,0.6,2.0,2.6,1.7,0.9,0.1,1.0,1.5,16.3,,2025
202.0,Malik Monk,20.0,CHO,SG,73.0,0.0,17.2,3.1,8.0,0.387,1.5,4.5,0.33,1.6,3.5,0.461,0.48,1.2,1.4,0.882,0.2,1.7,1.9,1.6,0.5,0.3,1.2,1.5,8.9,,2019
171.0,Malik Monk,21.0,CHO,SG,55.0,1.0,21.3,3.9,8.9,0.434,1.1,3.7,0.284,2.8,5.2,0.542,0.494,1.5,1.8,0.82,0.5,2.4,2.9,2.1,0.5,0.3,1.4,1.3,10.3,,2020
146.0,Malik Monk,22.0,CHO,SG,42.0,0.0,20.9,4.1,9.5,0.434,2.0,5.0,0.401,2.1,4.5,0.471,0.54,1.4,1.7,0.819,0.3,2.1,2.4,2.1,0.5,0.1,1.3,1.1,11.7,,2021
104.0,Malik Monk,23.0,LAL,SG,76.0,37.0,28.1,5.1,10.9,0.473,2.3,5.8,0.391,2.9,5.1,0.568,0.578,1.2,1.5,0.795,0.5,2.9,3.4,2.9,0.8,0.4,1.6,1.8,13.8,,2022
115.0,Malik Monk,24.0,SAC,SG,77.0,0.0,22.3,4.6,10.3,0.448,1.9,5.2,0.359,2.8,5.2,0.538,0.538,2.4,2.7,0.889,0.4,2.2,2.6,3.9,0.6,0.3,1.9,1.6,13.5,,2023
91.0,Malik Monk,25.0,SAC,SG,72.0,0.0,26.0,5.5,12.4,0.443,2.1,5.9,0.35,3.4,6.5,0.528,0.526,2.4,2.8,0.829,0.4,2.6,2.9,5.1,0.6,0.5,2.1,2.2,15.4,,2024
75.0,Malik Monk,26.0,SAC,SG,65.0,45.0,31.6,6.3,14.4,0.439,2.1,6.6,0.325,4.2,7.9,0.534,0.513,2.4,2.7,0.865,0.5,3.3,3.8,5.6,0.9,0.6,2.4,2.4,17.2,,2025
465.0,Malik Williams,25.0,TOR,C,7.0,2.0,15.3,1.3,4.9,0.265,0.1,0.7,0.2,1.1,4.1,0.276,0.279,0.0,0.3,0.0,2.1,3.3,5.4,0.3,0.4,0.6,0.4,2.1,2.7,,2024
139.0,Manu Ginóbili,37.0,SAS,SG,70.0,0.0,22.7,3.6,8.4,0.426,1.3,3.7,0.345,2.3,4.7,0.489,0.502,2.1,2.9,0.721,0.4,2.6,3.0,4.2,1.0,0.3,2.2,2.0,10.5,,2015
162.0,Manu Ginóbili,38.0,SAS,SG,58.0,0.0,19.6,3.4,7.5,0.453,1.2,3.1,0.391,2.2,4.4,0.496,0.533,1.6,1.9,0.813,0.4,2.1,2.5,3.1,1.1,0.2,1.7,1.7,9.6,,2016
216.0,Manu Ginóbili,39.0,SAS,SG,69.0,0.0,18.7,2.5,6.4,0.39,1.3,3.3,0.392,1.2,3.1,0.387,0.491,1.2,1.6,0.804,0.4,1.9,2.3,2.7,1.2,0.2,1.4,1.7,7.5,,2017
191.0,Manu Ginóbili,40.0,SAS,SG,65.0,0.0,20.0,3.1,7.1,0.434,1.0,3.0,0.333,2.1,4.2,0.506,0.503,1.7,2.0,0.84,0.3,1.9,2.2,2.5,0.7,0.2,1.6,1.9,8.9,,2018
26.0,MarShon Brooks,29.0,MEM,SG,7.0,1.0,27.6,7.3,14.6,0.5,2.7,4.6,0.594,4.6,10.0,0.457,0.593,2.9,3.3,0.87,1.1,1.9,3.0,3.6,1.6,0.4,2.3,0.9,20.1,,2018
30.0,Marc Gasol,30.0,MEM,C,81.0,81.0,33.2,6.5,13.2,0.494,0.0,0.2,0.176,6.5,13.0,0.5,0.496,4.3,5.4,0.795,1.4,6.4,7.8,3.8,0.9,1.6,2.2,2.6,17.4,,2015
45.0,Marc Gasol,31.0,MEM,C,52.0,52.0,34.4,6.3,13.6,0.464,0.0,0.1,0.667,6.3,13.5,0.463,0.465,3.9,4.7,0.829,1.1,5.8,7.0,3.8,1.0,1.3,2.3,2.7,16.6,,2016
34.0,Marc Gasol,32.0,MEM,C,74.0,74.0,34.2,7.2,15.7,0.459,1.4,3.6,0.388,5.8,12.1,0.48,0.503,3.8,4.5,0.837,0.8,5.5,6.3,4.6,0.9,1.3,2.2,2.3,19.5,,2017
48.0,Marc Gasol,33.0,MEM,C,73.0,73.0,33.0,5.9,14.2,0.42,1.5,4.4,0.341,4.5,9.8,0.456,0.473,3.8,4.6,0.834,1.1,7.0,8.1,4.2,0.7,1.4,2.7,2.5,17.2,,2018
102.0,Marc Gasol,34.0,TOR,C,26.0,19.0,24.9,3.3,7.2,0.465,0.9,2.0,0.442,2.5,5.2,0.474,0.527,1.5,2.0,0.769,0.9,5.7,6.6,3.9,0.9,0.9,1.4,2.7,9.1,,2019
245.0,Marc Gasol,35.0,TOR,C,44.0,43.0,26.4,2.7,6.3,0.427,1.3,3.4,0.385,1.4,3.0,0.473,0.529,0.8,1.1,0.735,0.7,5.5,6.3,3.3,0.8,0.9,1.3,2.8,7.5,,2020
371.0,Marc Gasol,36.0,LAL,C,52.0,42.0,19.1,1.7,3.7,0.454,1.0,2.3,0.41,0.7,1.4,0.528,0.582,0.7,1.0,0.72,0.7,3.4,4.1,2.1,0.5,1.1,1.0,2.2,5.0,,2021
338.0,Marcelo Huertas,32.0,LAL,PG,53.0,0.0,16.4,1.8,4.3,0.422,0.3,1.2,0.262,1.5,3.2,0.479,0.457,0.5,0.5,0.931,0.3,1.4,1.7,3.4,0.5,0.1,1.5,1.4,4.5,,2016
102.0,Marcin Gortat,30.0,WAS,C,82.0,82.0,29.9,5.4,9.5,0.566,0.0,0.0,0.0,5.4,9.4,0.569,0.566,1.5,2.1,0.703,2.2,6.5,8.7,1.2,0.6,1.3,1.2,2.3,12.2,,2015
85.0,Marcin Gortat,31.0,WAS,C,75.0,74.0,30.1,5.8,10.2,0.567,0.0,0.0,0.0,5.8,10.2,0.567,0.567,1.9,2.8,0.705,3.0,6.9,9.9,1.4,0.6,1.3,1.6,2.6,13.5,,2016
127.0,Marcin Gortat,32.0,WAS,C,82.0,82.0,31.2,4.8,8.2,0.579,0.0,0.0,0.0,4.8,8.2,0.58,0.579,1.3,1.9,0.648,2.9,7.5,10.4,1.5,0.5,0.7,1.5,2.6,10.8,,2017
211.0,Marcin Gortat,33.0,WAS,C,82.0,82.0,25.3,3.5,6.8,0.518,0.0,0.0,,3.5,6.8,0.518,0.518,1.3,2.0,0.675,2.2,5.4,7.6,1.8,0.5,0.7,1.2,2.1,8.4,,2018
356.0,Marcin Gortat,34.0,LAC,C,47.0,43.0,16.0,2.1,4.0,0.532,0.0,0.0,,2.1,4.0,0.532,0.532,0.7,1.0,0.729,1.4,4.1,5.6,1.4,0.1,0.5,1.1,2.0,5.0,,2019
175.0,Marco Belinelli,28.0,SAS,SG,62.0,9.0,22.4,3.2,7.6,0.423,1.4,3.7,0.374,1.8,3.9,0.471,0.515,1.4,1.6,0.848,0.4,2.1,2.5,1.5,0.5,0.0,1.0,1.4,9.2,,2015
146.0,Marco Belinelli,29.0,SAC,SG,68.0,7.0,24.6,3.6,9.3,0.386,1.3,4.4,0.306,2.3,5.0,0.456,0.457,1.7,2.0,0.833,0.1,1.6,1.7,1.9,0.5,0.0,1.2,1.3,10.2,,2016
135.0,Marco Belinelli,30.0,CHO,SG,74.0,0.0,24.0,3.6,8.3,0.429,1.4,3.8,0.36,2.2,4.5,0.488,0.512,2.0,2.3,0.893,0.2,2.2,2.4,2.0,0.6,0.1,0.9,1.2,10.5,,2017
125.0,Marco Belinelli,31.0,PHI,SG,28.0,1.0,26.3,4.9,10.0,0.495,2.0,5.3,0.385,2.9,4.7,0.618,0.597,1.7,1.9,0.87,0.2,1.6,1.8,1.6,0.7,0.3,1.4,1.8,13.6,,2018
162.0,Marco Belinelli,32.0,SAS,SG,79.0,1.0,23.0,3.6,8.7,0.413,1.9,5.0,0.372,1.7,3.7,0.468,0.52,1.4,1.6,0.903,0.2,2.3,2.5,1.7,0.4,0.1,0.9,1.5,10.5,,2019
295.0,Marco Belinelli,33.0,SAS,SG,57.0,0.0,15.5,2.2,5.5,0.392,1.2,3.1,0.376,1.0,2.4,0.412,0.498,0.8,1.0,0.828,0.1,1.6,1.7,1.2,0.2,0.0,0.3,0.8,6.3,,2020
310.0,Marcus Bagley,23.0,PHI,SF,10.0,4.0,25.3,2.7,6.9,0.391,0.5,3.2,0.156,2.2,3.7,0.595,0.428,0.8,1.0,0.8,2.3,4.7,7.0,1.0,0.9,1.2,0.7,1.6,6.7,,2025
297.0,Marcus Garrett,26.0,CHO,SG,4.0,0.0,19.8,2.8,6.8,0.407,0.8,2.0,0.375,2.0,4.8,0.421,0.463,0.8,1.0,0.75,0.3,1.3,1.5,3.3,0.8,0.5,1.5,2.5,7.0,,2025
140.0,Marcus Morris,25.0,PHO,PF,81.0,35.0,25.2,4.1,9.4,0.434,1.4,3.9,0.358,2.7,5.6,0.487,0.507,0.9,1.4,0.628,0.9,3.9,4.8,1.6,0.8,0.2,0.9,2.3,10.4,,2015
75.0,Marcus Morris,26.0,DET,SF,80.0,80.0,35.7,5.1,11.8,0.434,1.4,3.7,0.362,3.8,8.1,0.467,0.491,2.5,3.4,0.749,1.1,3.9,5.1,2.5,0.8,0.3,1.8,2.1,14.1,,2016
79.0,Marcus Morris,27.0,DET,SF,79.0,79.0,32.5,5.3,12.7,0.418,1.5,4.5,0.331,3.8,8.2,0.466,0.477,1.8,2.3,0.784,1.0,3.7,4.6,2.0,0.7,0.3,1.1,2.1,14.0,,2017
92.0,Marcus Morris,28.0,BOS,PF,54.0,21.0,26.7,4.9,11.3,0.429,1.6,4.3,0.368,3.3,7.0,0.467,0.499,2.3,2.9,0.805,0.8,4.6,5.4,1.3,0.6,0.2,1.2,1.9,13.6,,2018
95.0,Marcus Morris,29.0,BOS,PF,75.0,53.0,27.9,5.0,11.3,0.447,1.9,5.2,0.375,3.1,6.1,0.508,0.533,1.9,2.3,0.844,1.0,5.1,6.1,1.5,0.6,0.3,1.2,2.4,13.9,,2019
68.0,Marcus Morris,30.0,NYK,SF,43.0,43.0,32.3,6.5,14.8,0.442,2.7,6.1,0.439,3.8,8.7,0.444,0.533,3.8,4.6,0.823,1.1,4.3,5.4,1.4,0.8,0.4,1.7,3.0,19.6,,2020
117.0,Marcus Morris,31.0,LAC,PF,57.0,29.0,26.4,4.8,10.2,0.473,2.5,5.2,0.473,2.4,5.1,0.472,0.592,1.3,1.6,0.82,0.6,3.5,4.1,1.0,0.6,0.3,1.0,2.1,13.4,,2021
84.0,Marcus Morris,32.0,LAC,PF,54.0,54.0,29.0,5.6,12.8,0.434,1.9,5.1,0.367,3.7,7.7,0.478,0.507,2.4,2.7,0.872,0.5,3.9,4.4,2.1,0.5,0.3,1.3,2.1,15.4,,2022
152.0,Marcus Morris,33.0,LAC,PF,65.0,65.0,28.1,4.2,9.9,0.426,1.7,4.7,0.364,2.5,5.2,0.484,0.513,1.0,1.3,0.782,0.4,3.5,4.0,1.8,0.6,0.3,0.9,2.1,11.2,,2023
286.0,Marcus Morris,34.0,PHI,PF,37.0,7.0,17.2,2.4,5.5,0.439,1.0,2.4,0.4,1.5,3.1,0.47,0.527,0.8,1.0,0.861,0.5,2.5,2.9,0.7,0.4,0.3,0.5,1.6,6.7,,2024
219.0,Marcus Sasser,23.0,DET,PG,71.0,11.0,19.0,3.1,7.2,0.428,1.3,3.4,0.375,1.8,3.8,0.474,0.516,0.8,0.9,0.879,0.2,1.6,1.8,3.3,0.6,0.2,1.3,1.5,8.3,,2024
217.0,Marcus Smart,20.0,BOS,PG,67.0,38.0,27.0,2.6,7.1,0.367,1.4,4.1,0.335,1.3,3.1,0.41,0.462,1.2,1.9,0.646,0.9,2.4,3.3,3.1,1.5,0.3,1.3,2.6,7.8,,2015
174.0,Marcus Smart,21.0,BOS,PG,61.0,10.0,27.3,3.0,8.7,0.348,1.0,4.0,0.253,2.0,4.7,0.427,0.405,2.1,2.7,0.777,1.2,2.9,4.2,3.0,1.5,0.3,1.3,3.0,9.1,,2016
134.0,Marcus Smart,22.0,BOS,SG,79.0,24.0,30.4,3.4,9.5,0.359,1.2,4.2,0.283,2.2,5.3,0.42,0.422,2.6,3.2,0.812,1.0,2.9,3.9,4.6,1.6,0.4,2.0,2.4,10.6,,2017
167.0,Marcus Smart,23.0,BOS,SG,54.0,11.0,29.9,3.5,9.5,0.367,1.4,4.6,0.301,2.1,4.9,0.429,0.44,1.8,2.5,0.729,0.8,2.7,3.5,4.8,1.3,0.4,2.4,2.5,10.2,,2018
204.0,Marcus Smart,24.0,BOS,SG,80.0,60.0,27.5,3.0,7.1,0.422,1.6,4.3,0.364,1.4,2.8,0.511,0.533,1.3,1.6,0.806,0.7,2.2,2.9,4.0,1.8,0.4,1.5,2.5,8.9,,2019
113.0,Marcus Smart,25.0,BOS,SG,60.0,40.0,32.0,4.3,11.4,0.375,2.3,6.6,0.347,2.0,4.8,0.415,0.476,2.1,2.5,0.836,0.7,3.1,3.8,4.9,1.7,0.5,1.7,2.7,12.9,,2020
120.0,Marcus Smart,26.0,BOS,PG,48.0,45.0,32.9,4.2,10.6,0.398,1.9,5.9,0.33,2.3,4.8,0.482,0.489,2.7,3.4,0.79,0.8,2.7,3.5,5.7,1.5,0.5,2.0,2.6,13.1,,2021
132.0,Marcus Smart,27.0,BOS,PG,71.0,71.0,32.3,4.2,10.1,0.418,1.7,5.1,0.331,2.5,5.0,0.506,0.501,2.0,2.5,0.793,0.6,3.2,3.8,5.9,1.7,0.3,2.2,2.3,12.1,,2022
145.0,Marcus Smart,28.0,BOS,PG,61.0,61.0,32.1,4.1,9.9,0.415,1.9,5.6,0.336,2.2,4.3,0.519,0.511,1.4,1.9,0.746,0.8,2.4,3.1,6.3,1.5,0.4,2.3,2.8,11.5,,2023
103.0,Marcus Smart,29.0,MEM,PG,20.0,20.0,30.3,5.1,11.9,0.43,2.1,6.7,0.313,3.0,5.2,0.583,0.519,2.2,2.8,0.768,0.3,2.4,2.7,4.3,2.1,0.3,3.1,2.7,14.5,,2024
223.0,Marcus Smart,30.0,WAS,PG,15.0,1.0,18.7,3.2,7.3,0.44,1.3,3.4,0.392,1.9,3.9,0.483,0.532,1.6,2.3,0.686,0.3,1.7,1.9,2.5,1.1,0.2,1.3,1.5,9.3,,2025
159.0,Marcus Thornton,28.0,WAS,SG,14.0,2.0,16.0,3.0,7.6,0.393,1.3,3.9,0.333,1.7,3.8,0.453,0.477,1.1,1.5,0.762,0.5,2.0,2.5,1.4,0.9,0.1,0.8,1.2,8.4,,2016
258.0,Marcus Thornton,29.0,WAS,SG,33.0,1.0,17.4,2.5,6.4,0.4,0.8,2.4,0.35,1.7,3.9,0.431,0.467,0.7,0.8,0.852,0.7,1.6,2.3,1.2,0.6,0.1,0.8,1.5,6.6,,2017
147.0,Mario Chalmers,28.0,MIA,PG,80.0,37.0,29.6,3.3,8.3,0.403,0.9,3.1,0.294,2.4,5.2,0.467,0.458,2.6,3.3,0.774,0.3,2.3,2.6,3.8,1.5,0.1,2.2,3.1,10.2,,2015
140.0,Mario Chalmers,29.0,MIA,PG,6.0,0.0,20.0,1.7,5.3,0.313,0.2,1.8,0.091,1.5,3.5,0.429,0.328,2.0,2.2,0.923,0.2,2.2,2.3,3.2,1.3,0.2,1.5,2.7,5.5,,2016
237.0,Mario Chalmers,31.0,MEM,PG,66.0,10.0,21.5,2.5,6.7,0.379,0.8,2.9,0.277,1.7,3.8,0.456,0.439,1.8,2.1,0.855,0.2,2.2,2.4,3.0,1.2,0.2,1.8,2.7,7.7,,2018
273.0,Mario Hezonja,20.0,ORL,SF,79.0,9.0,17.9,2.3,5.3,0.433,0.8,2.4,0.349,1.4,2.9,0.504,0.513,0.6,0.7,0.907,0.4,1.9,2.2,1.4,0.5,0.2,1.2,1.6,6.1,,2016
178.0,Mario Hezonja,22.0,ORL,SF,75.0,30.0,22.1,3.6,8.2,0.442,1.2,3.6,0.337,2.4,4.7,0.523,0.515,1.1,1.4,0.819,0.5,3.2,3.7,1.4,1.1,0.4,1.1,1.8,9.6,,2018
207.0,Mario Hezonja,23.0,NYK,SF,58.0,24.0,20.8,3.3,8.0,0.412,0.7,2.6,0.276,2.6,5.4,0.478,0.457,1.5,2.0,0.763,0.5,3.6,4.1,1.5,1.0,0.1,1.5,1.9,8.8,,2019
364.0,Mario Hezonja,24.0,POR,PF,53.0,4.0,16.4,1.7,4.1,0.422,0.5,1.5,0.308,1.3,2.6,0.486,0.477,0.9,1.1,0.814,0.6,2.9,3.5,0.9,0.7,0.2,0.8,2.0,4.8,,2020
216.0,Mark Williams,21.0,CHO,C,43.0,17.0,19.3,3.7,5.8,0.637,0.0,0.0,,3.7,5.8,0.637,0.637,1.6,2.3,0.691,2.2,4.9,7.1,0.4,0.7,1.0,0.9,2.2,9.0,,2023
127.0,Mark Williams,22.0,CHO,C,19.0,19.0,26.7,5.2,7.9,0.649,0.0,0.0,,5.2,7.9,0.649,0.649,2.4,3.4,0.719,4.0,5.7,9.7,1.2,0.8,1.1,0.9,2.6,12.7,,2024
93.0,Mark Williams,23.0,CHO,C,44.0,41.0,26.6,6.1,10.2,0.604,0.0,0.1,0.0,6.1,10.1,0.609,0.604,3.0,3.7,0.804,3.0,7.2,10.2,2.5,0.7,1.2,1.6,2.4,15.3,,2025
336.0,Markel Brown,23.0,BRK,SG,47.0,29.0,16.6,1.6,4.5,0.362,0.4,1.4,0.266,1.3,3.1,0.404,0.402,1.0,1.2,0.825,0.3,1.9,2.3,0.8,0.7,0.3,0.6,1.2,4.6,,2015
286.0,Markel Brown,24.0,BRK,SG,62.0,6.0,15.8,2.0,5.2,0.394,0.6,2.0,0.314,1.4,3.2,0.443,0.453,1.1,1.5,0.755,0.4,1.6,2.0,1.5,0.6,0.2,0.9,1.5,5.9,,2016
254.0,Markelle Fultz,19.0,PHI,SG,14.0,0.0,18.1,3.2,7.9,0.405,0.0,0.1,0.0,3.2,7.9,0.409,0.405,0.7,1.5,0.476,0.8,2.3,3.1,3.8,0.9,0.3,1.2,1.6,7.1,,2018
220.0,Markelle Fultz,20.0,PHI,SG,19.0,15.0,22.5,3.4,8.2,0.419,0.2,0.7,0.286,3.2,7.4,0.433,0.432,1.1,1.9,0.568,1.4,2.3,3.7,3.1,0.9,0.3,1.3,2.7,8.2,,2019
126.0,Markelle Fultz,21.0,ORL,PG,72.0,60.0,27.7,5.0,10.7,0.465,0.5,1.9,0.267,4.5,8.8,0.507,0.488,1.6,2.2,0.73,0.6,2.7,3.3,5.1,1.3,0.2,2.0,2.0,12.1,,2020
124.0,Markelle Fultz,22.0,ORL,PG,8.0,8.0,26.9,5.1,13.0,0.394,0.5,2.0,0.25,4.6,11.0,0.42,0.413,2.1,2.4,0.895,0.6,2.5,3.1,5.4,1.0,0.3,2.3,2.3,12.9,,2021
158.0,Markelle Fultz,23.0,ORL,PG,18.0,3.0,20.0,4.6,9.7,0.474,0.2,0.9,0.235,4.4,8.8,0.5,0.486,1.4,1.7,0.806,0.2,2.5,2.7,5.5,1.1,0.3,2.2,1.2,10.8,,2022
111.0,Markelle Fultz,24.0,ORL,PG,60.0,60.0,29.6,5.8,11.3,0.514,0.5,1.5,0.31,5.4,9.9,0.544,0.534,1.9,2.4,0.783,1.2,2.8,3.9,5.7,1.5,0.4,2.3,2.2,14.0,,2023
232.0,Markelle Fultz,25.0,ORL,PG,43.0,18.0,21.2,3.6,7.6,0.472,0.1,0.4,0.222,3.5,7.2,0.487,0.479,0.5,0.8,0.697,1.3,1.9,3.2,2.8,1.0,0.3,1.2,1.5,7.8,,2024
62.0,Markieff Morris,25.0,PHO,PF,82.0,82.0,31.5,6.2,13.4,0.465,0.7,2.2,0.318,5.5,11.2,0.494,0.491,2.2,2.8,0.763,1.3,4.8,6.2,2.3,1.2,0.5,2.1,3.0,15.3,,2015
109.0,Markieff Morris,26.0,WAS,PF,27.0,21.0,26.4,5.0,10.6,0.467,0.9,2.9,0.316,4.0,7.7,0.524,0.51,1.6,2.0,0.764,1.1,4.7,5.9,1.4,0.9,0.6,1.7,3.0,12.4,,2016
80.0,Markieff Morris,27.0,WAS,PF,76.0,76.0,31.2,5.3,11.7,0.457,0.9,2.6,0.362,4.4,9.1,0.483,0.497,2.4,2.8,0.837,1.4,5.1,6.5,1.7,1.1,0.6,1.7,3.3,14.0,,2017
144.0,Markieff Morris,28.0,WAS,PF,73.0,73.0,27.0,4.5,9.4,0.48,1.0,2.8,0.367,3.5,6.6,0.529,0.536,1.4,1.8,0.82,1.0,4.6,5.6,1.9,0.8,0.5,1.7,3.0,11.5,,2018
186.0,Markieff Morris,29.0,WAS,PF,34.0,15.0,26.0,4.2,9.6,0.436,1.4,4.2,0.333,2.8,5.4,0.516,0.509,1.7,2.1,0.781,1.2,3.9,5.1,1.8,0.7,0.6,1.4,3.4,11.5,,2019
301.0,Markieff Morris,31.0,LAL,PF,61.0,27.0,19.7,2.5,6.2,0.405,1.1,3.4,0.311,1.4,2.8,0.521,0.491,0.6,0.8,0.72,0.8,3.6,4.4,1.2,0.4,0.3,0.9,1.7,6.7,,2021
270.0,Markieff Morris,32.0,MIA,PF,17.0,1.0,17.5,3.2,6.7,0.474,0.8,2.3,0.333,2.4,4.4,0.547,0.531,0.5,0.5,0.889,1.0,1.6,2.6,1.4,0.4,0.1,1.2,1.9,7.6,,2022
439.0,Markieff Morris,35.0,LAL,PF,8.0,2.0,15.5,2.0,6.0,0.333,0.9,2.9,0.304,1.1,3.1,0.36,0.406,0.6,0.8,0.833,0.4,1.5,1.9,2.1,0.1,0.3,0.4,1.8,5.5,,2025
167.0,Marquese Chriss,19.0,PHO,PF,82.0,75.0,21.3,3.5,7.7,0.449,0.9,2.7,0.321,2.6,5.0,0.52,0.506,1.4,2.2,0.624,1.2,3.1,4.2,0.7,0.8,0.9,1.3,3.2,9.2,,2017
238.0,Marquese Chriss,20.0,PHO,PF,72.0,49.0,21.2,2.8,6.6,0.423,0.8,2.6,0.295,2.0,4.0,0.509,0.482,1.3,2.2,0.608,1.1,4.4,5.5,1.2,0.7,1.0,1.5,2.8,7.7,,2018
193.0,Marquese Chriss,22.0,GSW,PF,59.0,21.0,20.3,3.6,6.5,0.545,0.1,0.7,0.205,3.4,5.9,0.584,0.556,2.0,2.6,0.769,1.9,4.3,6.2,1.9,0.7,1.1,1.3,2.1,9.3,,2020
407.0,Marquis Teague,24.0,MEM,PG,3.0,0.0,24.7,1.3,5.3,0.25,0.3,1.3,0.25,1.0,4.0,0.25,0.281,0.7,1.7,0.4,0.3,1.7,2.0,4.3,1.3,0.0,1.0,1.7,3.7,,2018
141.0,Marreese Speights,27.0,GSW,C,76.0,9.0,15.9,4.2,8.5,0.492,0.1,0.2,0.278,4.1,8.3,0.498,0.496,2.0,2.3,0.843,1.4,2.8,4.3,0.9,0.3,0.4,1.1,2.5,10.4,,2015
188.0,Marreese Speights,29.0,LAC,C,82.0,2.0,15.7,3.0,6.7,0.445,1.3,3.4,0.372,1.7,3.3,0.52,0.539,1.5,1.7,0.876,1.1,3.5,4.5,0.8,0.3,0.5,0.8,2.8,8.7,,2017
85.0,Marvin Bagley III,19.0,SAC,PF,62.0,4.0,25.3,5.7,11.4,0.504,0.5,1.5,0.313,5.3,9.8,0.534,0.525,2.9,4.2,0.691,2.6,5.0,7.6,1.0,0.5,1.0,1.6,1.9,14.9,,2019
100.0,Marvin Bagley III,20.0,SAC,C,13.0,6.0,25.7,6.0,12.8,0.467,0.3,1.7,0.182,5.7,11.2,0.51,0.479,1.9,2.4,0.806,2.2,5.2,7.5,0.8,0.5,0.9,1.4,3.3,14.2,,2020
102.0,Marvin Bagley III,21.0,SAC,PF,43.0,42.0,25.9,5.7,11.4,0.504,0.9,2.5,0.343,4.9,8.9,0.55,0.542,1.8,3.1,0.575,2.5,4.9,7.4,1.0,0.5,0.5,1.4,2.3,14.1,,2021
145.0,Marvin Bagley III,22.0,SAC,PF,30.0,17.0,21.9,3.8,8.2,0.463,0.5,2.1,0.242,3.3,6.1,0.538,0.494,1.2,1.6,0.745,2.2,4.9,7.2,0.6,0.3,0.4,0.7,1.7,9.3,,2022
137.0,Marvin Bagley III,23.0,DET,C,42.0,25.0,23.6,4.8,9.1,0.529,0.5,1.6,0.288,4.4,7.5,0.579,0.554,1.9,2.6,0.75,2.2,4.2,6.4,0.9,0.5,0.7,1.1,1.9,12.0,,2023
143.0,Marvin Bagley III,24.0,WAS,C,24.0,15.0,24.0,5.5,9.5,0.581,0.3,0.7,0.471,5.2,8.8,0.59,0.599,1.9,2.7,0.708,3.5,4.6,8.1,1.2,0.6,0.8,1.3,1.7,13.3,,2024
230.0,Marvin Williams,28.0,CHO,PF,78.0,37.0,26.1,2.7,6.3,0.424,1.2,3.4,0.358,1.5,2.9,0.5,0.52,0.8,1.1,0.713,0.7,4.2,4.9,1.3,0.9,0.5,0.8,1.9,7.4,,2015
119.0,Marvin Williams,29.0,CHO,PF,81.0,81.0,28.9,4.2,9.2,0.452,1.9,4.7,0.402,2.3,4.6,0.504,0.554,1.5,1.8,0.833,1.6,4.9,6.4,1.4,0.7,1.0,0.8,1.6,11.7,,2016
114.0,Marvin Williams,30.0,CHO,PF,76.0,76.0,30.2,3.9,9.3,0.422,1.6,4.7,0.35,2.3,4.6,0.494,0.51,1.7,2.0,0.873,1.2,5.4,6.6,1.4,0.8,0.7,0.8,1.8,11.2,,2017
182.0,Marvin Williams,31.0,CHO,PF,78.0,78.0,25.7,3.3,7.2,0.458,1.6,3.9,0.413,1.7,3.3,0.512,0.57,1.3,1.6,0.829,0.9,3.8,4.7,1.2,0.7,0.5,0.8,1.5,9.5,,2018
170.0,Marvin Williams,32.0,CHO,PF,75.0,75.0,28.4,3.7,8.7,0.422,1.9,5.1,0.366,1.8,3.6,0.5,0.529,0.9,1.1,0.767,1.0,4.4,5.4,1.2,0.9,0.8,0.6,2.1,10.1,,2019
311.0,Marvin Williams,33.0,MIL,PF,17.0,0.0,18.9,1.5,3.4,0.439,0.7,2.3,0.308,0.8,1.1,0.722,0.544,0.4,0.4,0.857,0.9,3.5,4.4,1.1,0.6,0.5,0.5,1.9,4.0,,2020
192.0,Mason Plumlee,24.0,BRK,C,82.0,45.0,21.3,3.4,6.0,0.573,0.0,0.0,0.0,3.4,5.9,0.576,0.573,1.9,3.9,0.495,2.1,4.1,6.2,0.9,0.8,0.8,1.3,2.5,8.7,,2015
173.0,Mason Plumlee,25.0,POR,C,82.0,82.0,25.4,3.3,6.3,0.516,0.0,0.0,0.0,3.3,6.3,0.52,0.516,2.6,4.1,0.642,2.5,5.2,7.7,2.8,0.8,1.0,1.9,3.1,9.1,,2016
137.0,Mason Plumlee,26.0,POR,C,54.0,54.0,28.1,4.4,8.2,0.532,0.0,0.1,0.0,4.4,8.1,0.538,0.532,2.4,4.1,0.567,2.2,5.8,8.0,4.0,0.9,1.2,1.6,2.8,11.1,,2017
256.0,Mason Plumlee,27.0,DEN,C,74.0,26.0,19.4,3.0,5.0,0.601,0.0,0.0,0.0,3.0,5.0,0.602,0.601,1.1,2.4,0.458,1.8,3.6,5.4,1.9,0.7,1.1,1.4,2.5,7.1,,2018
234.0,Mason Plumlee,28.0,DEN,C,82.0,17.0,21.1,3.2,5.4,0.593,0.0,0.1,0.2,3.2,5.3,0.602,0.595,1.4,2.4,0.561,2.0,4.4,6.4,3.0,0.8,0.9,1.5,3.1,7.8,,2019
261.0,Mason Plumlee,29.0,DEN,C,61.0,1.0,17.3,2.9,4.7,0.615,0.0,0.1,0.0,2.9,4.6,0.625,0.615,1.4,2.5,0.535,1.6,3.6,5.2,2.5,0.5,0.6,1.3,2.3,7.2,,2020
177.0,Mason Plumlee,30.0,DET,C,56.0,56.0,26.8,4.2,6.8,0.614,0.0,0.1,0.0,4.2,6.7,0.626,0.614,2.0,3.0,0.669,2.6,6.7,9.3,3.6,0.8,0.9,1.9,3.3,10.4,,2021
314.0,Mason Plumlee,31.0,CHO,C,73.0,73.0,24.6,2.8,4.4,0.641,0.0,0.0,0.0,2.8,4.4,0.645,0.641,0.9,2.3,0.392,2.4,5.3,7.7,3.1,0.8,0.7,1.4,3.1,6.5,,2022
155.0,Mason Plumlee,32.0,LAC,C,23.0,4.0,19.9,2.8,3.8,0.727,0.0,0.0,,2.8,3.8,0.727,0.727,1.9,2.5,0.772,1.8,5.1,6.9,1.7,0.5,0.5,1.3,2.4,7.5,,2023
398.0,Mason Plumlee,34.0,PHO,C,74.0,21.0,17.6,1.7,2.7,0.619,0.0,0.1,0.0,1.7,2.7,0.631,0.619,1.1,1.7,0.648,1.6,4.6,6.1,1.8,0.4,0.6,0.8,2.1,4.5,,2025
246.0,Matas Buzelis,20.0,CHI,SF,80.0,31.0,18.9,3.2,6.9,0.454,1.2,3.3,0.361,2.0,3.6,0.54,0.541,1.1,1.4,0.815,0.7,2.8,3.5,1.0,0.4,0.9,0.9,1.6,8.6,,2025
371.0,Matisse Thybulle,22.0,PHI,SG,65.0,14.0,19.8,1.7,4.1,0.423,0.9,2.4,0.357,0.9,1.7,0.519,0.528,0.4,0.6,0.61,0.7,1.0,1.6,1.2,1.4,0.7,0.8,2.2,4.7,,2020
420.0,Matisse Thybulle,23.0,PHI,SG,65.0,8.0,20.0,1.6,3.7,0.42,0.7,2.2,0.301,0.9,1.5,0.59,0.508,0.1,0.3,0.444,0.5,1.4,1.9,1.0,1.6,1.1,0.5,2.0,3.9,,2021
361.0,Matisse Thybulle,24.0,PHI,SG,66.0,50.0,25.5,2.3,4.5,0.5,0.7,2.2,0.313,1.6,2.4,0.673,0.575,0.5,0.7,0.791,0.6,1.7,2.3,1.1,1.7,1.1,0.6,2.4,5.7,,2022
405.0,Matisse Thybulle,25.0,POR,SG,22.0,22.0,27.7,2.7,6.2,0.438,1.5,3.9,0.388,1.2,2.4,0.519,0.558,0.5,0.7,0.625,0.9,2.6,3.5,1.4,1.7,0.8,0.7,2.2,7.4,,2023
324.0,Matisse Thybulle,26.0,POR,SF,65.0,19.0,22.9,1.9,4.9,0.397,1.2,3.6,0.346,0.7,1.3,0.535,0.524,0.3,0.4,0.759,0.5,1.6,2.1,1.4,1.7,0.8,0.6,1.4,5.4,,2024
275.0,Matisse Thybulle,27.0,POR,SG,15.0,5.0,20.8,2.8,5.9,0.477,1.4,3.2,0.438,1.4,2.7,0.525,0.597,0.5,1.0,0.467,0.9,2.5,3.5,1.9,2.2,0.6,0.9,0.9,7.5,,2025
152.0,Matt Barnes,34.0,LAC,SF,76.0,74.0,29.9,3.6,8.2,0.444,1.8,4.9,0.362,1.9,3.3,0.569,0.553,1.0,1.3,0.779,0.7,3.3,4.0,1.5,0.9,0.7,1.1,3.2,10.1,,2015
149.0,Matt Barnes,35.0,MEM,SF,76.0,45.0,28.8,3.5,9.1,0.381,1.6,4.9,0.322,1.9,4.3,0.449,0.467,1.5,1.8,0.804,1.1,4.4,5.5,2.1,1.0,0.8,1.6,3.1,10.0,,2016
231.0,Matt Barnes,36.0,SAC,SF,54.0,13.0,25.3,2.7,7.1,0.384,1.3,3.9,0.327,1.4,3.2,0.453,0.474,0.9,1.2,0.758,1.0,4.4,5.4,2.8,0.7,0.3,1.5,2.6,7.6,,2017
330.0,Matthew Dellavedova,24.0,CLE,SG,67.0,13.0,20.6,1.7,4.6,0.362,1.0,2.5,0.407,0.6,2.1,0.307,0.472,0.4,0.6,0.763,0.6,1.3,1.9,3.0,0.4,0.0,0.9,2.3,4.8,,2015
219.0,Matthew Dellavedova,25.0,CLE,PG,76.0,14.0,24.6,2.7,6.7,0.405,1.3,3.1,0.41,1.4,3.6,0.401,0.501,0.8,0.9,0.864,0.4,1.7,2.1,4.4,0.6,0.1,1.5,2.3,7.5,,2016
213.0,Matthew Dellavedova,26.0,MIL,PG,76.0,54.0,26.1,2.7,7.0,0.39,1.0,2.8,0.367,1.7,4.2,0.404,0.463,1.1,1.3,0.854,0.3,1.6,1.9,4.7,0.7,0.0,1.8,2.0,7.6,,2017
378.0,Matthew Dellavedova,27.0,MIL,PG,38.0,3.0,18.7,1.4,4.0,0.362,0.8,2.1,0.372,0.7,1.9,0.351,0.457,0.7,0.7,0.926,0.4,1.3,1.7,3.8,0.4,0.0,1.3,1.8,4.3,,2018
454.0,Matthew Dellavedova,30.0,CLE,PG,13.0,1.0,17.2,1.1,4.3,0.25,0.3,1.9,0.16,0.8,2.4,0.323,0.286,0.3,0.3,1.0,0.5,1.4,1.8,4.5,0.3,0.1,0.5,1.6,2.8,,2021
391.0,Maurice Harkless,21.0,ORL,SF,45.0,4.0,15.0,1.4,3.5,0.399,0.2,1.2,0.179,1.2,2.3,0.52,0.43,0.5,0.9,0.537,0.8,1.5,2.4,0.6,0.7,0.2,0.6,1.5,3.5,,2015
262.0,Maurice Harkless,22.0,POR,SF,78.0,14.0,18.7,2.5,5.3,0.474,0.5,1.8,0.279,2.0,3.5,0.576,0.522,0.9,1.4,0.622,1.3,2.3,3.6,0.9,0.6,0.4,0.8,1.6,6.4,,2016
151.0,Maurice Harkless,23.0,POR,SF,77.0,69.0,28.9,4.1,8.1,0.503,0.9,2.5,0.351,3.2,5.6,0.572,0.558,1.0,1.6,0.621,1.6,2.8,4.4,1.1,1.1,0.9,1.1,2.8,10.0,,2017
282.0,Maurice Harkless,24.0,POR,SF,59.0,37.0,21.4,2.5,5.0,0.495,0.8,2.0,0.415,1.7,3.0,0.547,0.577,0.7,1.0,0.712,0.8,2.0,2.7,0.9,0.8,0.7,0.7,1.7,6.5,,2018
237.0,Maurice Harkless,25.0,POR,SF,60.0,53.0,23.6,3.2,6.5,0.487,0.6,2.0,0.275,2.6,4.5,0.582,0.53,0.8,1.2,0.671,1.3,3.2,4.5,1.2,1.1,0.9,0.8,2.7,7.7,,2019
315.0,Maurice Harkless,26.0,NYK,SF,12.0,10.0,23.8,2.5,5.5,0.455,0.6,2.1,0.28,1.9,3.4,0.561,0.508,1.3,2.0,0.625,0.7,2.7,3.3,1.7,0.8,0.3,0.6,2.3,6.8,,2020
359.0,Maurice Harkless,27.0,SAC,PF,26.0,20.0,24.9,2.5,5.8,0.421,0.7,2.8,0.247,1.8,3.0,0.582,0.48,1.3,1.6,0.805,0.4,2.5,2.9,1.4,1.1,0.6,0.7,2.8,6.9,,2021
397.0,Maurice Harkless,28.0,SAC,SF,47.0,24.0,18.4,1.8,3.9,0.459,0.7,2.1,0.307,1.1,1.7,0.65,0.544,0.4,0.6,0.714,0.3,2.1,2.4,0.5,0.6,0.5,0.7,1.6,4.6,,2022
201.0,Max Christie,21.0,LAL,SG,46.0,25.0,25.1,2.8,6.3,0.444,1.3,3.5,0.368,1.5,2.7,0.544,0.549,1.6,1.9,0.851,0.5,2.1,2.7,1.4,0.8,0.5,0.8,1.6,8.5,,2025
168.0,Max Strus,25.0,MIA,SF,68.0,16.0,23.3,3.7,8.3,0.441,2.7,6.5,0.41,1.0,1.8,0.557,0.602,0.6,0.8,0.792,0.4,2.6,3.0,1.4,0.4,0.2,0.8,1.7,10.6,,2022
146.0,Max Strus,26.0,MIA,SF,80.0,33.0,28.4,4.1,9.9,0.41,2.5,7.0,0.35,1.6,2.8,0.559,0.535,1.0,1.1,0.876,0.6,2.6,3.2,2.1,0.5,0.2,0.9,2.1,11.5,,2023
137.0,Max Strus,27.0,CLE,SF,70.0,70.0,32.0,4.3,10.4,0.418,2.4,6.8,0.351,1.9,3.6,0.546,0.533,1.1,1.4,0.794,0.9,3.9,4.8,4.0,0.9,0.4,1.6,2.4,12.2,,2024
209.0,Max Strus,28.0,CLE,SF,50.0,37.0,25.5,3.3,7.5,0.442,2.3,5.9,0.386,1.0,1.6,0.65,0.594,0.6,0.7,0.824,1.1,3.3,4.3,3.2,0.5,0.2,1.1,2.1,9.4,,2025
331.0,Maxi Kleber,26.0,DAL,PF,72.0,35.0,16.8,2.1,4.3,0.489,0.6,1.8,0.313,1.5,2.5,0.613,0.553,0.6,0.8,0.746,1.0,2.3,3.3,0.7,0.4,0.7,0.4,1.6,5.4,,2018
278.0,Maxi Kleber,27.0,DAL,PF,71.0,18.0,21.2,2.5,5.4,0.453,1.1,3.1,0.353,1.4,2.4,0.583,0.553,0.8,1.0,0.784,1.3,3.4,4.6,1.0,0.5,1.1,0.8,2.0,6.8,,2019
201.0,Maxi Kleber,28.0,DAL,PF,74.0,21.0,25.5,3.2,6.9,0.461,1.6,4.3,0.373,1.6,2.6,0.605,0.577,1.1,1.3,0.849,1.5,3.7,5.2,1.2,0.3,1.1,0.8,2.4,9.1,,2020
281.0,Maxi Kleber,29.0,DAL,PF,50.0,40.0,26.8,2.3,5.5,0.422,1.7,4.2,0.41,0.6,1.3,0.46,0.58,0.7,0.7,0.919,0.9,4.3,5.2,1.4,0.5,0.7,0.6,2.1,7.1,,2021
300.0,Maxi Kleber,30.0,DAL,PF,59.0,21.0,24.6,2.4,6.0,0.398,1.4,4.3,0.325,1.0,1.7,0.586,0.516,0.8,1.1,0.708,1.2,4.7,5.9,1.2,0.5,1.0,0.8,2.3,7.0,,2022
325.0,Maxi Kleber,31.0,DAL,PF,37.0,5.0,25.1,2.1,4.6,0.456,1.1,3.0,0.348,1.0,1.5,0.667,0.571,0.7,1.0,0.711,0.8,2.8,3.6,1.4,0.3,0.8,0.7,2.3,5.9,,2023
374.0,Maxi Kleber,32.0,DAL,C,43.0,7.0,20.3,1.5,3.4,0.432,0.7,2.1,0.348,0.7,1.3,0.574,0.541,0.8,1.1,0.702,0.7,2.6,3.3,1.6,0.4,0.7,0.7,1.8,4.4,,2024
467.0,Maxi Kleber,33.0,DAL,PF,34.0,4.0,18.7,1.1,2.8,0.385,0.4,1.4,0.265,0.7,1.4,0.511,0.453,0.5,0.6,0.762,0.7,2.1,2.8,1.3,0.3,0.5,0.7,1.9,3.0,,2025
162.0,Melvin Frazier,25.0,OKC,SG,3.0,0.0,40.0,4.3,16.0,0.271,0.3,7.0,0.048,4.0,9.0,0.444,0.281,1.7,2.3,0.714,1.7,2.7,4.3,0.3,0.3,0.0,1.0,2.7,10.7,,2022
325.0,Metta World Peace,36.0,LAL,SF,35.0,5.0,16.9,1.6,5.1,0.311,0.7,2.4,0.31,0.8,2.7,0.312,0.384,1.1,1.6,0.702,0.5,2.0,2.5,0.8,0.6,0.3,0.4,1.9,5.0,,2016
284.0,Meyers Leonard,22.0,POR,C,55.0,7.0,15.4,2.3,4.5,0.51,0.9,2.0,0.42,1.4,2.4,0.586,0.606,0.5,0.6,0.938,0.8,3.7,4.5,0.6,0.2,0.3,0.7,2.1,5.9,,2015
197.0,Meyers Leonard,23.0,POR,PF,61.0,10.0,21.9,3.2,7.1,0.448,1.4,3.7,0.377,1.8,3.4,0.527,0.547,0.6,0.8,0.761,0.8,4.3,5.1,1.5,0.1,0.3,1.3,3.0,8.4,,2016
311.0,Meyers Leonard,24.0,POR,PF,74.0,12.0,16.5,2.0,5.1,0.386,1.0,2.9,0.347,1.0,2.2,0.436,0.484,0.5,0.5,0.875,0.4,2.8,3.2,1.0,0.2,0.4,0.5,2.3,5.4,,2017
304.0,Meyers Leonard,27.0,MIA,C,51.0,49.0,20.3,2.3,4.6,0.509,1.0,2.5,0.414,1.3,2.1,0.623,0.622,0.4,0.5,0.643,0.6,4.5,5.1,1.1,0.3,0.3,0.8,2.1,6.1,,2020
408.0,Micah Potter,26.0,UTA,C,38.0,10.0,18.6,1.5,3.6,0.422,0.8,2.6,0.316,0.7,1.0,0.703,0.537,0.4,0.5,0.85,1.1,3.2,4.3,0.8,0.4,0.4,0.8,1.3,4.3,,2025
184.0,Michael Beasley,26.0,MIA,PF,24.0,1.0,21.0,3.8,8.8,0.434,0.3,1.4,0.235,3.5,7.4,0.472,0.453,0.8,1.1,0.769,0.5,3.2,3.7,1.3,0.6,0.5,1.5,2.8,8.8,,2015
90.0,Michael Beasley,27.0,HOU,PF,20.0,0.0,18.2,5.4,10.3,0.522,0.2,0.5,0.333,5.2,9.8,0.531,0.529,1.9,2.5,0.776,1.5,3.5,4.9,0.8,0.6,0.5,1.2,2.0,12.8,,2016
163.0,Michael Beasley,28.0,MIL,PF,56.0,6.0,16.7,3.9,7.3,0.532,0.3,0.8,0.419,3.5,6.5,0.545,0.554,1.4,1.9,0.743,0.7,2.7,3.4,0.9,0.5,0.5,1.2,1.6,9.4,,2017
98.0,Michael Beasley,29.0,NYK,PF,74.0,30.0,22.3,5.5,10.9,0.507,0.5,1.2,0.395,5.1,9.7,0.52,0.528,1.7,2.1,0.78,1.3,4.3,5.6,1.7,0.5,0.6,1.9,2.0,13.2,,2018
68.0,Michael Carter-Williams,23.0,PHI,PG,41.0,38.0,33.9,5.7,14.9,0.38,0.8,3.0,0.256,4.9,11.9,0.412,0.406,2.9,4.4,0.643,1.0,5.1,6.2,7.4,1.5,0.4,4.2,2.5,15.0,,2015
122.0,Michael Carter-Williams,24.0,MIL,PG,54.0,37.0,30.5,4.6,10.3,0.452,0.3,1.0,0.273,4.4,9.3,0.472,0.466,2.0,3.0,0.654,0.9,4.2,5.1,5.2,1.5,0.8,2.8,3.0,11.5,,2016
254.0,Michael Carter-Williams,25.0,CHI,PG,45.0,19.0,18.8,2.5,6.8,0.366,0.3,1.4,0.234,2.2,5.4,0.401,0.391,1.3,1.7,0.753,0.5,2.9,3.4,2.5,0.8,0.5,1.5,2.3,6.6,,2017
366.0,Michael Carter-Williams,26.0,CHO,PG,52.0,2.0,16.1,1.5,4.4,0.332,0.3,1.1,0.237,1.2,3.3,0.365,0.362,1.4,1.7,0.82,0.7,1.9,2.7,2.2,0.8,0.4,1.0,1.9,4.6,,2018
368.0,Michael Carter-Williams,27.0,ORL,PG,12.0,0.0,18.9,1.8,5.2,0.339,0.3,1.6,0.158,1.5,3.6,0.419,0.363,1.7,2.3,0.741,1.3,3.4,4.8,4.1,0.9,0.8,0.8,1.8,5.4,,2019
260.0,Michael Carter-Williams,28.0,ORL,SG,45.0,0.0,18.5,2.5,5.8,0.427,0.5,1.7,0.293,2.0,4.1,0.481,0.469,1.8,2.1,0.832,1.0,2.2,3.3,2.4,1.1,0.5,1.2,1.9,7.2,,2020
217.0,Michael Carter-Williams,29.0,ORL,SG,31.0,25.0,25.8,3.4,8.7,0.389,0.5,2.0,0.246,2.9,6.7,0.431,0.417,1.6,2.6,0.613,1.3,3.2,4.5,4.2,0.8,0.5,2.2,2.6,8.8,,2021
135.0,Michael Kidd-Gilchrist,21.0,CHO,SF,55.0,52.0,28.9,4.1,8.8,0.465,0.0,0.0,,4.1,8.8,0.465,0.465,2.7,3.9,0.701,2.0,5.6,7.6,1.4,0.5,0.7,1.1,2.1,10.9,,2015
98.0,Michael Kidd-Gilchrist,22.0,CHO,SF,7.0,7.0,29.3,4.7,8.7,0.541,0.4,1.0,0.429,4.3,7.7,0.556,0.566,2.9,4.1,0.69,1.7,4.7,6.4,1.3,0.4,0.4,1.1,1.3,12.7,,2016
171.0,Michael Kidd-Gilchrist,23.0,CHO,SF,81.0,81.0,29.0,3.6,7.6,0.477,0.0,0.1,0.111,3.6,7.5,0.483,0.478,1.9,2.4,0.784,1.9,5.0,7.0,1.4,1.0,1.0,0.7,2.3,9.2,,2017
187.0,Michael Kidd-Gilchrist,24.0,CHO,SF,74.0,74.0,25.0,3.8,7.6,0.504,0.0,0.0,0.0,3.8,7.5,0.505,0.504,1.6,2.3,0.684,1.1,2.9,4.1,1.0,0.7,0.4,0.7,1.9,9.2,,2018
283.0,Michael Kidd-Gilchrist,25.0,CHO,PF,64.0,3.0,18.4,2.5,5.2,0.476,0.3,0.7,0.34,2.2,4.5,0.498,0.5,1.5,1.9,0.772,1.4,2.5,3.8,1.0,0.5,0.6,0.7,2.4,6.7,,2019
194.0,Michael Porter Jr.,21.0,DEN,SF,55.0,8.0,16.4,3.5,7.0,0.509,1.1,2.7,0.422,2.4,4.3,0.564,0.59,1.1,1.3,0.833,1.2,3.5,4.7,0.8,0.5,0.5,0.9,1.8,9.3,,2020
52.0,Michael Porter Jr.,22.0,DEN,SF,61.0,54.0,31.3,7.3,13.4,0.542,2.8,6.3,0.445,4.5,7.1,0.628,0.646,1.7,2.2,0.791,1.5,5.8,7.3,1.1,0.7,0.9,1.3,2.1,19.0,,2021
191.0,Michael Porter Jr.,23.0,DEN,SF,9.0,9.0,29.4,4.1,11.4,0.359,1.1,5.3,0.208,3.0,6.1,0.491,0.408,0.6,1.0,0.556,1.0,5.6,6.6,1.9,1.1,0.2,1.3,1.8,9.9,,2022
72.0,Michael Porter Jr.,24.0,DEN,SF,62.0,62.0,29.0,6.4,13.2,0.487,3.0,7.3,0.414,3.4,5.9,0.579,0.602,1.5,1.9,0.8,1.0,4.5,5.5,1.0,0.6,0.5,1.1,1.9,17.4,,2023
77.0,Michael Porter Jr.,25.0,DEN,SF,81.0,81.0,31.7,6.4,13.3,0.484,2.7,6.8,0.397,3.7,6.5,0.575,0.586,1.1,1.4,0.836,1.3,5.7,7.0,1.5,0.5,0.7,1.1,1.8,16.7,,2024
67.0,Michael Porter Jr.,26.0,DEN,SF,77.0,77.0,33.7,6.9,13.6,0.504,2.5,6.4,0.395,4.4,7.3,0.599,0.596,1.9,2.5,0.768,1.8,5.2,7.0,2.1,0.6,0.5,1.4,2.0,18.2,,2025
217.0,Mikal Bridges,22.0,PHO,SF,82.0,56.0,29.5,3.0,6.9,0.43,1.3,3.8,0.335,1.7,3.0,0.548,0.523,1.2,1.4,0.805,0.7,2.5,3.2,2.1,1.6,0.5,0.9,2.5,8.3,,2019
199.0,Mikal Bridges,23.0,PHO,SF,73.0,32.0,28.0,3.4,6.6,0.51,1.0,2.7,0.361,2.4,4.0,0.61,0.583,1.4,1.7,0.844,0.9,3.1,4.0,1.8,1.4,0.6,1.0,2.2,9.1,,2020
112.0,Mikal Bridges,24.0,PHO,SF,72.0,72.0,32.6,5.0,9.3,0.543,1.9,4.4,0.425,3.2,4.9,0.647,0.643,1.5,1.8,0.84,1.1,3.2,4.3,2.1,1.1,0.9,0.8,1.6,13.5,,2021
101.0,Mikal Bridges,25.0,PHO,SF,82.0,82.0,34.8,5.6,10.5,0.534,1.4,3.8,0.369,4.2,6.7,0.628,0.601,1.6,1.9,0.834,0.9,3.3,4.2,2.3,1.2,0.4,0.8,1.8,14.2,,2022
54.0,Mikal Bridges,26.0,PHO,SF,56.0,56.0,36.4,6.3,13.6,0.463,1.8,4.7,0.387,4.5,9.0,0.503,0.529,2.8,3.1,0.897,1.0,3.3,4.3,3.6,1.2,0.8,1.4,2.1,17.2,,2023
54.0,Mikal Bridges,27.0,BRK,SF,82.0,82.0,34.8,6.9,15.8,0.436,2.7,7.2,0.372,4.2,8.6,0.49,0.521,3.1,3.9,0.814,0.8,3.7,4.5,3.6,1.0,0.4,2.0,1.4,19.6,,2024
71.0,Mikal Bridges,28.0,NYK,SF,82.0,82.0,37.0,7.2,14.4,0.5,2.0,5.6,0.354,5.2,8.8,0.594,0.57,1.2,1.4,0.814,0.9,2.3,3.2,3.7,0.9,0.5,1.6,1.5,17.6,,2025
54.0,Mike Conley,27.0,MEM,PG,70.0,70.0,31.8,5.6,12.6,0.446,1.5,4.0,0.386,4.1,8.6,0.473,0.506,3.1,3.6,0.859,0.4,2.6,3.0,5.4,1.3,0.2,2.2,2.0,15.8,,2015
56.0,Mike Conley,28.0,MEM,PG,56.0,56.0,31.4,5.3,12.4,0.422,1.4,3.8,0.363,3.9,8.6,0.449,0.478,3.4,4.1,0.834,0.5,2.5,2.9,6.1,1.2,0.3,1.5,1.8,15.3,,2016
29.0,Mike Conley,29.0,MEM,PG,69.0,68.0,33.2,6.7,14.6,0.46,2.5,6.1,0.408,4.2,8.6,0.497,0.545,4.6,5.3,0.859,0.4,3.0,3.5,6.3,1.3,0.3,2.3,1.8,20.5,,2017
49.0,Mike Conley,30.0,MEM,PG,12.0,12.0,31.1,5.3,14.0,0.381,2.0,6.4,0.312,3.3,7.6,0.44,0.452,4.4,5.5,0.803,0.0,2.3,2.3,4.1,1.0,0.3,1.5,2.0,17.1,,2018
26.0,Mike Conley,31.0,MEM,PG,70.0,70.0,33.5,7.0,16.0,0.438,2.2,6.1,0.364,4.8,9.9,0.483,0.507,4.9,5.8,0.845,0.6,2.8,3.4,6.4,1.3,0.3,1.9,1.8,21.1,,2019
96.0,Mike Conley,32.0,UTA,PG,47.0,41.0,29.0,4.9,12.1,0.409,2.0,5.4,0.375,2.9,6.6,0.437,0.494,2.4,3.0,0.827,0.7,2.5,3.2,4.4,0.8,0.1,2.0,2.2,14.4,,2020
74.0,Mike Conley,33.0,UTA,PG,51.0,51.0,29.4,5.6,12.5,0.444,2.7,6.6,0.412,2.9,6.0,0.479,0.552,2.4,2.8,0.852,0.7,2.8,3.5,6.0,1.4,0.2,1.9,1.9,16.2,,2021
106.0,Mike Conley,34.0,UTA,PG,72.0,72.0,28.6,4.8,11.0,0.435,2.3,5.8,0.408,2.4,5.2,0.464,0.542,1.8,2.3,0.796,0.7,2.4,3.0,5.3,1.3,0.3,1.7,2.0,13.7,,2022
139.0,Mike Conley,35.0,UTA,PG,43.0,42.0,29.7,3.6,8.7,0.408,1.8,5.0,0.362,1.8,3.8,0.469,0.511,1.8,2.2,0.813,0.4,2.1,2.5,7.7,1.0,0.2,1.7,2.2,10.7,,2023
148.0,Mike Conley,36.0,MIN,PG,76.0,76.0,28.9,3.9,8.5,0.457,2.4,5.3,0.442,1.5,3.1,0.481,0.595,1.3,1.5,0.911,0.5,2.4,2.9,5.9,1.2,0.2,1.3,1.7,11.4,,2024
259.0,Mike Conley,37.0,MIN,PG,71.0,64.0,24.7,2.6,6.6,0.4,1.8,4.4,0.41,0.8,2.2,0.38,0.535,1.1,1.3,0.9,0.5,2.1,2.6,4.5,1.1,0.2,1.1,1.6,8.2,,2025
171.0,Mike Dunleavy,34.0,CHI,SF,63.0,63.0,29.2,3.3,7.6,0.435,1.7,4.2,0.407,1.6,3.5,0.468,0.546,1.1,1.4,0.805,0.4,3.5,3.9,1.8,0.6,0.3,1.0,2.0,9.4,,2015
232.0,Mike Dunleavy,35.0,CHI,SF,31.0,30.0,22.7,2.5,6.1,0.41,1.3,3.2,0.394,1.2,2.9,0.427,0.513,0.9,1.2,0.784,0.3,2.4,2.7,1.3,0.5,0.3,0.8,2.1,7.2,,2016
317.0,Mike Dunleavy,36.0,CLE,SF,23.0,2.0,15.9,1.6,3.9,0.4,0.9,2.5,0.351,0.7,1.4,0.485,0.511,0.6,0.8,0.737,0.2,1.8,2.0,0.9,0.3,0.1,0.6,1.4,4.6,,2017
183.0,Mike James,27.0,PHO,PG,32.0,10.0,20.9,3.8,9.8,0.388,0.8,3.0,0.268,3.0,6.7,0.442,0.429,2.0,2.6,0.762,0.4,2.4,2.8,3.8,0.8,0.2,1.5,1.4,10.4,,2018
254.0,Mike James,30.0,BRK,PG,13.0,1.0,18.2,2.6,7.1,0.37,0.8,2.4,0.355,1.8,4.7,0.377,0.429,1.6,2.1,0.778,0.2,2.2,2.5,4.2,0.5,0.1,1.5,0.8,7.7,,2021
275.0,Mike Muscala,25.0,ATL,C,70.0,3.0,17.7,2.4,4.8,0.504,0.7,1.6,0.418,1.8,3.2,0.546,0.573,0.7,0.9,0.766,1.1,2.3,3.4,1.4,0.4,0.6,0.8,1.4,6.2,,2017
243.0,Mike Muscala,26.0,ATL,C,53.0,7.0,20.0,2.7,5.9,0.458,1.2,3.2,0.371,1.5,2.7,0.559,0.558,1.1,1.2,0.919,1.1,3.3,4.3,1.0,0.6,0.5,0.8,1.5,7.6,,2018
263.0,Mike Muscala,27.0,PHI,PF,47.0,6.0,22.1,2.3,5.9,0.392,1.4,4.2,0.342,0.9,1.7,0.519,0.514,1.3,1.6,0.818,1.1,3.2,4.3,1.3,0.4,0.6,0.9,2.4,7.4,,2019
191.0,Mike Muscala,29.0,OKC,C,35.0,0.0,18.4,3.4,7.6,0.446,1.9,5.3,0.37,1.5,2.4,0.614,0.573,0.9,1.0,0.917,0.5,3.2,3.8,0.8,0.2,0.3,0.6,1.5,9.7,,2021
216.0,Mike Scott,26.0,ATL,PF,68.0,0.0,16.5,3.0,6.7,0.444,1.0,2.8,0.344,2.0,3.8,0.517,0.517,0.9,1.1,0.792,0.7,2.3,2.9,1.1,0.4,0.0,0.6,1.2,7.8,,2015
270.0,Mike Scott,27.0,ATL,PF,75.0,0.0,15.3,2.3,5.0,0.468,0.8,2.1,0.392,1.5,2.9,0.523,0.551,0.7,0.8,0.794,0.7,2.0,2.7,1.0,0.3,0.2,0.6,1.4,6.2,,2016
195.0,Mike Scott,29.0,WAS,PF,76.0,1.0,18.5,3.6,6.9,0.527,0.9,2.1,0.405,2.8,4.8,0.582,0.59,0.7,1.0,0.658,0.7,2.6,3.3,1.1,0.3,0.1,1.0,1.9,8.8,,2018
323.0,Mike Scott,30.0,PHI,PF,27.0,3.0,24.0,2.8,7.0,0.4,1.8,4.4,0.412,1.0,2.6,0.38,0.529,0.4,0.6,0.667,0.7,3.1,3.8,0.8,0.3,0.2,0.6,2.5,7.8,,2019
310.0,Mike Scott,31.0,PHI,PF,68.0,11.0,17.8,2.2,5.1,0.426,1.2,3.2,0.369,1.0,2.0,0.519,0.54,0.4,0.5,0.811,1.0,2.7,3.6,0.8,0.3,0.1,0.4,1.4,6.0,,2020
402.0,Mike Scott,32.0,PHI,PF,51.0,12.0,16.7,1.5,4.1,0.36,1.0,3.0,0.342,0.5,1.1,0.411,0.486,0.2,0.2,0.667,0.2,2.1,2.4,0.8,0.5,0.3,0.4,1.4,4.2,,2021
245.0,Miles Bridges,20.0,CHO,SF,80.0,25.0,21.2,3.0,6.4,0.464,0.8,2.5,0.325,2.2,3.9,0.553,0.527,0.7,1.0,0.753,0.8,3.2,4.0,1.2,0.7,0.6,0.6,1.4,7.5,,2019
111.0,Miles Bridges,21.0,CHO,SF,65.0,64.0,30.7,4.9,11.6,0.424,1.5,4.6,0.33,3.4,7.0,0.486,0.489,1.6,2.0,0.809,1.4,4.2,5.6,1.8,0.6,0.7,1.5,2.0,13.0,,2020
130.0,Miles Bridges,22.0,CHO,PF,66.0,19.0,29.3,4.7,9.4,0.503,1.8,4.4,0.4,3.0,5.0,0.593,0.596,1.5,1.7,0.867,1.2,4.8,6.0,2.2,0.7,0.8,1.6,2.2,12.7,,2021
36.0,Miles Bridges,23.0,CHO,PF,80.0,80.0,35.5,7.5,15.2,0.491,1.9,5.8,0.331,5.5,9.4,0.59,0.554,3.3,4.2,0.802,1.1,5.9,7.0,3.8,0.9,0.8,1.9,2.4,20.2,,2022
42.0,Miles Bridges,25.0,CHO,SF,69.0,67.0,37.4,8.1,17.5,0.462,2.3,6.5,0.349,5.8,11.0,0.529,0.527,2.5,3.1,0.825,1.0,6.3,7.3,3.3,0.9,0.5,2.0,1.7,21.0,,2024
48.0,Miles Bridges,26.0,CHO,PF,64.0,64.0,31.7,7.3,17.0,0.431,2.2,7.0,0.313,5.1,10.0,0.513,0.495,3.5,4.0,0.87,1.1,6.4,7.5,3.9,0.7,0.7,2.1,1.5,20.3,,2025
218.0,Miles McBride,23.0,NYK,PG,68.0,14.0,19.5,3.0,6.7,0.452,1.6,3.9,0.41,1.4,2.8,0.511,0.572,0.6,0.7,0.86,0.5,1.0,1.5,1.7,0.7,0.1,0.4,1.6,8.3,,2024
204.0,Miles McBride,24.0,NYK,PG,64.0,10.0,24.9,3.5,8.5,0.406,1.8,4.9,0.369,1.7,3.7,0.455,0.511,0.8,1.0,0.813,0.7,1.8,2.5,2.9,1.0,0.3,0.6,1.7,9.5,,2025
367.0,Miles Plumlee,26.0,PHO,C,54.0,28.0,18.6,2.0,3.6,0.549,0.0,0.0,,2.0,3.6,0.549,0.549,0.4,0.7,0.5,1.8,3.3,5.1,0.5,0.6,1.0,0.8,1.8,4.3,,2015
381.0,Miles Plumlee,29.0,ATL,C,55.0,35.0,16.7,1.9,3.3,0.583,0.0,0.0,,1.9,3.3,0.583,0.583,0.5,1.1,0.45,1.4,2.7,4.1,0.8,0.3,0.5,1.1,1.4,4.3,,2018
181.0,Miloš Teodosić,30.0,LAC,PG,45.0,36.0,25.2,3.4,8.0,0.419,2.0,5.2,0.379,1.4,2.8,0.492,0.542,0.9,1.0,0.848,0.4,2.4,2.8,4.6,0.5,0.1,2.2,2.3,9.5,,2018
195.0,Mirza Teletović,29.0,BRK,PF,40.0,4.0,22.3,3.1,8.0,0.382,1.6,4.8,0.321,1.5,3.2,0.476,0.48,0.8,1.2,0.717,0.7,4.2,4.9,1.2,0.4,0.4,1.3,1.9,8.5,,2015
107.0,Mirza Teletović,30.0,PHO,PF,79.0,1.0,21.3,4.2,9.8,0.427,2.3,5.8,0.393,1.9,4.0,0.476,0.544,1.5,2.0,0.774,0.7,3.1,3.8,1.1,0.4,0.3,1.1,2.0,12.2,,2016
264.0,Mirza Teletović,31.0,MIL,PF,70.0,2.0,16.2,2.2,6.0,0.373,1.5,4.4,0.341,0.7,1.6,0.46,0.498,0.5,0.6,0.778,0.2,2.2,2.3,0.7,0.2,0.2,0.5,1.6,6.4,,2017
257.0,Mirza Teletović,32.0,MIL,PF,10.0,0.0,15.9,2.5,5.7,0.439,2.1,4.5,0.467,0.4,1.2,0.333,0.623,0.0,0.0,,0.3,2.0,2.3,1.0,0.4,0.1,0.7,1.4,7.1,,2018
267.0,Mitch McGary,22.0,OKC,PF,32.0,2.0,15.2,2.8,5.2,0.533,0.0,0.1,0.0,2.8,5.1,0.54,0.533,0.8,1.3,0.625,1.7,3.5,5.2,0.4,0.5,0.5,1.0,2.3,6.3,,2015
257.0,Mitchell Robinson,20.0,NYK,C,66.0,19.0,20.6,3.1,4.4,0.694,0.0,0.0,,3.1,4.4,0.694,0.694,1.2,2.0,0.6,2.7,3.7,6.4,0.6,0.8,2.4,0.5,3.3,7.3,,2019
185.0,Mitchell Robinson,21.0,NYK,C,61.0,7.0,23.1,4.1,5.6,0.742,0.0,0.0,,4.1,5.6,0.742,0.742,1.4,2.4,0.568,3.0,4.0,7.0,0.6,0.9,2.0,0.6,3.2,9.7,,2020
235.0,Mitchell Robinson,22.0,NYK,C,31.0,29.0,27.5,3.7,5.7,0.653,0.0,0.0,,3.7,5.7,0.653,0.653,0.8,1.7,0.491,3.6,4.5,8.1,0.5,1.1,1.5,0.8,2.8,8.3,,2021
234.0,Mitchell Robinson,23.0,NYK,C,72.0,62.0,25.7,3.6,4.8,0.761,0.0,0.0,,3.6,4.8,0.761,0.761,1.2,2.5,0.486,4.1,4.5,8.6,0.5,0.8,1.8,0.8,2.7,8.5,,2022
257.0,Mitchell Robinson,24.0,NYK,C,59.0,58.0,27.0,3.2,4.7,0.671,0.0,0.0,,3.2,4.7,0.671,0.671,1.0,2.1,0.484,4.5,4.9,9.4,0.9,0.9,1.8,0.7,2.7,7.4,,2023
313.0,Mitchell Robinson,25.0,NYK,C,31.0,21.0,24.8,2.4,4.1,0.575,0.0,0.0,,2.4,4.1,0.575,0.575,0.9,2.1,0.409,4.6,3.9,8.5,0.6,1.2,1.1,0.8,1.8,5.6,,2024
378.0,Mitchell Robinson,26.0,NYK,C,17.0,3.0,17.1,2.2,3.3,0.661,0.0,0.0,,2.2,3.3,0.661,0.661,0.8,1.1,0.684,3.1,2.9,5.9,0.8,0.9,1.1,0.6,1.5,5.1,,2025
306.0,Mo Bamba,20.0,ORL,C,47.0,1.0,16.3,2.5,5.2,0.481,0.4,1.5,0.3,2.0,3.7,0.555,0.525,0.8,1.3,0.587,1.4,3.6,5.0,0.8,0.3,1.4,0.9,2.2,6.2,,2019
242.0,Mo Bamba,22.0,ORL,C,46.0,5.0,15.8,3.1,6.5,0.472,0.8,2.6,0.322,2.3,4.0,0.568,0.535,1.0,1.4,0.682,1.7,4.1,5.8,0.8,0.3,1.3,0.8,1.9,8.0,,2021
165.0,Mo Bamba,23.0,ORL,C,71.0,69.0,25.7,4.2,8.7,0.48,1.5,4.0,0.381,2.7,4.7,0.563,0.566,0.8,1.0,0.781,2.1,6.0,8.1,1.2,0.5,1.7,1.1,2.6,10.6,,2022
295.0,Mo Bamba,24.0,ORL,C,40.0,6.0,17.0,2.7,5.4,0.495,1.1,2.7,0.398,1.6,2.7,0.594,0.596,0.9,1.3,0.686,1.2,3.4,4.6,1.1,0.3,1.0,0.6,2.2,7.3,,2023
406.0,Mo Bamba,26.0,NOP,C,4.0,0.0,15.3,1.0,2.3,0.444,0.0,1.0,0.0,1.0,1.3,0.8,0.444,0.5,0.5,1.0,1.5,4.8,6.3,0.5,0.0,0.8,0.3,1.8,2.5,,2025
73.0,Mo Williams,32.0,MIN,PG,41.0,19.0,28.0,4.4,10.9,0.403,1.4,4.1,0.347,3.0,6.8,0.437,0.469,2.0,2.3,0.851,0.3,2.1,2.4,6.4,0.7,0.2,2.5,2.5,12.2,,2015
202.0,Mo Williams,33.0,CLE,PG,41.0,14.0,18.2,3.2,7.4,0.437,0.9,2.5,0.353,2.3,4.9,0.48,0.497,0.9,1.0,0.905,0.1,1.6,1.8,2.4,0.3,0.1,1.4,1.5,8.2,,2016
24.0,Monta Ellis,29.0,DAL,SG,80.0,80.0,33.7,7.5,16.9,0.445,1.0,3.6,0.285,6.5,13.4,0.487,0.475,2.9,3.8,0.752,0.4,2.0,2.4,4.1,1.9,0.3,2.5,2.5,18.9,,2015
82.0,Monta Ellis,30.0,IND,SG,81.0,81.0,33.8,5.4,12.6,0.427,1.1,3.5,0.309,4.3,9.1,0.472,0.47,2.0,2.5,0.786,0.5,2.8,3.3,4.7,1.9,0.5,2.5,2.1,13.8,,2016
190.0,Monta Ellis,31.0,IND,SG,74.0,33.0,27.0,3.3,7.5,0.443,0.6,1.8,0.319,2.8,5.7,0.483,0.482,1.3,1.7,0.727,0.3,2.5,2.8,3.2,1.1,0.4,1.8,2.0,8.5,,2017
165.0,Monte Morris,23.0,DEN,PG,82.0,6.0,24.0,4.2,8.6,0.493,1.1,2.8,0.414,3.1,5.8,0.531,0.56,0.8,1.0,0.802,0.4,1.9,2.4,3.6,0.9,0.0,0.6,1.2,10.4,,2019
205.0,Monte Morris,24.0,DEN,PG,73.0,12.0,22.4,3.6,7.8,0.459,0.9,2.4,0.378,2.7,5.4,0.495,0.517,1.0,1.2,0.843,0.3,1.5,1.9,3.5,0.8,0.2,0.7,1.0,9.0,,2020
180.0,Monte Morris,25.0,DEN,PG,47.0,13.0,25.4,4.0,8.2,0.481,1.1,2.9,0.381,2.9,5.4,0.534,0.547,1.2,1.6,0.795,0.2,1.8,2.0,3.2,0.7,0.3,0.7,1.0,10.2,,2021
124.0,Monte Morris,26.0,DEN,PG,75.0,74.0,29.9,5.0,10.3,0.484,1.7,4.2,0.395,3.3,6.1,0.545,0.564,1.0,1.1,0.869,0.4,2.7,3.0,4.4,0.7,0.2,1.0,1.2,12.6,,2022
167.0,Monte Morris,27.0,WAS,PG,62.0,61.0,27.3,4.0,8.3,0.48,1.3,3.3,0.382,2.7,5.0,0.543,0.555,1.0,1.2,0.831,0.4,3.0,3.4,5.3,0.7,0.2,1.0,1.2,10.3,,2023
342.0,Monte Morris,28.0,MIN,PG,27.0,0.0,15.1,1.9,4.4,0.417,0.9,2.2,0.424,0.9,2.3,0.41,0.521,0.4,0.6,0.706,0.2,1.5,1.7,2.3,0.7,0.3,0.2,0.5,5.1,,2024
175.0,Montrezl Harrell,23.0,HOU,C,58.0,14.0,18.3,3.9,5.9,0.652,0.0,0.1,0.143,3.9,5.8,0.663,0.654,1.3,2.1,0.628,1.4,2.4,3.8,1.1,0.3,0.7,0.8,2.2,9.1,,2017
153.0,Montrezl Harrell,24.0,LAC,C,76.0,3.0,17.0,4.6,7.2,0.635,0.0,0.1,0.143,4.6,7.1,0.641,0.636,1.8,2.9,0.626,1.4,2.7,4.0,1.0,0.5,0.7,0.9,1.9,11.0,,2018
62.0,Montrezl Harrell,25.0,LAC,C,82.0,5.0,26.3,6.7,10.8,0.615,0.0,0.2,0.176,6.6,10.6,0.623,0.617,3.2,5.0,0.643,2.2,4.3,6.5,2.0,0.9,1.3,1.6,3.1,16.6,,2019
51.0,Montrezl Harrell,26.0,LAC,C,63.0,2.0,27.8,7.5,12.9,0.58,0.0,0.3,0.0,7.5,12.6,0.593,0.58,3.7,5.6,0.658,2.6,4.5,7.1,1.7,0.6,1.1,1.7,2.3,18.6,,2020
113.0,Montrezl Harrell,27.0,LAL,C,69.0,1.0,22.9,5.4,8.7,0.622,0.0,0.1,0.0,5.4,8.6,0.632,0.622,2.6,3.7,0.707,2.3,3.9,6.2,1.1,0.7,0.7,1.1,1.9,13.5,,2021
116.0,Montrezl Harrell,28.0,WAS,C,46.0,3.0,24.3,5.4,8.3,0.645,0.1,0.3,0.267,5.3,8.0,0.66,0.65,3.2,4.5,0.727,2.1,4.6,6.7,2.1,0.4,0.7,1.1,1.9,14.1,,2022
215.0,Moritz Wagner,22.0,WAS,C,45.0,5.0,18.6,3.2,5.9,0.545,0.6,1.8,0.313,2.7,4.1,0.645,0.592,1.7,2.1,0.821,1.2,3.6,4.9,1.2,0.6,0.4,1.5,3.4,8.7,,2020
289.0,Moritz Wagner,23.0,WAS,C,25.0,13.0,15.0,2.5,4.9,0.508,0.5,1.7,0.31,2.0,3.2,0.613,0.561,1.6,2.1,0.788,0.5,2.4,2.9,1.3,0.9,0.3,0.8,2.5,7.1,,2021
218.0,Moritz Wagner,24.0,ORL,C,63.0,3.0,15.2,3.1,6.3,0.497,1.0,3.2,0.328,2.1,3.1,0.672,0.581,1.7,2.0,0.806,0.7,3.0,3.7,1.4,0.3,0.2,0.9,2.0,9.0,,2022
163.0,Moritz Wagner,25.0,ORL,C,57.0,18.0,19.5,3.5,6.9,0.5,0.9,2.9,0.313,2.6,4.1,0.631,0.564,2.7,3.2,0.841,1.2,3.3,4.5,1.5,0.6,0.2,1.2,2.4,10.5,,2023
163.0,Moritz Wagner,26.0,ORL,C,80.0,1.0,17.7,4.2,6.9,0.601,0.5,1.4,0.33,3.7,5.5,0.673,0.636,2.1,2.6,0.814,1.5,2.9,4.3,1.2,0.5,0.3,1.2,2.0,10.9,,2024
126.0,Moritz Wagner,27.0,ORL,C,30.0,1.0,18.8,4.7,8.3,0.562,0.9,2.5,0.36,3.8,5.8,0.649,0.616,2.6,3.7,0.718,1.3,3.6,4.9,1.4,0.8,0.4,1.6,1.8,12.9,,2025
225.0,Moses Brown,21.0,OKC,C,43.0,32.0,21.4,3.4,6.2,0.545,0.0,0.0,,3.4,6.2,0.545,0.545,1.8,2.9,0.619,3.6,5.3,8.9,0.2,0.7,1.1,1.0,2.2,8.6,,2021
225.0,Moses Moody,21.0,GSW,SG,66.0,9.0,17.5,2.9,6.4,0.462,1.1,3.0,0.36,1.8,3.3,0.555,0.548,1.1,1.4,0.785,1.0,2.0,3.0,0.9,0.6,0.4,0.7,1.4,8.1,,2024
199.0,Moses Moody,22.0,GSW,SG,74.0,34.0,22.3,3.3,7.7,0.433,1.7,4.6,0.374,1.6,3.1,0.519,0.544,1.4,1.8,0.797,0.7,1.9,2.6,1.3,0.8,0.4,0.7,1.6,9.8,,2025
341.0,Mouhamed Gueye,22.0,ATL,PF,33.0,28.0,16.2,2.2,5.2,0.421,0.6,2.5,0.259,1.5,2.7,0.567,0.482,1.0,1.3,0.762,1.3,2.9,4.2,0.8,0.8,1.0,0.5,1.7,6.0,,2025
358.0,Moussa Diabaté,23.0,CHO,C,71.0,8.0,17.5,2.4,3.9,0.596,0.0,0.1,0.0,2.4,3.9,0.609,0.596,1.0,1.6,0.595,2.6,3.5,6.2,0.8,0.6,0.6,0.9,1.5,5.7,,2025
152.0,Mychal Mulder,25.0,GSW,SF,7.0,3.0,29.1,3.7,9.6,0.388,2.3,7.4,0.308,1.4,2.1,0.667,0.507,1.3,1.7,0.75,0.4,2.9,3.3,1.1,0.3,0.1,0.7,2.9,11.0,,2020
328.0,Myke Henry,25.0,MEM,SF,20.0,0.0,18.9,2.1,5.5,0.376,1.0,2.9,0.328,1.1,2.6,0.431,0.463,0.3,0.5,0.6,0.5,1.4,1.9,1.1,1.6,0.3,1.0,1.4,5.4,,2018
144.0,Myles Turner,19.0,IND,C,60.0,30.0,22.8,4.4,8.8,0.498,0.1,0.2,0.214,4.4,8.6,0.506,0.501,1.5,2.0,0.727,1.1,4.4,5.5,0.7,0.4,1.4,1.1,2.6,10.3,,2016
71.0,Myles Turner,20.0,IND,C,81.0,81.0,31.4,5.5,10.7,0.511,0.5,1.4,0.348,5.0,9.3,0.536,0.534,3.0,3.7,0.809,1.7,5.6,7.3,1.3,0.9,2.1,1.3,3.2,14.5,,2017
113.0,Myles Turner,21.0,IND,C,65.0,62.0,28.2,4.7,9.8,0.479,0.9,2.4,0.357,3.8,7.4,0.519,0.523,2.5,3.2,0.777,1.4,5.0,6.4,1.3,0.6,1.8,1.5,2.9,12.7,,2018
109.0,Myles Turner,22.0,IND,C,74.0,74.0,28.6,5.1,10.5,0.487,1.0,2.6,0.388,4.1,7.9,0.521,0.536,2.0,2.7,0.736,1.4,5.8,7.2,1.6,0.8,2.7,1.4,2.6,13.3,,2019
128.0,Myles Turner,23.0,IND,C,62.0,62.0,29.5,4.3,9.5,0.457,1.4,4.0,0.344,2.9,5.4,0.54,0.53,2.0,2.7,0.751,1.4,5.2,6.6,1.2,0.7,2.1,1.4,2.7,12.1,,2020
133.0,Myles Turner,24.0,IND,C,47.0,47.0,31.0,4.4,9.2,0.477,1.5,4.4,0.335,2.9,4.8,0.606,0.557,2.4,3.0,0.782,1.3,5.2,6.5,1.0,0.9,3.4,1.4,3.5,12.6,,2021
121.0,Myles Turner,25.0,IND,C,42.0,42.0,29.4,4.8,9.4,0.509,1.5,4.4,0.333,3.3,5.0,0.662,0.587,1.9,2.5,0.752,1.5,5.5,7.1,1.0,0.7,2.8,1.3,2.8,12.9,,2022
69.0,Myles Turner,26.0,IND,C,62.0,62.0,29.4,6.5,11.8,0.548,1.5,4.0,0.373,5.0,7.8,0.638,0.612,3.5,4.5,0.783,1.4,6.1,7.5,1.4,0.6,2.3,1.7,3.5,18.0,,2023
73.0,Myles Turner,27.0,IND,C,77.0,77.0,27.0,6.2,11.8,0.524,1.5,4.2,0.358,4.7,7.6,0.615,0.587,3.2,4.1,0.773,1.5,5.5,6.9,1.3,0.5,1.9,1.4,3.0,17.1,,2024
89.0,Myles Turner,28.0,IND,C,72.0,72.0,30.2,5.4,11.3,0.481,2.2,5.5,0.396,3.3,5.8,0.561,0.577,2.6,3.3,0.773,1.3,5.3,6.5,1.5,0.8,2.0,1.7,2.5,15.6,,2025
263.0,Mãozinha Pereira,23.0,MEM,SF,7.0,1.0,17.4,2.6,5.0,0.514,0.7,1.9,0.385,1.9,3.1,0.591,0.586,1.0,1.4,0.7,1.6,3.7,5.3,0.3,0.9,0.6,0.7,1.4,6.9,,2024
255.0,Naji Marshall,23.0,NOP,SF,32.0,10.0,21.9,2.6,6.5,0.392,0.9,2.6,0.349,1.7,3.9,0.421,0.462,1.7,2.3,0.707,0.5,4.2,4.6,2.8,0.8,0.3,1.2,1.8,7.7,,2021
210.0,Naji Marshall,25.0,NOP,SF,77.0,21.0,23.3,3.2,7.4,0.433,0.9,2.8,0.303,2.4,4.6,0.513,0.49,1.8,2.3,0.789,0.6,3.0,3.6,2.5,0.7,0.2,1.3,1.5,9.1,,2023
252.0,Naji Marshall,26.0,NOP,SF,66.0,1.0,19.0,2.6,5.6,0.463,0.9,2.3,0.387,1.7,3.3,0.516,0.542,1.0,1.3,0.791,0.8,2.8,3.6,1.9,0.7,0.2,1.0,1.4,7.1,,2024
121.0,Naji Marshall,27.0,DAL,SF,69.0,31.0,27.8,5.2,10.3,0.508,0.9,3.2,0.275,4.4,7.2,0.611,0.551,1.9,2.3,0.813,1.1,3.7,4.8,3.0,1.0,0.2,1.6,1.6,13.2,,2025
193.0,Nassir Little,21.0,POR,SF,42.0,23.0,25.9,3.5,7.5,0.46,1.2,3.7,0.331,2.2,3.8,0.584,0.541,1.6,2.2,0.734,1.4,4.2,5.6,1.3,0.6,0.9,1.0,2.0,9.8,,2022
299.0,Nassir Little,22.0,POR,SF,54.0,4.0,18.1,2.5,5.6,0.442,1.1,2.9,0.367,1.4,2.7,0.524,0.538,0.6,0.9,0.717,0.5,2.1,2.6,0.9,0.4,0.4,0.7,1.2,6.6,,2023
207.0,Naz Reid,20.0,MIN,C,30.0,11.0,16.5,3.3,8.1,0.412,1.1,3.2,0.33,2.3,4.9,0.466,0.477,1.2,1.8,0.698,1.1,3.0,4.1,1.2,0.6,0.7,0.7,2.8,9.0,,2020
160.0,Naz Reid,21.0,MIN,C,70.0,15.0,19.2,4.3,8.3,0.523,0.9,2.5,0.351,3.5,5.8,0.597,0.576,1.6,2.4,0.693,1.2,3.4,4.6,1.0,0.5,1.1,1.0,2.6,11.2,,2021
242.0,Naz Reid,22.0,MIN,C,77.0,6.0,15.8,3.0,6.2,0.489,0.7,2.2,0.343,2.3,4.0,0.568,0.549,1.5,1.9,0.765,1.3,2.6,3.9,0.9,0.5,0.9,1.1,2.2,8.3,,2022
144.0,Naz Reid,23.0,MIN,C,68.0,11.0,18.4,4.6,8.5,0.537,1.1,3.2,0.346,3.5,5.3,0.653,0.602,1.3,1.9,0.677,1.1,3.8,4.9,1.1,0.6,0.8,1.4,2.6,11.5,,2023
118.0,Naz Reid,24.0,MIN,PF,81.0,14.0,24.2,5.0,10.5,0.477,2.1,5.0,0.414,2.9,5.5,0.535,0.576,1.3,1.8,0.736,0.9,4.3,5.2,1.3,0.8,0.9,1.4,2.1,13.5,,2024
107.0,Naz Reid,25.0,MIN,C,80.0,17.0,27.5,5.3,11.5,0.462,2.2,5.8,0.379,3.1,5.8,0.544,0.556,1.4,1.8,0.776,1.2,4.9,6.0,2.3,0.7,0.9,1.4,2.4,14.2,,2025
318.0,Nemanja Bjelica,27.0,MIN,PF,60.0,0.0,17.9,1.8,3.9,0.468,0.8,2.1,0.384,1.0,1.8,0.564,0.57,0.7,0.9,0.727,0.8,2.7,3.5,1.4,0.4,0.4,0.8,2.6,5.1,,2016
271.0,Nemanja Bjelica,28.0,MIN,PF,65.0,1.0,18.3,2.3,5.5,0.424,0.9,2.7,0.316,1.5,2.8,0.531,0.503,0.7,0.9,0.738,0.9,2.9,3.8,1.2,0.6,0.3,0.9,2.4,6.2,,2017
268.0,Nemanja Bjelica,29.0,MIN,PF,67.0,21.0,20.5,2.6,5.5,0.461,1.1,2.7,0.415,1.4,2.8,0.505,0.563,0.5,0.7,0.8,0.8,3.3,4.1,1.3,0.7,0.2,0.8,2.1,6.8,,2018
181.0,Nemanja Bjelica,30.0,SAC,PF,77.0,70.0,23.2,3.7,7.7,0.479,1.3,3.3,0.401,2.4,4.4,0.539,0.566,0.9,1.2,0.761,1.6,4.1,5.8,1.9,0.7,0.7,1.1,2.6,9.6,,2019
142.0,Nemanja Bjelica,31.0,SAC,PF,72.0,67.0,27.9,4.4,9.1,0.481,1.9,4.4,0.419,2.5,4.6,0.541,0.583,1.0,1.2,0.821,1.5,4.8,6.4,2.8,0.9,0.6,1.4,3.0,11.5,,2020
309.0,Nemanja Bjelica,32.0,SAC,PF,26.0,1.0,16.9,2.7,5.8,0.46,0.7,2.2,0.293,2.0,3.5,0.565,0.517,1.2,1.6,0.762,0.9,2.9,3.8,1.9,0.3,0.1,1.1,1.8,7.2,,2021
337.0,Nemanja Bjelica,33.0,GSW,C,71.0,0.0,16.1,2.3,4.8,0.468,0.8,2.1,0.362,1.5,2.7,0.549,0.547,0.8,1.1,0.728,0.9,3.3,4.1,2.2,0.6,0.4,1.2,1.8,6.1,,2022
134.0,Nenê,32.0,WAS,PF,67.0,58.0,25.3,4.6,9.0,0.511,0.0,0.1,0.2,4.6,8.9,0.513,0.512,1.8,3.0,0.604,1.3,3.9,5.1,1.8,1.0,0.3,1.9,2.7,11.0,,2015
170.0,Nenê,33.0,WAS,PF,57.0,11.0,19.2,3.7,6.7,0.544,0.0,0.1,0.0,3.7,6.7,0.549,0.544,1.9,3.2,0.578,0.9,3.6,4.5,1.7,0.9,0.5,1.3,2.7,9.2,,2016
176.0,Nenê,34.0,HOU,C,67.0,8.0,17.9,3.7,5.9,0.617,0.0,0.1,0.333,3.6,5.8,0.624,0.621,1.7,2.9,0.589,1.4,2.8,4.2,1.0,0.8,0.6,1.1,2.4,9.1,,2017
161.0,Nerlens Noel,20.0,PHI,C,75.0,71.0,30.8,4.0,8.7,0.462,0.0,0.0,,4.0,8.7,0.462,0.462,1.9,3.1,0.609,2.5,5.7,8.1,1.7,1.8,1.9,1.9,2.8,9.9,,2015
127.0,Nerlens Noel,21.0,PHI,C,67.0,62.0,29.3,4.6,8.8,0.521,0.0,0.0,0.5,4.6,8.7,0.521,0.522,2.0,3.4,0.59,2.3,5.8,8.1,1.8,1.8,1.5,2.4,2.9,11.1,,2016
185.0,Nerlens Noel,22.0,PHI,C,29.0,7.0,19.4,3.7,6.0,0.611,0.0,0.0,0.0,3.7,6.0,0.615,0.611,1.5,2.2,0.683,1.6,3.4,5.0,1.0,1.5,0.9,1.0,2.4,8.9,,2017
374.0,Nerlens Noel,23.0,DAL,C,30.0,6.0,15.7,1.8,3.5,0.524,0.0,0.0,0.0,1.8,3.5,0.529,0.524,0.7,0.9,0.75,1.6,4.0,5.6,0.7,1.0,0.7,0.9,2.0,4.4,,2018
255.0,Nerlens Noel,25.0,OKC,C,61.0,7.0,18.5,3.0,4.4,0.684,0.0,0.0,0.333,3.0,4.4,0.688,0.686,1.3,1.7,0.755,1.5,3.4,4.9,0.9,1.0,1.5,1.1,2.7,7.4,,2020
368.0,Nerlens Noel,26.0,NYK,C,64.0,41.0,24.2,2.1,3.5,0.614,0.0,0.0,0.0,2.1,3.4,0.623,0.614,0.8,1.1,0.714,2.2,4.2,6.4,0.7,1.1,2.2,1.0,2.8,5.1,,2021
461.0,Nerlens Noel,27.0,NYK,C,25.0,11.0,22.5,1.3,2.4,0.533,0.0,0.1,0.0,1.3,2.3,0.561,0.533,0.8,1.2,0.7,1.9,3.7,5.6,0.9,1.2,1.2,0.8,2.7,3.4,,2022
306.0,Nic Claxton,21.0,BRK,C,32.0,1.0,18.6,2.8,4.5,0.621,0.0,0.2,0.2,2.8,4.4,0.636,0.624,1.0,2.0,0.484,1.3,3.8,5.2,0.9,0.7,1.3,0.6,2.1,6.6,,2021
225.0,Nic Claxton,22.0,BRK,C,47.0,19.0,20.7,3.8,5.6,0.674,0.0,0.0,,3.8,5.6,0.674,0.674,1.1,2.0,0.581,1.9,3.7,5.6,0.9,0.5,1.1,0.8,2.3,8.7,,2022
127.0,Nic Claxton,23.0,BRK,C,76.0,76.0,29.9,5.4,7.7,0.705,0.0,0.0,0.0,5.4,7.7,0.708,0.705,1.8,3.2,0.541,2.4,6.8,9.2,1.9,0.9,2.5,1.3,2.8,12.6,,2023
142.0,Nic Claxton,24.0,BRK,C,71.0,71.0,29.8,5.2,8.2,0.629,0.0,0.1,0.2,5.1,8.1,0.633,0.63,1.5,2.8,0.551,2.7,7.2,9.9,2.1,0.6,2.1,1.3,2.5,11.8,,2024
179.0,Nic Claxton,25.0,BRK,C,70.0,62.0,26.9,4.6,8.1,0.563,0.1,0.3,0.238,4.5,7.8,0.576,0.568,1.1,2.2,0.513,2.2,5.1,7.4,2.2,0.9,1.4,1.2,2.1,10.3,,2025
365.0,Nick Collison,34.0,OKC,PF,66.0,2.0,16.7,1.6,3.8,0.419,0.2,0.9,0.267,1.4,2.9,0.466,0.451,0.7,1.0,0.692,1.4,2.4,3.8,1.4,0.5,0.4,0.7,2.4,4.1,,2015
237.0,Nick Richards,25.0,CHO,C,65.0,9.0,18.7,3.0,4.8,0.629,0.0,0.0,1.0,3.0,4.8,0.628,0.631,2.1,2.8,0.749,2.3,4.1,6.4,0.6,0.2,1.1,0.9,2.4,8.2,,2023
190.0,Nick Richards,26.0,CHO,C,67.0,51.0,26.3,3.9,5.6,0.691,0.0,0.0,0.0,3.9,5.6,0.693,0.691,2.0,2.7,0.737,2.6,5.5,8.0,0.8,0.4,1.1,1.1,2.6,9.7,,2024
212.0,Nick Richards,27.0,PHO,C,36.0,34.0,22.7,3.9,6.5,0.605,0.0,0.0,0.0,3.9,6.4,0.608,0.605,1.7,2.0,0.822,2.7,5.9,8.6,0.6,0.2,0.8,1.3,2.6,9.5,,2025
197.0,Nick Smith Jr.,20.0,CHO,SG,60.0,27.0,22.8,3.7,9.5,0.391,1.7,5.1,0.34,2.0,4.4,0.45,0.482,0.7,0.8,0.935,0.2,1.9,2.1,2.4,0.3,0.1,1.4,1.3,9.9,,2025
87.0,Nick Young,29.0,LAL,SG,42.0,0.0,23.8,4.1,11.3,0.366,2.0,5.4,0.369,2.2,6.0,0.363,0.453,3.1,3.5,0.892,0.4,1.9,2.3,1.0,0.5,0.3,1.0,2.0,13.4,,2015
227.0,Nick Young,30.0,LAL,SG,54.0,2.0,19.1,2.3,6.9,0.339,1.4,4.4,0.325,0.9,2.5,0.363,0.442,1.2,1.4,0.829,0.3,1.5,1.8,0.6,0.4,0.1,0.6,0.9,7.3,,2016
93.0,Nick Young,31.0,LAL,SG,60.0,60.0,25.9,4.5,10.6,0.43,2.8,7.0,0.404,1.7,3.5,0.481,0.564,1.3,1.5,0.856,0.4,1.9,2.3,1.0,0.6,0.2,0.6,2.3,13.2,,2017
250.0,Nick Young,32.0,GSW,SG,80.0,8.0,17.4,2.5,6.1,0.412,1.5,4.1,0.377,1.0,2.0,0.481,0.538,0.7,0.8,0.862,0.3,1.3,1.6,0.5,0.5,0.1,0.5,1.3,7.3,,2018
164.0,Nickeil Alexander-Walker,22.0,NOP,SG,46.0,13.0,21.9,4.2,10.0,0.419,1.7,4.8,0.347,2.5,5.2,0.485,0.502,1.0,1.4,0.727,0.3,2.8,3.1,2.2,1.0,0.5,1.5,1.9,11.0,,2021
226.0,Nickeil Alexander-Walker,25.0,MIN,SG,82.0,20.0,23.4,2.9,6.6,0.439,1.6,4.1,0.391,1.3,2.5,0.517,0.56,0.6,0.8,0.8,0.4,1.6,2.0,2.5,0.8,0.5,0.9,1.7,8.0,,2024
206.0,Nickeil Alexander-Walker,26.0,MIN,SG,82.0,10.0,25.3,3.3,7.5,0.438,1.7,4.5,0.381,1.6,3.0,0.524,0.553,1.1,1.4,0.78,0.7,2.6,3.2,2.7,0.6,0.4,1.2,1.7,9.4,,2025
170.0,Nicolas Batum,26.0,POR,SF,71.0,71.0,33.5,3.4,8.5,0.4,1.4,4.4,0.324,2.0,4.1,0.481,0.483,1.2,1.4,0.857,0.9,5.0,5.9,4.8,1.1,0.6,1.9,1.5,9.4,,2015
65.0,Nicolas Batum,27.0,CHO,SF,70.0,70.0,35.0,5.3,12.5,0.426,2.0,5.7,0.348,3.3,6.8,0.492,0.506,2.3,2.7,0.849,0.8,5.3,6.1,5.8,0.9,0.6,2.9,1.6,14.9,,2016
61.0,Nicolas Batum,28.0,CHO,SG,77.0,77.0,34.0,5.1,12.7,0.403,1.8,5.3,0.333,3.4,7.4,0.453,0.472,3.2,3.7,0.856,0.6,5.6,6.2,5.9,1.1,0.4,2.5,1.4,15.1,,2017
139.0,Nicolas Batum,29.0,CHO,SG,64.0,64.0,31.0,4.2,10.2,0.415,1.4,4.3,0.336,2.8,5.9,0.473,0.486,1.7,2.0,0.831,0.9,3.9,4.8,5.5,1.0,0.4,2.0,1.1,11.6,,2018
192.0,Nicolas Batum,30.0,CHO,SF,75.0,72.0,31.4,3.4,7.5,0.45,1.5,4.0,0.389,1.8,3.5,0.519,0.553,1.0,1.2,0.865,0.9,4.3,5.2,3.3,0.9,0.6,1.6,1.9,9.3,,2019
406.0,Nicolas Batum,31.0,CHO,SF,22.0,3.0,23.0,1.3,3.7,0.346,0.6,2.2,0.286,0.6,1.5,0.438,0.432,0.4,0.5,0.9,1.1,3.4,4.5,3.0,0.8,0.4,1.0,1.9,3.6,,2020
239.0,Nicolas Batum,32.0,LAC,SF,67.0,38.0,27.4,2.9,6.1,0.464,1.6,4.1,0.404,1.2,2.1,0.579,0.597,0.7,0.9,0.828,0.7,4.0,4.7,2.2,1.0,0.6,0.8,1.5,8.1,,2021
239.0,Nicolas Batum,33.0,LAC,PF,59.0,54.0,24.8,3.0,6.6,0.463,1.8,4.6,0.4,1.2,2.0,0.607,0.602,0.4,0.6,0.658,0.5,3.8,4.3,1.7,1.0,0.7,0.7,1.4,8.3,,2022
319.0,Nicolas Batum,34.0,LAC,PF,78.0,19.0,21.9,2.1,4.9,0.42,1.6,4.1,0.391,0.5,0.8,0.563,0.583,0.4,0.6,0.708,0.8,3.0,3.8,1.6,0.7,0.6,0.6,1.9,6.1,,2023
329.0,Nicolas Batum,35.0,PHI,PF,57.0,38.0,25.9,2.0,4.4,0.456,1.2,3.1,0.399,0.7,1.2,0.6,0.599,0.3,0.4,0.714,1.2,3.0,4.2,2.2,0.8,0.6,0.7,1.8,5.5,,2024
428.0,Nicolas Batum,36.0,LAC,PF,78.0,8.0,17.5,1.3,3.1,0.437,1.1,2.6,0.433,0.2,0.4,0.457,0.622,0.2,0.3,0.81,0.6,2.2,2.8,1.1,0.7,0.5,0.4,1.4,4.0,,2025
284.0,Nicolò Melli,29.0,NOP,C,60.0,8.0,17.4,2.3,5.4,0.421,1.2,3.4,0.335,1.1,2.0,0.573,0.528,0.9,1.2,0.74,0.6,2.4,3.0,1.4,0.6,0.4,0.8,2.1,6.6,,2020
349.0,Nik Stauskas,21.0,SAC,SG,73.0,1.0,15.4,1.5,4.1,0.365,0.7,2.0,0.322,0.8,2.0,0.408,0.446,0.8,0.9,0.859,0.2,1.1,1.2,0.9,0.3,0.2,0.5,1.3,4.4,,2015
195.0,Nik Stauskas,22.0,PHI,SG,73.0,35.0,24.8,2.9,7.5,0.385,1.5,4.5,0.326,1.4,3.0,0.473,0.483,1.2,1.6,0.771,0.3,2.2,2.5,1.9,0.6,0.3,1.3,1.6,8.5,,2016
162.0,Nik Stauskas,23.0,PHI,SG,80.0,27.0,27.4,3.1,7.9,0.396,1.7,4.5,0.368,1.5,3.4,0.433,0.5,1.5,1.9,0.813,0.3,2.6,2.8,2.4,0.6,0.4,1.6,1.8,9.5,,2017
317.0,Nik Stauskas,25.0,POR,SG,44.0,0.0,15.3,2.2,5.2,0.419,1.0,2.8,0.344,1.2,2.4,0.51,0.513,0.7,0.8,0.889,0.2,1.6,1.8,1.4,0.3,0.1,0.9,0.7,6.1,,2019
150.0,Nikola Jokić,20.0,DEN,C,80.0,55.0,21.7,3.8,7.5,0.512,0.4,1.1,0.333,3.5,6.5,0.541,0.535,1.9,2.4,0.811,2.3,4.7,7.0,2.4,1.0,0.6,1.3,2.6,10.0,,2016
51.0,Nikola Jokić,21.0,DEN,C,73.0,59.0,27.9,6.8,11.7,0.578,0.6,1.9,0.324,6.2,9.8,0.628,0.605,2.6,3.1,0.825,2.9,6.9,9.8,4.9,0.8,0.8,2.3,2.9,16.7,,2017
37.0,Nikola Jokić,22.0,DEN,C,75.0,73.0,32.6,6.7,13.5,0.499,1.5,3.7,0.396,5.2,9.7,0.538,0.554,3.5,4.2,0.85,2.6,8.1,10.7,6.1,1.2,0.8,2.8,2.8,18.5,,2018
32.0,Nikola Jokić,23.0,DEN,C,80.0,80.0,31.3,7.7,15.1,0.511,1.0,3.4,0.307,6.7,11.7,0.569,0.545,3.6,4.4,0.821,2.9,8.0,10.8,7.3,1.4,0.7,3.1,2.9,20.1,,2019
37.0,Nikola Jokić,24.0,DEN,C,73.0,73.0,32.0,7.7,14.7,0.528,1.1,3.5,0.314,6.6,11.2,0.594,0.565,3.4,4.1,0.817,2.3,7.5,9.7,7.0,1.2,0.6,3.1,3.0,19.9,,2020
11.0,Nikola Jokić,25.0,DEN,C,72.0,72.0,34.6,10.2,18.0,0.566,1.3,3.3,0.388,8.9,14.7,0.606,0.602,4.8,5.5,0.868,2.8,8.0,10.8,8.3,1.3,0.7,3.1,2.7,26.4,,2021
10.0,Nikola Jokić,26.0,DEN,C,74.0,74.0,33.5,10.3,17.7,0.583,1.3,3.9,0.337,9.0,13.8,0.652,0.62,5.1,6.3,0.81,2.8,11.0,13.8,7.9,1.5,0.9,3.8,2.6,27.1,,2022
25.0,Nikola Jokić,27.0,DEN,C,69.0,69.0,33.7,9.4,14.8,0.632,0.8,2.2,0.383,8.5,12.7,0.675,0.66,4.9,6.0,0.822,2.4,9.4,11.8,9.8,1.3,0.7,3.6,2.5,24.5,,2023
12.0,Nikola Jokić,28.0,DEN,C,79.0,79.0,34.6,10.4,17.9,0.583,1.1,2.9,0.359,9.4,14.9,0.626,0.612,4.5,5.5,0.817,2.8,9.5,12.4,9.0,1.4,0.9,3.0,2.5,26.4,,2024
3.0,Nikola Jokić,29.0,DEN,C,70.0,70.0,36.7,11.2,19.5,0.576,2.0,4.7,0.417,9.3,14.8,0.627,0.627,5.2,6.4,0.8,2.9,9.9,12.7,10.2,1.8,0.6,3.3,2.3,29.6,,2025
237.0,Nikola Jović,20.0,MIA,PF,46.0,38.0,19.5,2.8,6.1,0.452,1.4,3.5,0.399,1.3,2.6,0.525,0.568,0.7,1.0,0.702,0.5,3.6,4.2,2.0,0.5,0.3,0.9,1.8,7.7,,2024
168.0,Nikola Jović,21.0,MIA,PF,46.0,10.0,25.1,3.7,8.2,0.456,1.7,4.6,0.371,2.0,3.6,0.563,0.56,1.6,1.9,0.828,0.6,3.3,3.9,2.8,0.8,0.3,1.3,1.8,10.7,,2025
148.0,Nikola Mirotić,23.0,CHI,PF,82.0,3.0,20.2,3.1,7.6,0.405,1.2,3.8,0.316,1.9,3.8,0.495,0.485,2.8,3.5,0.803,0.8,4.2,4.9,1.2,0.7,0.7,1.1,2.1,10.2,,2015
115.0,Nikola Mirotić,24.0,CHI,PF,66.0,38.0,24.9,3.8,9.2,0.407,2.0,5.2,0.39,1.7,4.0,0.43,0.518,2.2,2.7,0.807,0.9,4.6,5.5,1.5,0.9,0.7,1.5,2.3,11.8,,2016
133.0,Nikola Mirotić,25.0,CHI,PF,70.0,15.0,24.0,3.7,8.9,0.413,1.8,5.4,0.342,1.8,3.5,0.52,0.516,1.4,1.8,0.773,0.9,4.6,5.5,1.1,0.8,0.8,1.1,1.8,10.6,,2017
63.0,Nikola Mirotić,26.0,NOP,PF,30.0,11.0,29.1,5.4,12.7,0.427,2.2,6.6,0.335,3.2,6.2,0.524,0.513,1.6,1.9,0.81,1.4,6.8,8.2,1.4,1.0,0.9,1.0,2.1,14.6,,2018
80.0,Nikola Mirotić,27.0,NOP,PF,32.0,22.0,28.9,5.7,12.7,0.447,2.7,7.2,0.368,3.0,5.5,0.551,0.552,2.7,3.2,0.842,1.4,6.8,8.3,1.1,0.7,0.8,1.2,2.7,16.7,,2019
98.0,Nikola Peković,29.0,MIN,C,31.0,29.0,26.3,4.5,10.6,0.424,0.0,0.0,,4.5,10.6,0.424,0.424,3.5,4.2,0.837,2.9,4.7,7.5,0.9,0.6,0.4,1.4,1.9,12.5,,2015
22.0,Nikola Vučević,24.0,ORL,C,74.0,74.0,34.2,8.5,16.3,0.523,0.0,0.1,0.333,8.5,16.2,0.524,0.524,2.2,2.9,0.752,3.2,7.7,10.9,2.0,0.7,0.7,2.0,3.0,19.3,,2015
35.0,Nikola Vučević,25.0,ORL,C,65.0,60.0,31.3,8.2,16.1,0.51,0.0,0.1,0.222,8.2,16.0,0.512,0.511,1.7,2.3,0.753,2.7,6.2,8.9,2.8,0.8,1.1,1.9,2.7,18.2,,2016
67.0,Nikola Vučević,26.0,ORL,C,75.0,55.0,28.8,6.4,13.7,0.468,0.3,1.0,0.307,6.1,12.7,0.481,0.48,1.4,2.1,0.669,2.3,8.0,10.4,2.8,1.0,1.0,1.6,2.4,14.6,,2017
54.0,Nikola Vučević,27.0,ORL,C,57.0,57.0,29.5,7.0,14.7,0.475,1.1,3.6,0.314,5.9,11.2,0.527,0.513,1.4,1.6,0.819,1.8,7.4,9.2,3.4,1.0,1.1,1.9,2.5,16.5,,2018
29.0,Nikola Vučević,28.0,ORL,C,80.0,80.0,31.4,8.8,16.9,0.518,1.1,2.9,0.364,7.7,14.0,0.549,0.549,2.2,2.8,0.789,2.8,9.2,12.0,3.8,1.0,1.1,2.0,2.0,20.8,,2019
40.0,Nikola Vučević,29.0,ORL,C,62.0,62.0,32.2,8.0,16.7,0.477,1.6,4.7,0.339,6.4,12.0,0.531,0.525,2.1,2.7,0.784,2.3,8.6,10.9,3.6,0.9,0.8,1.4,2.2,19.6,,2020
26.0,Nikola Vučević,30.0,ORL,C,44.0,44.0,34.1,9.9,20.6,0.48,2.7,6.5,0.406,7.3,14.1,0.515,0.545,2.1,2.5,0.827,2.0,9.8,11.8,3.8,1.0,0.6,1.9,1.8,24.5,,2021
57.0,Nikola Vučević,31.0,CHI,C,73.0,73.0,33.1,7.5,15.8,0.473,1.4,4.5,0.314,6.1,11.3,0.537,0.518,1.3,1.7,0.76,1.9,9.1,11.0,3.2,1.0,1.0,1.9,2.5,17.6,,2022
71.0,Nikola Vučević,32.0,CHI,C,82.0,82.0,33.5,7.3,14.0,0.52,1.5,4.2,0.349,5.8,9.8,0.594,0.573,1.6,1.9,0.835,1.9,9.1,11.0,3.2,0.7,0.7,1.7,2.2,17.6,,2023
66.0,Nikola Vučević,33.0,CHI,C,76.0,74.0,34.3,7.7,15.9,0.484,1.2,4.1,0.294,6.5,11.8,0.55,0.522,1.4,1.7,0.822,2.8,7.8,10.5,3.3,0.7,0.8,1.6,2.5,18.0,,2024
65.0,Nikola Vučević,34.0,CHI,C,73.0,72.0,31.2,7.5,14.2,0.53,1.8,4.4,0.402,5.8,9.8,0.587,0.592,1.6,2.0,0.805,2.4,7.6,10.1,3.5,0.8,0.7,1.6,2.2,18.5,,2025
305.0,Noah Clowney,19.0,BRK,PF,23.0,4.0,16.1,2.2,4.0,0.538,0.5,1.4,0.364,1.7,2.6,0.633,0.602,0.9,1.3,0.7,1.1,2.4,3.5,0.8,0.3,0.7,0.7,1.1,5.8,,2024
216.0,Noah Clowney,20.0,BRK,PF,46.0,20.0,22.7,2.9,8.1,0.358,1.9,5.7,0.333,1.0,2.4,0.414,0.474,1.5,1.7,0.838,0.9,3.0,3.9,0.9,0.5,0.5,1.0,2.3,9.1,,2025
379.0,Noah Vonleh,20.0,POR,PF,78.0,56.0,15.1,1.5,3.6,0.421,0.1,0.6,0.239,1.4,3.0,0.457,0.441,0.5,0.7,0.745,1.2,2.7,3.9,0.4,0.3,0.3,0.6,1.9,3.6,,2016
358.0,Noah Vonleh,21.0,POR,PF,74.0,41.0,17.1,1.8,3.6,0.481,0.1,0.3,0.35,1.7,3.4,0.492,0.494,0.8,1.3,0.638,1.8,3.5,5.2,0.4,0.4,0.4,0.9,2.1,4.4,,2017
216.0,Noah Vonleh,23.0,NYK,PF,68.0,57.0,25.3,3.0,6.5,0.47,0.7,2.0,0.336,2.4,4.5,0.531,0.523,1.6,2.3,0.712,1.7,6.1,7.8,1.9,0.7,0.8,1.3,2.6,8.4,,2019
194.0,Norman Powell,23.0,TOR,SG,76.0,18.0,18.0,3.0,6.7,0.449,0.7,2.3,0.324,2.3,4.4,0.514,0.504,1.7,2.1,0.792,0.3,1.9,2.2,1.1,0.7,0.2,0.9,1.7,8.4,,2017
323.0,Norman Powell,24.0,TOR,SG,70.0,18.0,15.2,2.1,5.3,0.401,0.8,2.7,0.285,1.4,2.7,0.516,0.472,0.5,0.6,0.821,0.2,1.5,1.7,1.3,0.5,0.2,0.9,1.6,5.5,,2018
211.0,Norman Powell,25.0,TOR,SG,60.0,3.0,18.8,3.2,6.7,0.483,1.1,2.8,0.4,2.1,3.8,0.543,0.568,1.0,1.3,0.827,0.3,2.1,2.3,1.5,0.7,0.2,1.1,1.6,8.6,,2019
73.0,Norman Powell,26.0,TOR,SG,52.0,26.0,28.4,5.7,11.5,0.495,2.1,5.3,0.399,3.6,6.3,0.575,0.586,2.5,2.9,0.843,0.5,3.2,3.7,1.8,1.2,0.4,1.5,2.1,16.0,,2020
55.0,Norman Powell,27.0,TOR,SG,42.0,31.0,30.4,6.7,13.5,0.498,2.8,6.4,0.439,3.9,7.1,0.552,0.602,3.4,3.9,0.865,0.5,2.5,3.0,1.8,1.1,0.2,1.8,2.3,19.6,,2021
45.0,Norman Powell,28.0,POR,SF,40.0,39.0,33.3,6.2,13.6,0.456,2.3,5.7,0.406,3.9,7.8,0.492,0.542,4.0,5.0,0.803,0.4,2.9,3.3,2.1,1.0,0.4,1.6,2.3,18.7,,2022
76.0,Norman Powell,29.0,LAC,SG,60.0,8.0,26.1,5.7,11.8,0.479,1.9,4.8,0.397,3.8,7.1,0.534,0.559,3.8,4.6,0.812,0.4,2.5,2.9,1.8,0.8,0.3,1.7,2.1,17.0,,2023
110.0,Norman Powell,30.0,LAC,SG,76.0,3.0,26.2,4.9,10.1,0.486,2.2,5.1,0.435,2.7,5.1,0.536,0.594,1.9,2.3,0.831,0.2,2.4,2.6,1.1,0.6,0.3,0.9,1.8,13.9,,2024
36.0,Norman Powell,31.0,LAC,SG,60.0,60.0,32.6,7.6,15.8,0.484,3.0,7.1,0.418,4.6,8.6,0.538,0.578,3.6,4.4,0.804,0.4,2.8,3.2,2.1,1.2,0.2,1.8,1.9,21.8,,2025
222.0,Norris Cole,26.0,NOP,PG,28.0,2.0,24.4,4.0,9.0,0.444,1.0,2.6,0.378,3.0,6.4,0.472,0.5,0.9,1.3,0.743,0.0,1.8,1.8,3.2,0.5,0.3,1.5,1.8,9.9,,2015
135.0,Norris Cole,27.0,NOP,PG,45.0,23.0,26.6,4.4,10.8,0.405,0.7,2.3,0.324,3.6,8.5,0.427,0.439,1.2,1.4,0.8,0.2,3.1,3.4,3.7,0.8,0.1,1.7,2.3,10.6,,2016
130.0,O.J. Mayo,27.0,MIL,SG,71.0,15.0,23.9,4.2,9.9,0.422,1.4,3.9,0.357,2.8,6.0,0.465,0.493,1.6,2.0,0.827,0.4,2.2,2.6,2.8,0.8,0.3,1.8,2.3,11.4,,2015
209.0,O.J. Mayo,28.0,MIL,SG,41.0,24.0,26.6,2.9,7.8,0.371,1.3,4.0,0.321,1.6,3.9,0.421,0.452,0.8,1.0,0.775,0.3,2.2,2.6,2.9,1.2,0.2,1.8,3.1,7.8,,2016
303.0,OG Anunoby,20.0,TOR,SF,74.0,62.0,20.0,2.2,4.7,0.471,1.0,2.7,0.371,1.2,2.0,0.604,0.577,0.5,0.8,0.629,0.6,1.9,2.5,0.7,0.7,0.2,0.6,1.8,5.9,,2018
264.0,OG Anunoby,21.0,TOR,SF,67.0,6.0,20.2,2.7,6.0,0.453,1.0,3.0,0.332,1.7,3.0,0.574,0.536,0.5,0.9,0.581,0.9,2.1,2.9,0.7,0.7,0.3,0.8,2.1,7.0,,2019
161.0,OG Anunoby,22.0,TOR,SF,69.0,68.0,29.9,4.1,8.2,0.505,1.3,3.3,0.39,2.9,4.9,0.583,0.584,1.0,1.5,0.706,1.2,4.1,5.3,1.6,1.4,0.7,1.1,2.4,10.6,,2020
77.0,OG Anunoby,23.0,TOR,SF,43.0,43.0,33.3,5.8,12.1,0.48,2.4,6.1,0.398,3.4,6.0,0.562,0.58,1.9,2.4,0.784,1.3,4.3,5.5,2.2,1.5,0.7,1.7,2.7,15.9,,2021
66.0,OG Anunoby,24.0,TOR,SF,48.0,48.0,36.0,6.4,14.5,0.443,2.4,6.6,0.363,4.0,7.9,0.511,0.526,1.9,2.5,0.754,1.5,4.0,5.5,2.6,1.5,0.5,1.7,2.7,17.1,,2022
77.0,OG Anunoby,25.0,TOR,SF,67.0,67.0,35.6,6.3,13.2,0.476,2.1,5.5,0.387,4.2,7.7,0.539,0.556,2.1,2.5,0.838,1.4,3.5,5.0,2.0,1.9,0.7,2.0,3.0,16.8,,2023
99.0,OG Anunoby,26.0,TOR,SF,27.0,27.0,33.3,5.8,11.9,0.489,2.3,6.0,0.374,3.6,5.9,0.608,0.584,1.2,1.7,0.717,0.9,3.0,3.9,2.7,1.0,0.5,1.6,2.3,15.1,,2024
70.0,OG Anunoby,27.0,NYK,PF,74.0,74.0,36.6,6.6,13.9,0.476,2.3,6.2,0.372,4.3,7.7,0.561,0.559,2.5,3.1,0.81,1.3,3.5,4.8,2.2,1.5,0.9,1.4,2.3,18.0,,2025
217.0,Obi Toppin,23.0,NYK,PF,72.0,10.0,17.1,3.5,6.6,0.531,0.7,2.3,0.308,2.8,4.2,0.655,0.586,1.3,1.7,0.758,1.0,2.8,3.7,1.1,0.3,0.5,0.8,1.4,9.0,,2022
258.0,Obi Toppin,24.0,NYK,PF,67.0,5.0,15.7,2.8,6.3,0.446,1.3,3.7,0.344,1.5,2.6,0.593,0.548,0.6,0.7,0.809,0.4,2.4,2.8,1.0,0.3,0.2,0.6,1.0,7.4,,2023
173.0,Obi Toppin,25.0,IND,PF,82.0,28.0,21.1,4.0,7.1,0.573,1.2,3.1,0.403,2.8,4.0,0.706,0.661,0.9,1.2,0.77,1.0,2.9,3.9,1.6,0.6,0.5,0.8,1.7,10.3,,2024
172.0,Obi Toppin,26.0,IND,PF,79.0,4.0,19.6,4.0,7.6,0.529,1.4,3.8,0.365,2.6,3.8,0.695,0.621,1.1,1.4,0.781,0.7,3.3,4.0,1.6,0.6,0.4,0.9,1.4,10.5,,2025
246.0,Ochai Agbaji,22.0,UTA,SG,59.0,22.0,20.5,2.8,6.5,0.427,1.4,3.9,0.355,1.4,2.7,0.532,0.532,0.9,1.2,0.812,0.7,1.3,2.1,1.1,0.3,0.3,0.7,1.7,7.9,,2023
304.0,Ochai Agbaji,23.0,UTA,SG,51.0,10.0,19.7,2.1,4.9,0.426,0.9,2.8,0.331,1.2,2.1,0.551,0.52,0.3,0.4,0.75,0.7,1.8,2.5,0.9,0.5,0.6,0.7,1.3,5.4,,2024
174.0,Ochai Agbaji,24.0,TOR,SG,64.0,45.0,27.2,4.2,8.3,0.498,1.6,4.0,0.399,2.6,4.4,0.587,0.593,0.5,0.8,0.708,1.0,2.8,3.8,1.5,0.9,0.5,0.8,2.0,10.4,,2025
301.0,Olivier Sarr,22.0,OKC,C,22.0,2.0,19.1,2.6,4.6,0.574,0.6,1.3,0.448,2.0,3.3,0.625,0.639,1.1,1.3,0.828,1.5,2.7,4.2,0.9,0.3,0.7,1.0,2.4,7.0,,2022
321.0,Omari Johnson,28.0,MEM,PF,4.0,0.0,18.8,2.3,5.3,0.429,1.0,3.0,0.333,1.3,2.3,0.556,0.524,0.0,0.0,,1.0,1.8,2.8,1.8,0.5,0.0,0.8,1.5,5.5,,2018
322.0,Omari Spellman,21.0,ATL,PF,46.0,11.0,17.5,2.1,5.3,0.402,1.0,2.8,0.344,1.2,2.5,0.466,0.492,0.7,1.0,0.711,1.6,2.7,4.2,1.0,0.6,0.5,0.7,1.5,5.9,,2019
243.0,Omari Spellman,22.0,GSW,C,49.0,3.0,18.1,2.6,6.0,0.431,0.9,2.2,0.391,1.7,3.8,0.454,0.503,1.5,1.9,0.793,1.6,2.9,4.5,1.0,0.7,0.5,1.1,1.3,7.6,,2020
181.0,Omri Casspi,26.0,SAC,SF,67.0,19.0,21.1,3.1,6.4,0.489,0.5,1.3,0.402,2.6,5.1,0.512,0.53,2.1,2.9,0.733,0.8,3.1,3.9,1.5,0.5,0.1,1.3,1.6,8.9,,2015
113.0,Omri Casspi,27.0,SAC,PF,69.0,21.0,27.2,4.3,9.0,0.481,1.6,4.0,0.409,2.7,5.0,0.537,0.571,1.5,2.3,0.648,0.8,5.1,5.9,1.4,0.8,0.2,1.4,2.2,11.8,,2016
316.0,Omri Casspi,28.0,SAC,PF,22.0,2.0,18.0,2.4,5.3,0.453,0.5,1.3,0.379,1.9,4.0,0.477,0.5,0.5,1.0,0.571,0.9,3.2,4.1,1.2,0.5,0.0,0.8,1.0,5.9,,2017
249.0,Onyeka Okongwu,21.0,ATL,C,48.0,6.0,20.7,3.3,4.7,0.69,0.0,0.0,,3.3,4.7,0.69,0.69,1.7,2.3,0.727,2.4,3.5,5.9,1.1,0.6,1.3,0.9,3.1,8.2,,2022
179.0,Onyeka Okongwu,22.0,ATL,C,80.0,18.0,23.1,4.0,6.2,0.638,0.1,0.2,0.308,3.9,6.1,0.647,0.642,1.9,2.5,0.781,2.7,4.5,7.2,1.0,0.7,1.3,1.0,3.1,9.9,,2023
177.0,Onyeka Okongwu,23.0,ATL,C,55.0,8.0,25.5,4.1,6.6,0.611,0.4,1.3,0.333,3.6,5.4,0.676,0.642,1.7,2.1,0.793,2.6,4.2,6.8,1.3,0.5,1.1,0.8,2.9,10.2,,2024
119.0,Onyeka Okongwu,24.0,ATL,C,74.0,40.0,27.9,5.2,9.2,0.567,0.6,2.0,0.324,4.6,7.2,0.634,0.602,2.2,2.9,0.759,3.0,5.9,8.9,2.3,0.9,0.9,1.2,2.6,13.4,,2025
367.0,Orlando Johnson,26.0,PHO,SG,2.0,0.0,23.5,2.5,8.5,0.294,0.5,2.5,0.2,2.0,6.0,0.333,0.324,2.5,3.0,0.833,1.5,3.0,4.5,0.0,1.0,1.5,0.5,2.5,8.0,,2016
300.0,Orlando Robinson,24.0,TOR,C,35.0,8.0,20.4,3.1,7.0,0.447,0.5,1.3,0.34,2.7,5.6,0.472,0.48,1.4,1.8,0.794,2.5,3.4,5.9,1.9,0.4,0.4,1.3,2.7,8.1,,2025
273.0,Oscar Tshiebwe,25.0,UTA,C,14.0,1.0,18.2,3.0,5.0,0.6,0.0,0.0,,3.0,5.0,0.6,0.6,1.6,2.2,0.742,3.3,5.4,8.7,0.6,0.9,0.1,0.7,1.7,7.6,,2025
167.0,Oshae Brissett,22.0,IND,SF,21.0,16.0,24.7,3.5,7.2,0.483,1.6,3.7,0.423,1.9,3.5,0.548,0.593,2.4,3.1,0.769,1.4,4.1,5.5,0.9,0.9,1.0,0.5,1.5,10.9,,2021
210.0,Oshae Brissett,23.0,IND,SF,67.0,25.0,23.3,3.1,7.6,0.411,1.2,3.5,0.35,1.9,4.0,0.465,0.493,1.7,2.4,0.695,1.6,3.7,5.3,1.1,0.7,0.4,0.8,1.7,9.1,,2022
320.0,Oshae Brissett,24.0,IND,PF,65.0,2.0,16.7,1.9,4.9,0.386,0.7,2.4,0.31,1.2,2.5,0.457,0.461,1.6,2.2,0.717,1.0,2.4,3.4,0.7,0.5,0.2,0.5,1.2,6.1,,2023
238.0,Oshae Brissett,26.0,PHI,SF,6.0,2.0,23.7,3.2,6.5,0.487,1.0,3.0,0.333,2.2,3.5,0.619,0.564,1.3,2.3,0.571,1.2,2.5,3.7,0.7,0.7,0.5,1.3,2.3,8.7,,2025
415.0,Oso Ighodaro,22.0,PHO,PF,61.0,6.0,17.1,1.9,3.1,0.604,0.0,0.0,0.0,1.9,3.0,0.611,0.604,0.5,0.8,0.58,1.1,2.6,3.6,1.2,0.5,0.5,0.6,1.7,4.2,,2025
278.0,Otto Porter Jr.,21.0,WAS,SF,74.0,13.0,19.4,2.4,5.3,0.45,0.5,1.4,0.337,1.9,3.9,0.491,0.495,0.8,1.1,0.734,0.9,2.0,3.0,0.9,0.6,0.4,0.7,1.3,6.0,,2015
121.0,Otto Porter Jr.,22.0,WAS,SF,75.0,73.0,30.3,4.5,9.6,0.473,1.3,3.6,0.367,3.2,6.0,0.536,0.541,1.3,1.7,0.754,1.3,3.9,5.2,1.6,1.4,0.4,0.9,2.2,11.6,,2016
90.0,Otto Porter Jr.,23.0,WAS,SF,80.0,80.0,32.6,5.2,10.0,0.516,1.9,4.3,0.434,3.3,5.8,0.576,0.608,1.2,1.5,0.832,1.5,5.0,6.4,1.5,1.5,0.5,0.6,2.4,13.4,,2017
72.0,Otto Porter Jr.,24.0,WAS,SF,77.0,77.0,31.6,5.8,11.5,0.503,1.8,4.1,0.441,4.0,7.4,0.537,0.581,1.4,1.7,0.828,1.3,5.1,6.4,2.0,1.5,0.5,1.0,2.0,14.7,,2018
93.0,Otto Porter Jr.,25.0,WAS,SF,41.0,28.0,29.0,4.9,10.8,0.457,1.6,4.3,0.369,3.3,6.5,0.515,0.531,1.2,1.6,0.766,1.0,4.7,5.6,2.0,1.6,0.5,1.0,1.9,12.6,,2019
135.0,Otto Porter Jr.,26.0,CHI,SF,14.0,9.0,23.6,4.4,10.0,0.443,1.7,4.4,0.387,2.7,5.6,0.487,0.529,1.4,1.9,0.704,0.9,2.5,3.4,1.8,1.1,0.4,0.8,2.2,11.9,,2020
189.0,Otto Porter Jr.,27.0,ORL,PF,3.0,0.0,22.0,3.0,8.3,0.36,0.3,3.0,0.111,2.7,5.3,0.5,0.38,1.7,1.7,1.0,0.0,4.7,4.7,1.7,1.3,0.0,0.0,1.3,8.0,,2021
250.0,Otto Porter Jr.,28.0,GSW,PF,63.0,15.0,22.2,3.1,6.6,0.464,1.3,3.4,0.37,1.8,3.2,0.565,0.56,0.8,1.0,0.803,1.4,4.4,5.7,1.5,1.1,0.5,0.6,1.3,8.2,,2022
345.0,Otto Porter Jr.,29.0,TOR,SF,8.0,2.0,18.3,1.9,3.8,0.5,0.8,2.1,0.353,1.1,1.6,0.692,0.6,1.0,1.0,1.0,0.8,1.6,2.4,1.0,1.4,0.0,0.5,0.9,5.5,,2023
297.0,P.J. Hairston,22.0,CHO,SG,45.0,2.0,15.3,1.9,6.0,0.323,1.1,3.6,0.301,0.8,2.4,0.358,0.414,0.7,0.8,0.861,0.5,1.6,2.0,0.5,0.5,0.3,0.5,1.4,5.6,,2015
268.0,P.J. Hairston,23.0,MEM,SF,18.0,9.0,20.8,2.6,7.3,0.348,0.9,3.8,0.232,1.7,3.5,0.476,0.409,0.9,1.2,0.727,0.4,2.2,2.6,0.5,0.4,0.2,0.9,1.7,6.9,,2016
178.0,P.J. Tucker,29.0,PHO,SF,78.0,63.0,30.6,3.3,7.6,0.438,1.1,3.2,0.345,2.2,4.4,0.506,0.511,1.3,1.8,0.727,1.5,5.0,6.4,1.6,1.4,0.3,1.2,2.3,9.1,,2015
205.0,P.J. Tucker,30.0,PHO,SF,82.0,80.0,31.0,2.9,7.1,0.411,0.8,2.5,0.33,2.1,4.6,0.455,0.469,1.3,1.7,0.746,2.0,4.2,6.2,2.2,1.3,0.2,1.4,2.5,8.0,,2016
247.0,P.J. Tucker,31.0,TOR,SF,24.0,4.0,25.4,2.2,5.3,0.406,1.0,2.5,0.4,1.2,2.8,0.412,0.5,0.5,0.7,0.688,1.0,4.4,5.4,1.1,1.3,0.2,0.6,2.2,5.8,,2017
297.0,P.J. Tucker,32.0,HOU,PF,82.0,34.0,27.8,2.1,5.4,0.39,1.4,3.8,0.371,0.7,1.6,0.435,0.52,0.5,0.7,0.717,1.1,4.4,5.6,0.9,1.0,0.3,0.9,2.5,6.1,,2018
258.0,P.J. Tucker,33.0,HOU,PF,82.0,82.0,34.2,2.5,6.4,0.396,1.8,4.7,0.377,0.7,1.7,0.449,0.535,0.5,0.7,0.695,1.5,4.4,5.8,1.2,1.6,0.5,0.8,3.1,7.3,,2019
270.0,P.J. Tucker,34.0,HOU,PF,72.0,72.0,34.3,2.5,5.9,0.415,1.5,4.2,0.358,1.0,1.8,0.551,0.541,0.5,0.7,0.813,1.6,5.1,6.6,1.6,1.1,0.5,1.0,3.2,6.9,,2020
427.0,P.J. Tucker,35.0,MIL,PF,20.0,1.0,19.9,0.9,2.3,0.391,0.7,1.7,0.394,0.3,0.7,0.385,0.533,0.2,0.3,0.6,0.9,1.9,2.8,0.8,0.5,0.1,0.4,1.7,2.6,,2021
272.0,P.J. Tucker,36.0,MIA,PF,71.0,70.0,27.9,2.9,6.0,0.484,1.1,2.7,0.415,1.8,3.3,0.54,0.577,0.6,0.9,0.738,1.4,4.0,5.5,2.1,0.8,0.2,0.9,2.3,7.6,,2022
437.0,P.J. Tucker,37.0,PHI,PF,75.0,75.0,25.6,1.3,3.0,0.427,0.7,1.9,0.393,0.5,1.1,0.482,0.549,0.3,0.3,0.826,1.3,2.7,3.9,0.8,0.5,0.2,0.6,2.4,3.5,,2023
511.0,P.J. Tucker,38.0,PHI,PF,3.0,3.0,22.0,0.7,1.7,0.4,0.7,1.7,0.4,0.0,0.0,,0.6,0.0,0.0,,0.3,4.3,4.7,0.0,1.0,0.7,0.7,3.0,2.0,,2024
470.0,P.J. Tucker,39.0,NYK,SF,3.0,1.0,19.3,1.0,2.3,0.429,1.0,2.0,0.5,0.0,0.3,0.0,0.643,0.0,0.0,,1.3,1.3,2.7,0.0,0.3,0.3,0.3,2.7,3.0,,2025
124.0,P.J. Washington,21.0,CHO,PF,58.0,57.0,30.3,4.6,10.2,0.455,1.5,4.0,0.374,3.1,6.2,0.507,0.528,1.5,2.3,0.647,1.0,4.4,5.4,2.1,0.9,0.8,1.6,2.7,12.2,,2020
126.0,P.J. Washington,22.0,CHO,PF,64.0,61.0,30.5,4.7,10.7,0.44,1.8,4.5,0.386,3.0,6.2,0.48,0.522,1.7,2.3,0.745,1.5,5.1,6.5,2.5,1.1,1.2,2.0,2.7,12.9,,2021
175.0,P.J. Washington,23.0,CHO,C,65.0,28.0,27.2,3.8,8.2,0.47,1.7,4.6,0.365,2.2,3.6,0.606,0.573,0.9,1.2,0.716,1.3,3.9,5.2,2.3,0.9,0.9,1.3,2.3,10.3,,2022
88.0,P.J. Washington,24.0,CHO,PF,73.0,73.0,32.6,5.9,13.4,0.444,2.0,5.9,0.348,3.9,7.5,0.518,0.52,1.7,2.4,0.73,1.0,3.9,4.9,2.4,0.9,1.1,1.5,2.6,15.7,,2023
123.0,P.J. Washington,25.0,DAL,PF,29.0,28.0,32.2,4.4,10.4,0.421,1.8,5.8,0.314,2.6,4.6,0.556,0.508,1.1,1.8,0.627,1.1,5.1,6.2,1.5,1.2,0.9,1.0,2.0,11.7,,2024
99.0,P.J. Washington,26.0,DAL,PF,57.0,56.0,32.2,5.3,11.7,0.453,1.6,4.2,0.381,3.7,7.5,0.493,0.521,2.5,3.5,0.722,1.4,6.3,7.8,2.3,1.1,1.1,2.1,2.3,14.7,,2025
253.0,PJ Dozier,24.0,DEN,SG,50.0,6.0,21.8,3.0,7.1,0.417,0.9,3.0,0.315,2.0,4.1,0.49,0.483,0.8,1.3,0.636,0.7,2.9,3.6,1.8,0.6,0.4,0.9,1.7,7.7,,2021
370.0,PJ Dozier,25.0,DEN,SG,18.0,0.0,18.9,2.0,5.5,0.364,0.8,2.7,0.313,1.2,2.8,0.412,0.439,0.6,0.7,0.769,0.8,2.7,3.5,1.6,0.6,0.3,0.7,1.8,5.4,,2022
363.0,Pablo Prigioni,37.0,NYK,PG,43.0,3.0,18.5,1.6,3.7,0.422,1.0,2.7,0.374,0.6,1.1,0.543,0.556,0.5,0.6,0.846,0.4,1.4,1.9,2.4,1.2,0.0,1.1,1.2,4.7,,2015
56.0,Paolo Banchero,20.0,ORL,PF,72.0,72.0,33.8,6.7,15.6,0.427,1.2,4.0,0.298,5.5,11.6,0.471,0.465,5.5,7.4,0.738,1.2,5.7,6.9,3.7,0.8,0.5,2.8,2.2,20.0,,2023
30.0,Paolo Banchero,21.0,ORL,PF,80.0,80.0,35.0,8.0,17.6,0.455,1.5,4.4,0.339,6.5,13.2,0.493,0.497,5.1,7.0,0.725,1.0,5.9,6.9,5.4,0.9,0.6,3.1,1.9,22.6,,2024
11.0,Paolo Banchero,22.0,ORL,PF,46.0,46.0,34.4,9.0,19.8,0.452,1.9,5.9,0.32,7.1,13.9,0.509,0.5,6.1,8.4,0.727,1.1,6.4,7.5,4.8,0.8,0.6,3.0,2.1,25.9,,2025
364.0,Pascal Siakam,22.0,TOR,PF,55.0,38.0,15.6,1.9,3.7,0.502,0.0,0.1,0.143,1.9,3.6,0.515,0.505,0.4,0.6,0.688,1.2,2.2,3.4,0.3,0.5,0.8,0.6,2.0,4.2,,2017
249.0,Pascal Siakam,23.0,TOR,PF,81.0,5.0,20.7,3.1,6.1,0.508,0.4,1.6,0.22,2.8,4.5,0.612,0.537,0.7,1.1,0.621,1.0,3.5,4.5,2.0,0.8,0.5,0.8,2.0,7.3,,2018
56.0,Pascal Siakam,24.0,TOR,PF,80.0,79.0,31.9,6.5,11.8,0.549,1.0,2.7,0.369,5.5,9.1,0.602,0.591,3.0,3.8,0.785,1.6,5.3,6.9,3.1,0.9,0.7,1.9,3.0,16.9,,2019
20.0,Pascal Siakam,25.0,TOR,PF,60.0,60.0,35.2,8.3,18.4,0.453,2.2,6.1,0.359,6.2,12.3,0.499,0.512,4.0,5.1,0.792,1.1,6.3,7.3,3.5,1.0,0.9,2.5,2.8,22.9,,2020
34.0,Pascal Siakam,26.0,TOR,PF,56.0,56.0,35.8,7.8,17.2,0.455,1.3,4.4,0.297,6.5,12.8,0.509,0.493,4.4,5.4,0.827,1.7,5.5,7.2,4.5,1.1,0.7,2.3,3.1,21.4,,2021
24.0,Pascal Siakam,27.0,TOR,PF,68.0,68.0,37.9,8.8,17.8,0.494,1.1,3.2,0.344,7.7,14.5,0.527,0.525,4.2,5.6,0.749,1.9,6.6,8.5,5.3,1.3,0.6,2.7,3.3,22.8,,2022
26.0,Pascal Siakam,28.0,TOR,PF,71.0,71.0,37.4,8.9,18.5,0.48,1.3,4.0,0.324,7.6,14.5,0.523,0.515,5.2,6.7,0.774,1.8,6.0,7.8,5.8,0.9,0.5,2.4,3.2,24.2,,2023
38.0,Pascal Siakam,29.0,TOR,PF,39.0,39.0,34.7,8.3,16.0,0.522,1.2,3.7,0.317,7.2,12.3,0.584,0.559,4.3,5.7,0.758,1.4,4.9,6.3,4.9,0.8,0.3,2.1,2.2,22.2,,2024
50.0,Pascal Siakam,30.0,IND,PF,78.0,78.0,32.7,7.9,15.2,0.519,1.6,4.2,0.389,6.2,11.0,0.568,0.572,2.9,3.9,0.734,1.7,5.2,6.9,3.4,0.9,0.5,1.4,2.4,20.2,,2025
327.0,Pat Connaughton,25.0,POR,SG,82.0,5.0,18.1,2.0,4.8,0.423,0.9,2.6,0.352,1.1,2.2,0.506,0.518,0.5,0.5,0.841,0.4,1.5,2.0,1.1,0.3,0.3,0.5,1.5,5.4,,2018
271.0,Pat Connaughton,26.0,MIL,SG,61.0,2.0,20.7,2.7,5.7,0.466,1.1,3.3,0.33,1.6,2.5,0.647,0.56,0.5,0.7,0.725,1.0,3.2,4.2,2.0,0.5,0.4,0.5,1.3,6.9,,2019
336.0,Pat Connaughton,27.0,MIL,SG,67.0,4.0,18.6,2.0,4.5,0.455,0.8,2.5,0.331,1.2,2.0,0.607,0.547,0.5,0.6,0.775,0.9,3.3,4.2,1.6,0.4,0.5,0.8,1.0,5.4,,2020
292.0,Pat Connaughton,28.0,MIL,SG,69.0,4.0,22.8,2.4,5.6,0.434,1.5,3.9,0.371,1.0,1.7,0.583,0.565,0.4,0.6,0.775,0.9,3.9,4.8,1.2,0.7,0.3,0.5,1.4,6.8,,2021
190.0,Pat Connaughton,29.0,MIL,SF,65.0,19.0,26.0,3.5,7.6,0.458,2.2,5.7,0.395,1.2,1.9,0.643,0.605,0.7,0.8,0.833,0.7,3.5,4.2,1.3,0.9,0.2,0.5,1.3,9.9,,2022
251.0,Pat Connaughton,30.0,MIL,SF,61.0,33.0,23.7,2.7,6.9,0.392,1.8,5.3,0.339,0.9,1.6,0.566,0.521,0.4,0.7,0.659,0.8,3.8,4.6,1.3,0.6,0.2,0.5,1.1,7.6,,2023
311.0,Pat Connaughton,31.0,MIL,SF,76.0,3.0,22.1,2.0,4.6,0.435,1.1,3.1,0.345,0.9,1.4,0.633,0.553,0.6,0.8,0.759,0.7,2.5,3.1,2.1,0.5,0.3,0.6,1.3,5.6,,2024
153.0,Patrick Beverley,26.0,HOU,PG,56.0,55.0,30.8,3.6,9.5,0.383,2.1,5.8,0.356,1.6,3.7,0.426,0.492,0.8,1.1,0.75,1.2,3.0,4.2,3.4,1.1,0.4,1.5,3.3,10.1,,2015
152.0,Patrick Beverley,27.0,HOU,PG,71.0,63.0,28.7,3.6,8.4,0.434,1.7,4.4,0.4,1.9,4.0,0.472,0.539,0.8,1.2,0.682,1.0,2.5,3.5,3.4,1.3,0.4,1.3,3.3,9.9,,2016
159.0,Patrick Beverley,28.0,HOU,SG,67.0,67.0,30.7,3.4,8.1,0.42,1.6,4.3,0.382,1.8,3.8,0.463,0.521,1.1,1.4,0.768,1.4,4.4,5.9,4.2,1.5,0.4,1.5,3.3,9.5,,2017
122.0,Patrick Beverley,29.0,LAC,SG,11.0,11.0,30.4,4.4,10.8,0.403,2.2,5.5,0.4,2.2,5.4,0.407,0.504,1.3,1.5,0.824,1.5,2.6,4.1,2.9,1.7,0.5,2.3,3.1,12.2,,2018
240.0,Patrick Beverley,30.0,LAC,PG,78.0,49.0,27.4,2.5,6.1,0.407,1.4,3.6,0.397,1.1,2.5,0.421,0.524,1.2,1.6,0.78,1.0,4.0,5.0,3.8,0.9,0.6,1.1,3.4,7.6,,2019
237.0,Patrick Beverley,31.0,LAC,PG,51.0,50.0,26.3,2.9,6.7,0.431,1.6,4.0,0.388,1.3,2.6,0.496,0.548,0.6,0.9,0.66,1.1,4.1,5.2,3.6,1.1,0.5,1.3,3.1,7.9,,2020
262.0,Patrick Beverley,32.0,LAC,PG,37.0,34.0,22.5,2.5,5.9,0.423,1.5,3.8,0.397,1.0,2.1,0.468,0.55,1.0,1.2,0.8,0.8,2.4,3.2,2.1,0.8,0.8,0.9,2.9,7.5,,2021
204.0,Patrick Beverley,33.0,MIN,PG,58.0,54.0,25.4,3.1,7.5,0.406,1.4,4.2,0.343,1.6,3.3,0.485,0.501,1.7,2.3,0.722,1.1,3.1,4.1,4.6,1.2,0.9,1.3,3.0,9.2,,2022
312.0,Patrick Beverley,34.0,LAL,SG,45.0,45.0,26.9,2.2,5.4,0.402,1.2,3.5,0.348,0.9,1.8,0.506,0.517,0.9,1.1,0.78,0.5,2.6,3.1,2.6,0.9,0.6,0.9,2.8,6.4,,2023
293.0,Patrick Beverley,35.0,PHI,PG,47.0,5.0,19.6,2.2,5.1,0.432,0.7,2.3,0.321,1.5,2.8,0.523,0.504,1.1,1.3,0.81,0.6,2.4,3.1,3.1,0.5,0.4,1.0,1.8,6.3,,2024
372.0,Patrick McCaw,21.0,GSW,SG,71.0,20.0,15.1,1.5,3.5,0.433,0.6,1.7,0.333,0.9,1.7,0.533,0.516,0.4,0.5,0.784,0.3,1.1,1.4,1.1,0.5,0.2,0.5,0.9,4.0,,2017
396.0,Patrick McCaw,22.0,GSW,SG,57.0,10.0,16.9,1.6,3.9,0.409,0.3,1.4,0.238,1.3,2.5,0.503,0.451,0.5,0.6,0.765,0.3,1.2,1.4,1.4,0.8,0.2,0.7,1.2,4.0,,2018
375.0,Patrick McCaw,24.0,TOR,SF,37.0,12.0,24.5,1.8,4.4,0.414,0.6,1.9,0.324,1.2,2.5,0.484,0.485,0.4,0.5,0.722,0.5,1.8,2.3,2.1,1.1,0.1,0.8,1.6,4.6,,2020
207.0,Patrick Patterson,25.0,TOR,PF,81.0,4.0,26.6,3.0,6.6,0.449,1.3,3.5,0.371,1.7,3.1,0.536,0.547,0.8,1.0,0.788,1.6,3.8,5.3,1.9,0.7,0.5,0.7,1.8,8.0,,2015
249.0,Patrick Patterson,26.0,TOR,PF,79.0,0.0,25.6,2.6,6.2,0.414,1.3,3.7,0.362,1.2,2.5,0.49,0.521,0.4,0.4,0.853,1.0,3.4,4.3,1.2,0.7,0.4,0.8,1.6,6.9,,2016
244.0,Patrick Patterson,27.0,TOR,PF,65.0,8.0,24.6,2.4,5.9,0.401,1.4,3.9,0.372,0.9,2.0,0.458,0.523,0.7,0.9,0.717,1.0,3.6,4.5,1.2,0.6,0.4,0.6,1.8,6.8,,2017
402.0,Patrick Patterson,28.0,OKC,PF,82.0,3.0,15.5,1.3,3.2,0.398,0.8,2.1,0.386,0.5,1.2,0.421,0.523,0.5,0.6,0.87,0.4,2.0,2.4,0.7,0.6,0.3,0.4,1.1,3.9,,2018
362.0,Patrick Patterson,31.0,LAC,PF,38.0,5.0,15.3,1.9,4.3,0.436,1.1,2.9,0.357,0.8,1.4,0.604,0.558,0.3,0.4,0.765,0.5,1.5,2.0,0.8,0.4,0.2,0.3,1.2,5.2,,2021
207.0,Patrick Williams,19.0,CHI,PF,71.0,71.0,27.9,3.6,7.4,0.483,0.8,1.9,0.391,2.8,5.5,0.515,0.534,1.3,1.8,0.728,0.9,3.7,4.6,1.4,0.9,0.6,1.4,1.8,9.2,,2021
219.0,Patrick Williams,20.0,CHI,PF,17.0,9.0,24.8,3.2,6.0,0.529,0.9,1.7,0.517,2.3,4.3,0.534,0.603,1.8,2.4,0.732,1.0,3.1,4.1,0.9,0.5,0.5,0.9,1.6,9.0,,2022
172.0,Patrick Williams,21.0,CHI,PF,82.0,65.0,28.3,3.8,8.3,0.464,1.4,3.4,0.415,2.4,4.9,0.498,0.549,1.1,1.3,0.857,1.0,3.0,4.0,1.2,0.9,0.9,1.2,1.8,10.2,,2023
183.0,Patrick Williams,22.0,CHI,PF,43.0,30.0,27.3,3.7,8.3,0.443,1.4,3.4,0.399,2.3,4.9,0.474,0.525,1.2,1.5,0.788,1.1,2.8,3.9,1.5,0.9,0.8,1.3,2.0,10.0,,2024
228.0,Patrick Williams,23.0,CHI,PF,63.0,36.0,25.0,3.3,8.2,0.397,1.5,4.3,0.353,1.7,3.9,0.447,0.49,1.0,1.3,0.723,0.7,3.1,3.8,2.0,0.8,0.5,1.4,1.4,9.0,,2025
247.0,Patty Mills,26.0,SAS,PG,51.0,0.0,15.7,2.5,6.6,0.381,1.2,3.6,0.341,1.3,3.0,0.429,0.473,0.6,0.8,0.825,0.4,1.1,1.5,1.7,0.5,0.0,0.7,1.1,6.9,,2015
194.0,Patty Mills,27.0,SAS,PG,81.0,3.0,20.5,3.2,7.6,0.425,1.5,4.0,0.384,1.7,3.6,0.469,0.525,0.6,0.7,0.81,0.3,1.6,2.0,2.8,0.7,0.1,0.9,1.3,8.5,,2016
161.0,Patty Mills,28.0,SAS,PG,80.0,8.0,21.9,3.4,7.8,0.44,1.8,4.4,0.414,1.6,3.3,0.474,0.558,0.8,1.0,0.825,0.3,1.5,1.8,3.5,0.8,0.0,1.3,1.4,9.5,,2017
174.0,Patty Mills,29.0,SAS,PG,82.0,36.0,25.7,3.4,8.3,0.411,1.9,5.0,0.372,1.5,3.3,0.47,0.523,1.3,1.4,0.89,0.3,1.6,1.9,2.8,0.7,0.1,1.3,1.6,10.0,,2018
176.0,Patty Mills,30.0,SAS,PG,82.0,1.0,23.3,3.4,8.1,0.425,1.9,4.9,0.394,1.5,3.2,0.475,0.545,1.1,1.3,0.854,0.3,1.9,2.2,3.0,0.6,0.1,1.1,1.6,9.9,,2019
138.0,Patty Mills,31.0,SAS,PG,66.0,1.0,22.5,3.9,9.1,0.431,2.3,6.1,0.382,1.6,3.0,0.533,0.56,1.5,1.7,0.866,0.3,1.3,1.6,1.8,0.8,0.1,0.8,1.6,11.6,,2020
169.0,Patty Mills,32.0,SAS,PG,68.0,1.0,24.8,3.7,9.0,0.412,2.4,6.3,0.375,1.3,2.7,0.5,0.544,1.0,1.1,0.91,0.3,1.4,1.7,2.4,0.6,0.0,1.0,1.2,10.8,,2021
144.0,Patty Mills,33.0,BRK,SG,81.0,48.0,29.0,4.0,9.8,0.408,2.8,7.0,0.4,1.2,2.8,0.429,0.551,0.6,0.7,0.814,0.2,1.7,1.9,2.3,0.6,0.2,0.9,1.4,11.4,,2022
395.0,Patty Mills,35.0,MIA,PG,13.0,5.0,16.4,2.1,6.2,0.338,0.8,4.1,0.208,1.2,2.1,0.593,0.406,0.8,0.8,1.0,0.3,0.8,1.2,1.5,0.8,0.0,0.6,1.2,5.8,,2024
435.0,Patty Mills,36.0,UTA,PG,17.0,0.0,15.3,1.5,4.5,0.342,1.0,3.4,0.298,0.5,1.1,0.474,0.454,0.3,0.3,1.0,0.2,1.1,1.2,1.2,0.7,0.2,0.9,0.7,4.4,,2025
25.0,Pau Gasol,34.0,CHI,PF,78.0,78.0,34.4,7.3,14.8,0.494,0.2,0.3,0.462,7.2,14.4,0.495,0.5,3.8,4.7,0.803,2.8,9.0,11.8,2.7,0.3,1.9,2.0,1.9,18.5,,2015
46.0,Pau Gasol,35.0,CHI,C,72.0,72.0,31.8,6.5,13.8,0.469,0.3,1.0,0.348,6.2,12.9,0.478,0.481,3.2,4.0,0.792,2.2,8.9,11.0,4.1,0.6,2.0,2.3,2.1,16.5,,2016
105.0,Pau Gasol,36.0,SAS,C,64.0,39.0,25.4,4.7,9.4,0.502,0.9,1.6,0.538,3.9,7.8,0.494,0.548,2.0,2.9,0.707,1.7,6.2,7.8,2.3,0.4,1.1,1.3,1.7,12.4,,2017
169.0,Pau Gasol,37.0,SAS,C,77.0,63.0,23.5,3.7,8.1,0.458,0.6,1.6,0.358,3.2,6.6,0.481,0.492,2.1,2.7,0.756,1.7,6.4,8.0,3.1,0.3,1.0,1.4,1.6,10.1,,2018
185.0,Paul George,24.0,IND,SF,6.0,0.0,15.2,3.0,8.2,0.367,1.5,3.7,0.409,1.5,4.5,0.333,0.459,1.3,1.8,0.727,0.7,3.0,3.7,1.0,0.8,0.2,2.0,1.8,8.8,,2015
10.0,Paul George,25.0,IND,SF,81.0,81.0,34.8,7.5,17.9,0.418,2.6,7.0,0.371,4.9,10.9,0.447,0.49,5.6,6.5,0.86,1.0,6.0,7.0,4.1,1.9,0.4,3.3,2.8,23.1,,2016
15.0,Paul George,26.0,IND,SF,75.0,75.0,35.9,8.3,18.0,0.461,2.6,6.6,0.393,5.7,11.4,0.501,0.534,4.5,5.0,0.898,0.8,5.8,6.6,3.3,1.6,0.4,2.9,2.7,23.7,,2017
21.0,Paul George,27.0,OKC,SF,79.0,79.0,36.6,7.3,17.0,0.43,3.1,7.7,0.401,4.2,9.3,0.454,0.521,4.3,5.2,0.822,0.9,4.7,5.7,3.3,2.0,0.5,2.7,2.9,21.9,,2018
2.0,Paul George,28.0,OKC,SF,77.0,77.0,36.9,9.2,21.0,0.438,3.8,9.8,0.386,5.4,11.1,0.484,0.529,5.9,7.0,0.839,1.4,6.8,8.2,4.1,2.2,0.4,2.7,2.8,28.0,,2019
26.0,Paul George,29.0,LAC,SF,48.0,48.0,29.6,7.1,16.3,0.439,3.3,7.9,0.412,3.9,8.4,0.464,0.539,4.0,4.5,0.876,0.5,5.2,5.7,3.9,1.4,0.4,2.6,2.4,21.5,,2020
27.0,Paul George,30.0,LAC,SF,54.0,54.0,33.7,8.2,17.6,0.467,3.2,7.7,0.411,5.1,9.9,0.51,0.557,3.7,4.2,0.868,0.8,5.8,6.6,5.2,1.1,0.4,3.3,2.4,23.3,,2021
18.0,Paul George,31.0,LAC,PF,31.0,31.0,34.7,8.6,20.5,0.421,2.9,8.3,0.354,5.7,12.2,0.467,0.493,4.1,4.8,0.858,0.4,6.5,6.9,5.7,2.2,0.4,4.1,2.4,24.3,,2022
28.0,Paul George,32.0,LAC,SF,56.0,56.0,34.6,8.2,17.9,0.457,2.8,7.6,0.371,5.4,10.3,0.521,0.536,4.6,5.3,0.871,0.8,5.3,6.1,5.1,1.5,0.4,3.1,2.8,23.8,,2023
31.0,Paul George,33.0,LAC,PF,74.0,74.0,33.8,7.9,16.7,0.471,3.3,7.9,0.413,4.6,8.8,0.523,0.569,3.6,3.9,0.907,0.5,4.7,5.2,3.5,1.5,0.5,2.1,2.7,22.6,,2024
86.0,Paul George,34.0,PHI,PF,41.0,41.0,32.5,6.0,13.9,0.43,2.3,6.5,0.358,3.6,7.4,0.493,0.514,1.9,2.4,0.814,0.6,4.8,5.3,4.3,1.8,0.5,2.6,2.5,16.2,,2025
39.0,Paul Millsap,29.0,ATL,PF,73.0,73.0,32.7,6.1,12.7,0.476,1.1,3.0,0.356,5.0,9.8,0.513,0.518,3.5,4.6,0.757,1.9,5.9,7.8,3.1,1.8,0.9,2.3,2.8,16.7,,2015
41.0,Paul Millsap,30.0,ATL,PF,81.0,81.0,32.7,6.2,13.2,0.47,0.9,2.9,0.319,5.3,10.3,0.512,0.505,3.8,5.0,0.757,2.4,6.6,9.0,3.3,1.8,1.7,2.4,2.9,17.1,,2016
41.0,Paul Millsap,31.0,ATL,PF,69.0,67.0,34.0,6.2,14.1,0.442,1.1,3.5,0.311,5.1,10.6,0.486,0.481,4.5,5.9,0.768,1.6,6.1,7.7,3.7,1.3,0.9,2.3,2.7,18.1,,2017
74.0,Paul Millsap,32.0,DEN,PF,38.0,37.0,30.1,5.3,11.4,0.464,1.0,3.0,0.345,4.3,8.5,0.506,0.509,2.9,4.2,0.696,1.7,4.7,6.4,2.8,1.0,1.2,1.9,2.6,14.6,,2018
116.0,Paul Millsap,33.0,DEN,PF,70.0,65.0,27.1,4.6,9.5,0.484,0.8,2.3,0.365,3.8,7.2,0.522,0.528,2.6,3.6,0.727,2.2,5.0,7.2,2.0,1.2,0.8,1.4,2.6,12.6,,2019
139.0,Paul Millsap,34.0,DEN,PF,51.0,48.0,24.3,4.1,8.6,0.482,1.1,2.4,0.435,3.1,6.2,0.5,0.543,2.3,2.8,0.816,1.9,3.8,5.7,1.6,0.9,0.6,1.4,2.9,11.6,,2020
212.0,Paul Millsap,35.0,DEN,PF,56.0,36.0,20.8,3.4,7.2,0.476,0.9,2.6,0.343,2.5,4.6,0.55,0.537,1.3,1.8,0.724,1.4,3.3,4.7,1.8,0.9,0.6,0.9,2.0,9.0,,2021
115.0,Paul Pierce,37.0,WAS,SF,73.0,73.0,26.2,4.0,9.0,0.447,1.6,4.2,0.389,2.4,4.8,0.496,0.537,2.2,2.9,0.781,0.6,3.4,4.0,2.0,0.6,0.3,1.3,2.2,11.9,,2015
276.0,Paul Pierce,38.0,LAC,SF,68.0,38.0,18.1,2.1,5.8,0.363,1.1,3.6,0.31,1.0,2.3,0.445,0.457,0.8,1.0,0.818,0.2,2.6,2.7,1.0,0.5,0.3,0.9,1.9,6.1,,2016
246.0,Paul Reed,24.0,PHI,C,82.0,24.0,19.4,3.2,5.9,0.54,0.3,0.7,0.368,2.9,5.2,0.563,0.561,0.7,1.0,0.718,2.4,3.6,6.0,1.3,0.8,1.0,0.8,2.4,7.3,,2024
462.0,Paul Watson,27.0,OKC,SF,9.0,3.0,17.3,1.3,3.9,0.343,0.7,2.9,0.231,0.7,1.0,0.667,0.429,0.1,0.2,0.5,0.3,2.7,3.0,0.9,0.3,0.3,0.4,1.1,3.4,,2022
308.0,Paul Zipser,22.0,CHI,SF,44.0,18.0,19.2,2.0,5.0,0.398,0.8,2.3,0.333,1.3,2.8,0.451,0.473,0.7,0.9,0.775,0.3,2.5,2.8,0.8,0.3,0.4,0.9,1.8,5.5,,2017
400.0,Paul Zipser,23.0,CHI,SF,54.0,12.0,15.3,1.5,4.3,0.346,0.7,2.0,0.336,0.8,2.3,0.355,0.425,0.4,0.5,0.76,0.2,2.2,2.4,0.9,0.4,0.3,0.8,1.6,4.0,,2018
256.0,Payton Pritchard,23.0,BOS,SG,66.0,4.0,19.2,2.8,6.3,0.44,1.5,3.8,0.411,1.2,2.6,0.482,0.562,0.6,0.7,0.889,0.5,1.9,2.4,1.8,0.6,0.1,0.8,1.6,7.7,,2021
192.0,Payton Pritchard,26.0,BOS,PG,82.0,5.0,22.3,3.6,7.7,0.468,1.8,4.7,0.385,1.8,3.1,0.593,0.583,0.6,0.7,0.821,0.9,2.4,3.2,3.4,0.5,0.1,0.7,1.3,9.6,,2024
106.0,Payton Pritchard,27.0,BOS,PG,80.0,3.0,28.4,5.1,10.8,0.472,3.2,7.8,0.407,1.9,3.0,0.642,0.62,0.9,1.1,0.845,1.3,2.6,3.8,3.5,0.9,0.2,1.0,1.5,14.3,,2025
293.0,Pero Antić,32.0,ATL,C,63.0,3.0,16.5,1.7,4.7,0.365,0.8,2.7,0.301,0.9,2.0,0.455,0.453,1.4,2.0,0.715,0.9,2.1,3.0,0.8,0.3,0.2,0.8,2.1,5.7,,2015
276.0,Peyton Watson,21.0,DEN,SF,80.0,4.0,18.6,2.6,5.6,0.465,0.6,1.9,0.296,2.0,3.7,0.553,0.516,0.9,1.3,0.67,0.7,2.5,3.2,1.1,0.5,1.1,0.7,1.8,6.7,,2024
263.0,Peyton Watson,22.0,DEN,SF,68.0,18.0,24.4,3.0,6.3,0.477,0.7,2.0,0.353,2.3,4.3,0.534,0.533,1.4,2.0,0.693,0.7,2.7,3.4,1.4,0.7,1.4,0.8,1.8,8.1,,2025
209.0,Precious Achiuwa,22.0,TOR,C,73.0,28.0,23.6,3.6,8.3,0.439,0.8,2.1,0.359,2.9,6.1,0.468,0.486,1.1,1.8,0.595,2.0,4.5,6.5,1.1,0.5,0.6,1.2,2.1,9.1,,2022
203.0,Precious Achiuwa,23.0,TOR,C,55.0,12.0,20.7,3.6,7.3,0.485,0.5,2.0,0.269,3.0,5.4,0.564,0.521,1.6,2.3,0.702,1.8,4.1,6.0,0.9,0.6,0.5,1.1,1.9,9.2,,2023
238.0,Precious Achiuwa,24.0,TOR,C,25.0,0.0,17.5,3.1,6.8,0.459,0.5,1.9,0.277,2.6,4.9,0.528,0.497,1.0,1.7,0.571,2.0,3.4,5.4,1.8,0.6,0.5,1.2,1.6,7.7,,2024
314.0,Precious Achiuwa,25.0,NYK,C,57.0,10.0,20.5,2.9,5.7,0.502,0.2,0.6,0.278,2.7,5.1,0.529,0.517,0.7,1.2,0.594,1.8,3.8,5.6,1.0,0.8,0.7,0.8,1.4,6.6,,2025
340.0,Quentin Grimes,21.0,NYK,SG,46.0,6.0,17.1,2.1,5.1,0.404,1.6,4.1,0.381,0.5,1.0,0.5,0.557,0.3,0.4,0.684,0.5,1.5,2.0,1.0,0.7,0.2,0.6,1.6,6.0,,2022
148.0,Quentin Grimes,22.0,NYK,SG,71.0,66.0,29.9,4.0,8.5,0.468,2.2,5.7,0.386,1.8,2.7,0.641,0.599,1.1,1.4,0.796,0.7,2.5,3.2,2.1,0.7,0.4,1.0,2.5,11.3,,2023
257.0,Quentin Grimes,23.0,NYK,SG,45.0,18.0,20.2,2.5,6.4,0.395,1.7,4.7,0.363,0.8,1.6,0.486,0.53,0.5,0.8,0.706,0.3,1.6,2.0,1.2,0.7,0.1,0.5,1.5,7.3,,2024
100.0,Quentin Grimes,24.0,PHI,SG,28.0,25.0,33.7,7.7,16.4,0.469,2.9,7.9,0.373,4.8,8.5,0.559,0.559,3.6,4.8,0.752,1.0,4.1,5.2,4.5,1.5,0.4,2.9,2.1,21.9,,2025
315.0,Quenton Jackson,24.0,WAS,PG,9.0,0.0,15.0,2.1,4.7,0.452,0.1,1.3,0.083,2.0,3.3,0.6,0.464,1.9,2.4,0.773,0.2,0.7,0.9,1.7,0.4,0.1,0.4,1.1,6.2,,2023
280.0,Quincy Acy,24.0,NYK,PF,68.0,22.0,18.9,2.2,4.9,0.459,0.3,0.9,0.3,2.0,4.0,0.494,0.486,1.1,1.4,0.784,1.2,3.3,4.4,1.0,0.4,0.3,0.9,2.2,5.9,,2015
302.0,Quincy Acy,27.0,BRK,PF,70.0,8.0,19.4,1.9,5.2,0.356,1.5,4.2,0.349,0.4,1.0,0.384,0.496,0.7,0.9,0.817,0.6,3.1,3.7,0.8,0.5,0.4,0.9,2.1,5.9,,2018
236.0,Quincy Pondexter,26.0,NOP,SF,45.0,28.0,27.8,3.1,6.9,0.449,1.6,3.8,0.433,1.5,3.1,0.468,0.567,1.1,1.5,0.758,0.7,2.3,3.1,1.5,0.3,0.4,0.9,2.3,9.0,,2015
179.0,Quinn Cook,24.0,GSW,PG,33.0,18.0,22.4,3.7,7.6,0.484,1.4,3.2,0.442,2.3,4.5,0.514,0.575,0.7,0.8,0.88,0.3,2.2,2.5,2.7,0.4,0.0,1.0,1.8,9.5,,2018
262.0,Quinten Post,24.0,GSW,PF,42.0,14.0,16.3,2.9,6.5,0.449,1.7,4.3,0.408,1.2,2.3,0.526,0.582,0.5,0.6,0.778,0.8,2.7,3.5,1.3,0.4,0.4,0.8,2.0,8.1,,2025
288.0,R.J. Hampton,19.0,ORL,SG,26.0,1.0,25.2,4.3,9.7,0.439,0.8,2.7,0.319,3.4,7.1,0.484,0.482,1.8,2.7,0.657,0.7,4.2,5.0,2.8,0.6,0.3,1.6,1.5,11.2,,2021
268.0,R.J. Hampton,20.0,ORL,SG,64.0,14.0,21.9,2.7,7.1,0.383,1.0,2.9,0.35,1.7,4.3,0.405,0.453,1.2,1.8,0.641,0.4,2.7,3.0,2.5,0.7,0.2,1.4,1.6,7.6,,2022
54.0,R.J. Hunter,25.0,BOS,SG,1.0,0.0,26.0,6.0,13.0,0.462,4.0,10.0,0.4,2.0,3.0,0.667,0.615,1.0,2.0,0.5,1.0,2.0,3.0,3.0,1.0,0.0,0.0,3.0,17.0,,2019
99.0,RJ Barrett,19.0,NYK,SG,56.0,55.0,30.4,5.2,13.0,0.402,1.1,3.5,0.32,4.1,9.5,0.432,0.445,2.8,4.5,0.614,0.9,4.1,5.0,2.6,1.0,0.3,2.2,2.2,14.3,,2020
60.0,RJ Barrett,20.0,NYK,SG,72.0,72.0,34.9,6.5,14.7,0.441,1.7,4.3,0.401,4.8,10.4,0.457,0.499,2.9,3.8,0.746,0.9,4.8,5.8,3.0,0.7,0.3,1.9,2.6,17.6,,2021
40.0,RJ Barrett,21.0,NYK,SF,70.0,70.0,34.5,7.0,17.1,0.408,2.0,5.8,0.342,5.0,11.3,0.442,0.466,4.1,5.8,0.714,0.9,4.9,5.8,3.0,0.6,0.2,2.2,2.0,20.0,,2022
60.0,RJ Barrett,22.0,NYK,SG,73.0,73.0,33.9,7.0,16.1,0.434,1.7,5.3,0.31,5.3,10.8,0.495,0.485,4.0,5.4,0.74,0.8,4.2,5.0,2.8,0.4,0.2,2.2,2.5,19.6,,2023
47.0,RJ Barrett,23.0,TOR,SG,32.0,32.0,33.5,8.5,15.4,0.553,1.5,3.8,0.392,7.0,11.6,0.605,0.601,3.3,5.2,0.629,1.1,5.3,6.4,4.1,0.6,0.4,2.5,2.6,21.8,,2024
41.0,RJ Barrett,24.0,TOR,SF,58.0,58.0,32.2,7.9,16.9,0.468,1.8,5.3,0.35,6.1,11.7,0.522,0.523,3.4,5.4,0.63,1.1,5.3,6.3,5.4,0.8,0.3,2.8,2.4,21.1,,2025
85.0,RaiQuan Gray,23.0,BRK,PF,1.0,0.0,35.0,6.0,12.0,0.5,2.0,5.0,0.4,4.0,7.0,0.571,0.583,2.0,2.0,1.0,3.0,6.0,9.0,7.0,0.0,1.0,4.0,5.0,16.0,,2023
180.0,Rajon Rondo,28.0,DAL,PG,46.0,46.0,28.7,4.2,9.7,0.436,0.4,1.2,0.352,3.8,8.5,0.448,0.457,0.4,0.9,0.452,1.0,3.5,4.5,6.5,1.2,0.1,2.9,2.4,9.3,,2015
112.0,Rajon Rondo,29.0,SAC,PG,72.0,72.0,35.2,4.9,10.9,0.454,0.9,2.4,0.365,4.1,8.5,0.479,0.494,1.2,2.1,0.58,1.1,5.0,6.0,11.7,2.0,0.1,3.9,2.4,11.9,,2016
210.0,Rajon Rondo,30.0,CHI,PG,69.0,42.0,26.7,3.3,8.1,0.408,0.7,1.9,0.376,2.6,6.2,0.418,0.453,0.4,0.7,0.6,1.1,4.1,5.1,6.7,1.4,0.2,2.4,2.1,7.8,,2017
215.0,Rajon Rondo,31.0,NOP,PG,65.0,63.0,26.2,3.6,7.6,0.468,0.8,2.3,0.333,2.8,5.3,0.526,0.518,0.4,0.7,0.543,0.5,3.6,4.0,8.2,1.1,0.2,2.3,1.8,8.3,,2018
196.0,Rajon Rondo,32.0,LAL,PG,46.0,29.0,29.8,3.8,9.4,0.405,1.1,3.1,0.359,2.7,6.3,0.428,0.464,0.5,0.8,0.639,0.7,4.5,5.3,8.0,1.2,0.2,2.8,2.2,9.2,,2019
263.0,Rajon Rondo,33.0,LAL,PG,48.0,3.0,20.5,2.9,6.8,0.418,0.9,2.6,0.328,2.0,4.2,0.473,0.48,0.6,0.9,0.659,0.5,2.5,3.0,5.0,0.8,0.0,1.9,1.2,7.1,,2020
346.0,Rajon Rondo,34.0,LAC,PG,18.0,1.0,20.4,2.8,5.8,0.486,1.1,2.4,0.432,1.8,3.4,0.525,0.576,0.8,0.8,1.0,0.8,2.3,3.1,5.8,1.0,0.1,2.2,1.6,7.6,,2021
387.0,Rajon Rondo,35.0,LAL,PG,18.0,0.0,16.1,1.3,3.9,0.324,0.4,1.7,0.267,0.8,2.3,0.366,0.38,0.1,0.1,0.5,0.6,2.2,2.7,3.7,0.7,0.3,1.9,1.4,3.1,,2022
261.0,Ramon Sessions,28.0,WAS,PG,28.0,3.0,19.5,2.2,5.4,0.411,0.5,1.1,0.406,1.8,4.3,0.412,0.454,2.5,3.0,0.812,0.4,2.3,2.7,3.1,0.6,0.0,1.3,1.0,7.4,,2015
154.0,Ramon Sessions,29.0,WAS,PG,82.0,5.0,20.3,3.4,7.2,0.473,0.4,1.4,0.324,3.0,5.9,0.507,0.503,2.6,3.5,0.756,0.3,2.2,2.5,2.9,0.6,0.1,1.4,1.2,9.9,,2016
277.0,Ramon Sessions,30.0,CHO,PG,50.0,1.0,16.2,2.0,5.3,0.38,0.4,1.2,0.339,1.6,4.0,0.393,0.42,1.8,2.4,0.771,0.2,1.2,1.5,2.6,0.5,0.1,0.9,0.9,6.2,,2017
350.0,Ramon Sessions,31.0,WAS,PG,15.0,0.0,15.0,1.7,4.3,0.391,0.4,1.0,0.4,1.3,3.3,0.388,0.438,2.1,2.8,0.762,0.3,1.0,1.3,3.3,0.5,0.1,1.0,1.0,5.9,,2018
190.0,Randy Foye,31.0,DEN,SG,50.0,21.0,21.7,3.0,8.0,0.368,1.9,5.3,0.357,1.1,2.8,0.388,0.485,0.9,1.1,0.818,0.2,1.5,1.7,2.4,0.7,0.2,1.2,1.9,8.7,,2015
284.0,Randy Foye,32.0,OKC,SG,27.0,1.0,21.2,1.9,5.5,0.349,0.9,3.0,0.309,1.0,2.5,0.397,0.433,0.8,1.0,0.815,0.3,1.6,1.9,1.8,0.5,0.5,1.0,1.8,5.6,,2016
319.0,Randy Foye,33.0,BRK,SG,69.0,40.0,18.6,1.7,4.7,0.363,1.0,2.9,0.33,0.7,1.8,0.418,0.466,0.8,0.9,0.857,0.1,2.1,2.2,2.0,0.5,0.1,1.2,1.4,5.2,,2017
220.0,Rasual Butler,35.0,WAS,SF,75.0,1.0,20.1,2.9,6.9,0.422,1.2,3.1,0.387,1.7,3.8,0.45,0.51,0.7,0.9,0.791,0.4,2.3,2.6,0.8,0.4,0.3,0.6,1.3,7.7,,2015
288.0,Raul Neto,23.0,UTA,PG,81.0,53.0,18.5,2.2,5.2,0.431,0.8,2.0,0.395,1.4,3.2,0.453,0.507,0.6,0.9,0.743,0.2,1.3,1.5,2.1,0.8,0.0,1.3,1.5,5.9,,2016
222.0,Raul Neto,28.0,WAS,PG,64.0,22.0,21.9,3.3,7.0,0.468,1.0,2.6,0.39,2.3,4.4,0.512,0.539,1.2,1.3,0.882,0.4,2.0,2.4,2.3,1.1,0.1,0.8,1.7,8.7,,2021
276.0,Raul Neto,29.0,WAS,PG,70.0,19.0,19.6,2.9,6.3,0.463,0.5,1.7,0.292,2.4,4.6,0.526,0.502,1.2,1.5,0.769,0.2,1.7,1.9,3.1,0.8,0.0,1.1,1.5,7.5,,2022
228.0,Ray McCallum,23.0,SAC,PG,68.0,30.0,21.1,3.0,6.9,0.438,0.5,1.6,0.306,2.5,5.3,0.479,0.474,0.8,1.2,0.679,0.8,1.9,2.6,2.8,0.7,0.2,1.3,1.4,7.4,,2015
404.0,Rayan Rupert,19.0,POR,SG,39.0,12.0,16.2,1.4,4.1,0.335,0.7,2.0,0.359,0.7,2.1,0.313,0.422,0.5,0.6,0.76,0.6,1.7,2.4,1.6,0.3,0.1,0.8,1.4,4.0,,2024
417.0,Rayjon Tucker,24.0,MIL,SG,2.0,0.0,21.0,2.5,3.5,0.714,1.5,1.5,1.0,1.0,2.0,0.5,0.929,1.0,1.5,0.667,1.0,1.0,2.0,3.0,1.5,0.0,0.5,1.0,7.5,,2022
163.0,Raymond Felton,31.0,DAL,PG,80.0,31.0,27.4,3.5,8.5,0.406,0.8,2.7,0.282,2.7,5.9,0.463,0.45,1.9,2.2,0.847,0.5,2.8,3.2,3.6,0.9,0.2,1.5,1.8,9.5,,2016
250.0,Raymond Felton,32.0,LAC,PG,80.0,11.0,21.3,2.8,6.4,0.43,0.6,1.8,0.319,2.2,4.6,0.473,0.475,0.6,0.8,0.781,0.4,2.3,2.7,2.4,0.8,0.3,1.0,1.6,6.7,,2017
262.0,Raymond Felton,33.0,OKC,PG,82.0,2.0,16.6,2.7,6.7,0.406,1.0,2.8,0.352,1.7,3.9,0.444,0.479,0.4,0.5,0.818,0.3,1.6,1.9,2.5,0.6,0.2,0.9,1.1,6.9,,2018
349.0,Reggie Bullock,25.0,DET,SF,31.0,5.0,15.1,1.7,4.1,0.422,0.9,2.4,0.384,0.8,1.8,0.473,0.531,0.2,0.2,0.714,0.4,1.6,2.1,0.9,0.6,0.1,0.3,0.7,4.5,,2017
147.0,Reggie Bullock,26.0,DET,SF,62.0,52.0,27.9,4.3,8.8,0.489,2.0,4.5,0.445,2.3,4.3,0.536,0.603,0.6,0.8,0.796,0.4,2.0,2.5,1.5,0.8,0.2,0.8,1.1,11.3,,2018
139.0,Reggie Bullock,27.0,LAL,SG,19.0,16.0,27.6,3.3,8.1,0.412,1.8,5.2,0.343,1.5,2.8,0.537,0.523,0.9,1.1,0.81,0.1,2.5,2.6,1.1,0.8,0.4,0.6,1.6,9.3,,2019
228.0,Reggie Bullock,28.0,NYK,SG,29.0,19.0,23.6,3.1,7.7,0.402,1.3,3.8,0.333,1.8,3.9,0.469,0.484,0.6,0.7,0.81,0.4,1.9,2.3,1.4,0.9,0.1,0.7,1.9,8.1,,2020
168.0,Reggie Bullock,29.0,NYK,SF,65.0,64.0,30.0,3.8,8.6,0.442,2.5,6.1,0.41,1.3,2.5,0.521,0.587,0.8,0.8,0.909,0.2,3.2,3.4,1.5,0.8,0.2,0.7,2.2,10.9,,2021
229.0,Reggie Bullock,30.0,DAL,SF,68.0,37.0,28.0,3.0,7.4,0.401,2.1,5.8,0.36,0.9,1.6,0.55,0.542,0.6,0.7,0.833,0.5,3.1,3.5,1.2,0.6,0.2,0.6,1.6,8.6,,2022
263.0,Reggie Bullock,31.0,DAL,SF,78.0,55.0,30.3,2.5,6.0,0.409,1.9,5.1,0.38,0.5,0.9,0.562,0.569,0.3,0.5,0.703,0.4,3.2,3.6,1.4,0.7,0.2,0.5,2.1,7.2,,2023
381.0,Reggie Evans,34.0,SAC,PF,47.0,7.0,16.3,1.2,2.9,0.423,0.0,0.0,0.0,1.2,2.9,0.43,0.423,1.3,2.1,0.619,2.1,4.3,6.4,0.7,0.5,0.1,1.0,1.9,3.7,,2015
69.0,Reggie Jackson,24.0,OKC,PG,50.0,13.0,28.0,5.0,11.5,0.432,0.9,3.2,0.278,4.1,8.4,0.49,0.47,2.0,2.3,0.861,0.6,3.5,4.0,4.3,0.8,0.1,1.8,1.9,12.8,,2015
31.0,Reggie Jackson,25.0,DET,PG,79.0,79.0,30.7,6.8,15.7,0.434,1.5,4.2,0.353,5.3,11.5,0.464,0.482,3.7,4.3,0.864,0.7,2.5,3.2,6.2,0.7,0.1,2.8,2.4,18.8,,2016
69.0,Reggie Jackson,26.0,DET,PG,52.0,50.0,27.4,5.5,13.0,0.419,1.3,3.5,0.359,4.2,9.5,0.442,0.468,2.3,2.6,0.868,0.4,1.8,2.2,5.2,0.7,0.1,2.2,2.5,14.5,,2017
73.0,Reggie Jackson,27.0,DET,PG,45.0,45.0,26.7,5.5,12.8,0.426,1.2,3.8,0.308,4.3,9.1,0.475,0.471,2.5,3.0,0.836,0.6,2.1,2.8,5.3,0.6,0.1,2.2,1.9,14.6,,2018
77.0,Reggie Jackson,28.0,DET,PG,82.0,82.0,27.9,5.4,12.8,0.421,2.1,5.7,0.369,3.3,7.0,0.464,0.504,2.5,2.9,0.864,0.5,2.1,2.6,4.2,0.7,0.1,1.8,2.5,15.4,,2019
132.0,Reggie Jackson,29.0,LAC,PG,17.0,6.0,21.3,3.4,7.5,0.453,1.5,3.7,0.413,1.9,3.8,0.492,0.555,1.1,1.2,0.905,0.4,2.6,3.0,3.2,0.3,0.2,1.6,2.2,9.5,,2020
171.0,Reggie Jackson,30.0,LAC,SG,67.0,43.0,23.0,3.9,8.7,0.45,1.8,4.2,0.433,2.1,4.5,0.465,0.554,1.0,1.2,0.817,0.4,2.5,2.9,3.1,0.6,0.1,1.1,1.9,10.7,,2021
70.0,Reggie Jackson,31.0,LAC,SG,75.0,75.0,31.2,6.4,16.3,0.392,2.2,6.8,0.326,4.2,9.5,0.439,0.46,1.8,2.2,0.847,0.5,3.1,3.6,4.8,0.7,0.2,2.3,2.1,16.8,,2022
169.0,Reggie Jackson,32.0,LAC,PG,52.0,38.0,25.7,4.1,9.8,0.418,1.5,4.2,0.35,2.6,5.6,0.469,0.493,1.2,1.3,0.924,0.4,1.8,2.2,3.5,0.7,0.1,1.8,1.8,10.9,,2023
175.0,Reggie Jackson,33.0,DEN,PG,82.0,23.0,22.2,4.0,9.2,0.431,1.2,3.5,0.359,2.7,5.8,0.475,0.499,1.0,1.2,0.806,0.4,1.5,1.9,3.8,0.5,0.2,1.3,1.8,10.2,,2024
203.0,Reggie Perry,21.0,POR,PF,9.0,1.0,19.7,4.3,8.7,0.5,0.3,1.8,0.188,4.0,6.9,0.581,0.519,1.0,1.7,0.6,1.7,3.4,5.1,1.3,1.0,0.7,1.2,3.3,10.0,,2022
288.0,Richard Jefferson,34.0,DAL,SF,74.0,18.0,16.8,1.9,4.4,0.444,0.9,2.1,0.426,1.1,2.3,0.462,0.546,1.1,1.5,0.684,0.3,2.1,2.5,0.8,0.4,0.1,0.7,1.6,5.8,,2015
307.0,Richard Jefferson,35.0,CLE,SF,74.0,5.0,17.9,1.9,4.2,0.458,0.9,2.3,0.382,1.0,1.9,0.554,0.564,0.8,1.2,0.667,0.2,1.5,1.7,0.8,0.4,0.2,0.6,1.7,5.5,,2016
295.0,Richard Jefferson,36.0,CLE,SF,79.0,13.0,20.4,1.9,4.3,0.446,0.8,2.4,0.333,1.2,2.0,0.58,0.536,1.0,1.4,0.741,0.4,2.2,2.6,1.0,0.3,0.1,0.7,1.9,5.7,,2017
155.0,Richaun Holmes,23.0,PHI,C,57.0,17.0,20.9,4.0,7.2,0.558,0.5,1.4,0.351,3.6,5.9,0.606,0.591,1.3,1.8,0.699,1.6,3.8,5.5,1.0,0.7,1.0,1.0,2.4,9.8,,2017
284.0,Richaun Holmes,24.0,PHI,C,48.0,2.0,15.5,2.8,5.0,0.56,0.1,0.6,0.129,2.7,4.4,0.624,0.568,0.8,1.2,0.661,1.2,3.2,4.4,1.3,0.4,0.6,0.5,2.0,6.5,,2018
221.0,Richaun Holmes,25.0,PHO,C,70.0,4.0,16.9,3.2,5.2,0.608,0.0,0.0,,3.2,5.2,0.608,0.608,1.8,2.5,0.731,1.6,3.1,4.7,0.9,0.6,1.1,0.7,2.8,8.2,,2019
120.0,Richaun Holmes,26.0,SAC,C,44.0,38.0,28.2,5.1,7.8,0.648,0.0,0.0,,5.1,7.8,0.648,0.648,2.1,2.7,0.788,2.9,5.3,8.1,1.0,0.9,1.3,1.2,3.8,12.3,,2020
100.0,Richaun Holmes,27.0,SAC,C,61.0,61.0,29.2,6.0,9.4,0.637,0.0,0.2,0.182,6.0,9.2,0.645,0.638,2.2,2.8,0.794,2.4,5.9,8.3,1.7,0.6,1.6,1.2,3.5,14.2,,2021
172.0,Richaun Holmes,28.0,SAC,C,45.0,37.0,23.9,4.4,6.7,0.66,0.0,0.1,0.4,4.4,6.6,0.664,0.663,1.6,2.0,0.778,2.1,5.0,7.0,1.1,0.4,0.9,1.2,2.8,10.4,,2022
341.0,Richaun Holmes,30.0,WAS,PF,17.0,8.0,18.7,2.9,5.2,0.557,0.1,0.2,0.333,2.8,5.0,0.565,0.563,1.3,1.5,0.846,2.2,3.9,6.1,0.6,0.5,0.6,0.7,2.4,7.1,,2024
278.0,Richaun Holmes,31.0,WAS,PF,31.0,7.0,17.2,2.9,4.5,0.647,0.0,0.1,0.0,2.9,4.4,0.662,0.647,1.6,1.9,0.833,2.0,3.7,5.7,1.4,0.3,0.7,0.7,1.6,7.4,,2025
281.0,Ricky Council IV,23.0,PHI,SF,73.0,12.0,17.1,2.4,6.3,0.382,0.8,2.9,0.258,1.7,3.4,0.488,0.442,1.7,2.1,0.804,0.7,2.2,2.9,1.3,0.4,0.2,0.7,0.9,7.3,,2025
306.0,Ricky Ledo,22.0,NYK,SG,12.0,0.0,19.4,2.7,7.5,0.356,0.8,2.0,0.417,1.8,5.5,0.333,0.411,1.3,1.7,0.75,1.3,1.6,2.8,1.5,0.5,0.1,2.0,1.7,7.4,,2015
146.0,Ricky Rubio,24.0,MIN,PG,22.0,22.0,31.5,3.5,10.0,0.356,0.6,2.3,0.255,3.0,7.6,0.387,0.386,2.6,3.2,0.803,0.9,4.8,5.7,8.8,1.7,0.0,2.9,2.7,10.3,,2015
148.0,Ricky Rubio,25.0,MIN,PG,76.0,76.0,30.6,2.9,7.7,0.374,0.8,2.5,0.326,2.1,5.2,0.396,0.427,3.5,4.1,0.847,0.5,3.8,4.3,8.7,2.1,0.1,2.5,2.6,10.1,,2016
115.0,Ricky Rubio,26.0,MIN,PG,75.0,75.0,32.9,3.5,8.7,0.402,0.8,2.6,0.306,2.7,6.1,0.443,0.448,3.4,3.8,0.891,0.9,3.2,4.1,9.1,1.7,0.1,2.6,2.7,11.1,,2017
102.0,Ricky Rubio,27.0,UTA,PG,77.0,77.0,29.3,4.5,10.7,0.418,1.2,3.5,0.352,3.2,7.2,0.451,0.476,2.9,3.3,0.866,0.6,4.0,4.6,5.3,1.6,0.1,2.7,2.7,13.1,,2018
115.0,Ricky Rubio,28.0,UTA,PG,68.0,67.0,27.9,4.3,10.7,0.404,1.2,3.7,0.311,3.2,7.0,0.454,0.458,2.9,3.4,0.855,0.5,3.1,3.6,6.1,1.3,0.1,2.6,2.6,12.7,,2019
112.0,Ricky Rubio,29.0,PHO,PG,65.0,65.0,31.0,4.4,10.6,0.415,1.2,3.3,0.361,3.2,7.3,0.439,0.471,3.0,3.5,0.863,0.7,4.0,4.7,8.8,1.4,0.2,2.7,2.6,13.0,,2020
228.0,Ricky Rubio,30.0,MIN,PG,68.0,51.0,26.1,2.8,7.3,0.388,1.0,3.1,0.308,1.9,4.2,0.447,0.454,1.9,2.2,0.867,0.4,2.9,3.3,6.4,1.4,0.1,1.6,2.0,8.6,,2021
118.0,Ricky Rubio,31.0,CLE,PG,34.0,8.0,28.5,4.4,12.1,0.363,1.7,5.1,0.339,2.6,7.0,0.38,0.434,2.6,3.0,0.854,0.4,3.7,4.1,6.6,1.4,0.2,2.6,2.2,13.1,,2022
354.0,Ricky Rubio,32.0,CLE,PG,33.0,2.0,17.2,1.8,5.4,0.343,0.6,2.5,0.256,1.2,2.9,0.417,0.402,0.8,1.1,0.8,0.3,1.8,2.1,3.5,0.8,0.2,0.9,1.5,5.2,,2023
347.0,Robbie Hummel,25.0,MIN,SF,45.0,4.0,16.5,1.8,3.8,0.459,0.4,1.1,0.314,1.4,2.7,0.521,0.506,0.5,0.6,0.828,0.7,2.3,3.0,0.6,0.4,0.2,0.4,1.9,4.4,,2015
82.0,Robert Covington,24.0,PHI,SF,70.0,49.0,27.9,4.3,10.8,0.396,2.4,6.4,0.374,1.9,4.4,0.426,0.506,2.5,3.1,0.82,0.9,3.6,4.5,1.5,1.4,0.4,1.8,2.7,13.5,,2015
91.0,Robert Covington,25.0,PHI,SF,67.0,49.0,28.4,4.1,10.6,0.385,2.5,7.2,0.353,1.6,3.4,0.452,0.504,2.1,2.6,0.791,1.0,5.3,6.3,1.4,1.6,0.6,2.1,3.5,12.8,,2016
96.0,Robert Covington,26.0,PHI,SF,67.0,67.0,31.6,4.4,10.9,0.399,2.0,6.1,0.333,2.3,4.8,0.484,0.492,2.1,2.6,0.822,1.4,5.1,6.5,1.5,1.9,1.0,2.0,3.0,12.9,,2017
115.0,Robert Covington,27.0,PHI,SF,80.0,80.0,31.7,4.3,10.5,0.413,2.5,6.9,0.369,1.8,3.6,0.497,0.534,1.5,1.7,0.853,0.7,4.7,5.4,2.0,1.7,0.9,1.6,3.0,12.6,,2018
108.0,Robert Covington,28.0,PHI,SF,13.0,13.0,33.8,3.8,9.0,0.427,2.3,5.9,0.39,1.5,3.1,0.5,0.556,1.3,1.8,0.739,0.5,4.6,5.2,1.1,1.8,1.8,1.7,3.5,11.3,,2019
117.0,Robert Covington,29.0,MIN,PF,48.0,47.0,29.4,4.5,10.3,0.435,2.3,6.5,0.346,2.3,3.8,0.587,0.544,1.6,2.0,0.798,0.8,5.2,6.0,1.2,1.7,0.9,1.5,3.1,12.8,,2020
230.0,Robert Covington,30.0,POR,PF,70.0,70.0,32.0,2.9,7.3,0.401,1.9,5.1,0.379,1.0,2.2,0.451,0.533,0.7,0.9,0.806,0.9,5.8,6.7,1.7,1.4,1.2,0.9,2.8,8.5,,2021
231.0,Robert Covington,31.0,POR,PF,48.0,40.0,29.8,2.7,7.0,0.381,1.6,4.8,0.343,1.0,2.2,0.462,0.499,0.6,0.8,0.833,0.9,4.9,5.7,1.4,1.5,1.3,1.2,2.8,7.6,,2022
323.0,Robert Covington,32.0,LAC,PF,48.0,0.0,16.2,2.1,4.8,0.445,1.1,2.8,0.397,1.0,1.9,0.516,0.563,0.6,0.8,0.75,0.6,2.8,3.5,1.2,0.8,0.7,0.7,1.8,6.0,,2023
368.0,Robert Covington,33.0,PHI,SF,26.0,3.0,16.1,1.5,3.4,0.449,0.7,1.8,0.354,0.9,1.6,0.561,0.545,0.8,0.9,0.875,1.1,2.3,3.4,0.7,1.3,0.6,0.4,1.9,4.5,,2024
340.0,Robert Sacre,25.0,LAL,C,67.0,18.0,16.9,1.9,4.6,0.412,0.0,0.0,0.0,1.9,4.6,0.413,0.412,0.8,1.2,0.671,1.3,2.1,3.5,0.8,0.4,0.6,0.5,1.8,4.6,,2015
245.0,Robert Williams,23.0,BOS,C,52.0,13.0,18.9,3.6,5.0,0.721,0.0,0.0,0.0,3.6,4.9,0.727,0.721,0.9,1.4,0.616,2.6,4.3,6.9,1.8,0.8,1.8,1.0,2.0,8.0,,2021
188.0,Robert Williams,24.0,BOS,C,61.0,61.0,29.6,4.4,6.0,0.736,0.0,0.0,0.0,4.4,6.0,0.738,0.736,1.1,1.5,0.722,3.9,5.7,9.6,2.0,0.9,2.2,1.0,2.2,10.0,,2022
243.0,Robert Williams,25.0,BOS,C,35.0,20.0,23.5,3.6,4.9,0.747,0.0,0.0,0.0,3.6,4.8,0.751,0.747,0.7,1.2,0.61,3.0,5.4,8.3,1.4,0.6,1.4,1.0,1.9,8.0,,2023
273.0,Robert Williams,26.0,POR,C,6.0,0.0,19.8,2.8,4.3,0.654,0.0,0.0,,2.8,4.3,0.654,0.654,1.2,1.5,0.778,1.8,4.5,6.3,0.8,1.2,1.2,1.2,2.8,6.8,,2024
357.0,Robert Williams,27.0,POR,C,20.0,3.0,17.6,2.5,3.9,0.641,0.1,0.2,0.333,2.5,3.8,0.653,0.647,0.8,0.9,0.882,1.8,4.2,5.9,1.1,0.7,1.7,0.9,1.6,5.8,,2025
166.0,Robin Lopez,26.0,POR,C,59.0,59.0,27.8,4.0,7.4,0.535,0.0,0.0,0.0,4.0,7.4,0.537,0.535,1.7,2.2,0.772,3.2,3.5,6.7,0.9,0.3,1.4,1.2,2.1,9.6,,2015
142.0,Robin Lopez,27.0,NYK,C,82.0,82.0,27.1,4.4,8.1,0.539,0.0,0.0,0.0,4.4,8.1,0.54,0.539,1.6,2.0,0.795,3.3,4.1,7.3,1.4,0.2,1.6,1.6,2.2,10.3,,2016
138.0,Robin Lopez,28.0,CHI,C,81.0,81.0,28.0,4.7,9.6,0.493,0.0,0.0,0.0,4.7,9.5,0.494,0.493,0.9,1.3,0.721,3.0,3.4,6.4,1.0,0.2,1.4,1.1,1.9,10.4,,2017
133.0,Robin Lopez,29.0,CHI,C,64.0,64.0,26.4,5.3,10.1,0.53,0.1,0.2,0.286,5.3,9.9,0.536,0.533,1.1,1.4,0.756,2.1,2.4,4.5,1.9,0.2,0.8,1.7,1.7,11.8,,2018
184.0,Robin Lopez,30.0,CHI,C,74.0,36.0,21.7,4.1,7.2,0.568,0.1,0.4,0.226,4.0,6.8,0.589,0.575,1.2,1.7,0.724,1.9,2.0,3.9,1.2,0.1,1.1,1.3,1.7,9.5,,2019
211.0,Robin Lopez,32.0,WAS,C,71.0,9.0,19.1,3.8,6.0,0.633,0.1,0.3,0.278,3.7,5.7,0.649,0.639,1.4,1.9,0.723,2.0,1.8,3.8,0.8,0.2,0.6,1.1,1.5,9.0,,2021
294.0,Robin Lopez,33.0,ORL,C,36.0,9.0,17.0,3.1,5.5,0.553,0.1,0.2,0.333,3.0,5.4,0.56,0.558,0.9,1.5,0.593,1.9,1.6,3.5,1.5,0.1,0.5,1.2,1.9,7.1,,2022
212.0,Rodions Kurucs,20.0,BRK,SF,63.0,46.0,20.5,3.2,7.1,0.45,0.9,2.9,0.315,2.3,4.2,0.543,0.514,1.1,1.5,0.783,0.9,3.0,3.9,0.8,0.7,0.4,1.2,2.3,8.5,,2019
191.0,Rodney Hood,22.0,UTA,SG,50.0,21.0,21.3,3.1,7.5,0.414,1.2,3.4,0.365,1.9,4.1,0.456,0.497,1.2,1.6,0.763,0.2,2.2,2.3,1.7,0.6,0.2,0.9,2.4,8.7,,2015
68.0,Rodney Hood,23.0,UTA,SG,79.0,79.0,32.2,5.2,12.3,0.42,2.0,5.7,0.359,3.1,6.6,0.472,0.503,2.2,2.5,0.86,0.5,2.9,3.4,2.7,0.9,0.2,1.6,2.6,14.5,,2016
102.0,Rodney Hood,24.0,UTA,SG,59.0,55.0,27.0,4.6,11.3,0.408,1.9,5.2,0.371,2.7,6.1,0.44,0.494,1.5,1.9,0.783,0.3,3.2,3.4,1.6,0.6,0.2,1.1,2.2,12.7,,2017
71.0,Rodney Hood,25.0,UTA,SG,39.0,12.0,27.8,6.0,14.2,0.424,2.6,6.7,0.389,3.4,7.4,0.455,0.516,2.2,2.5,0.876,0.4,2.5,2.8,1.7,0.8,0.2,1.6,1.6,16.8,,2018
142.0,Rodney Hood,26.0,POR,SG,27.0,4.0,24.4,3.6,8.0,0.452,1.1,3.1,0.345,2.6,4.9,0.519,0.518,1.2,1.5,0.805,0.3,1.4,1.7,1.3,0.8,0.3,0.7,1.7,9.6,,2019
151.0,Rodney Hood,27.0,POR,SF,21.0,21.0,29.5,4.1,8.2,0.506,1.7,3.4,0.493,2.5,4.8,0.515,0.608,1.0,1.3,0.778,0.5,3.0,3.4,1.5,0.8,0.2,0.9,2.2,11.0,,2020
263.0,Rodney McGruder,25.0,MIA,SG,78.0,65.0,25.2,2.4,5.9,0.413,0.9,2.8,0.332,1.5,3.1,0.488,0.492,0.6,0.9,0.62,1.2,2.1,3.3,1.6,0.6,0.2,0.7,1.8,6.4,,2017
343.0,Rodney McGruder,26.0,MIA,SG,18.0,2.0,16.6,2.0,4.1,0.493,0.8,1.9,0.429,1.2,2.1,0.553,0.596,0.2,0.4,0.5,0.6,1.2,1.8,0.9,0.4,0.2,0.2,1.2,5.1,,2018
242.0,Rodney McGruder,27.0,MIA,SG,66.0,45.0,23.5,2.8,7.0,0.403,1.2,3.4,0.351,1.6,3.6,0.453,0.489,0.8,1.1,0.722,0.9,2.7,3.6,1.7,0.5,0.2,1.0,1.7,7.6,,2019
424.0,Rodney McGruder,28.0,LAC,SG,56.0,4.0,15.6,1.3,3.2,0.398,0.4,1.6,0.27,0.9,1.6,0.522,0.464,0.3,0.6,0.559,0.5,2.2,2.7,0.6,0.5,0.1,0.4,1.3,3.3,,2020
331.0,Rodney McGruder,31.0,DET,SG,32.0,12.0,16.4,1.9,4.8,0.408,1.3,3.0,0.423,0.7,1.7,0.382,0.543,0.6,0.7,0.818,0.6,1.7,2.3,0.9,0.5,0.0,0.3,1.2,5.7,,2023
301.0,Rodney Purvis,23.0,ORL,SG,16.0,2.0,18.1,2.2,6.7,0.327,0.8,3.3,0.25,1.4,3.4,0.4,0.388,0.8,0.9,0.867,0.1,1.6,1.7,1.1,0.2,0.2,0.6,1.6,6.0,,2018
97.0,Rodney Stuckey,28.0,IND,PG,71.0,36.0,26.4,4.7,10.6,0.44,0.8,2.0,0.39,3.9,8.6,0.452,0.477,2.5,3.0,0.819,0.5,3.0,3.5,3.1,0.8,0.1,1.7,1.8,12.6,,2015
179.0,Rodney Stuckey,29.0,IND,PG,58.0,1.0,22.0,3.2,7.6,0.413,0.3,1.4,0.241,2.8,6.2,0.453,0.436,2.3,2.7,0.829,0.3,2.4,2.7,2.4,0.7,0.1,1.3,1.3,8.9,,2016
228.0,Rodney Stuckey,30.0,IND,PG,39.0,0.0,17.8,2.3,6.3,0.373,0.5,1.5,0.317,1.8,4.7,0.391,0.412,2.1,2.7,0.748,0.2,2.0,2.2,2.2,0.4,0.0,1.4,1.1,7.2,,2017
444.0,Romeo Langford,21.0,BOS,SG,18.0,4.0,15.7,1.2,3.3,0.356,0.3,1.0,0.278,0.9,2.3,0.39,0.398,0.5,0.7,0.75,0.7,1.3,1.9,0.7,0.3,0.3,0.6,1.3,3.1,,2021
281.0,Romeo Langford,23.0,SAS,SG,43.0,21.0,19.6,2.8,6.0,0.467,0.4,1.4,0.262,2.4,4.6,0.53,0.498,0.9,1.3,0.696,1.3,1.3,2.7,1.2,0.6,0.3,0.7,1.6,6.9,,2023
365.0,Ron Baker,23.0,NYK,SG,52.0,13.0,16.5,1.6,4.2,0.378,0.4,1.7,0.267,1.1,2.5,0.45,0.431,0.5,0.8,0.651,0.2,1.7,1.9,2.1,0.7,0.2,1.1,1.4,4.1,,2017
430.0,Ron Harper Jr.,24.0,DET,SF,1.0,0.0,17.0,1.0,8.0,0.125,0.0,6.0,0.0,1.0,2.0,0.5,0.125,2.0,2.0,1.0,4.0,3.0,7.0,2.0,0.0,0.0,0.0,0.0,4.0,,2025
328.0,Ron Holland,19.0,DET,SF,81.0,2.0,15.6,2.4,5.1,0.474,0.4,1.9,0.238,2.0,3.3,0.608,0.517,1.1,1.5,0.754,0.5,2.2,2.7,1.0,0.6,0.2,0.9,1.7,6.4,,2025
290.0,Rondae Hollis-Jefferson,21.0,BRK,SF,29.0,17.0,21.2,2.2,4.8,0.457,0.1,0.5,0.286,2.0,4.3,0.476,0.471,1.3,1.8,0.712,1.3,4.0,5.3,1.5,1.3,0.6,0.9,2.1,5.8,,2016
187.0,Rondae Hollis-Jefferson,22.0,BRK,SF,78.0,50.0,22.6,3.0,6.9,0.434,0.2,0.9,0.224,2.8,6.1,0.463,0.447,2.4,3.2,0.751,1.2,4.6,5.8,2.0,1.1,0.6,1.5,2.3,8.7,,2017
89.0,Rondae Hollis-Jefferson,23.0,BRK,SF,68.0,59.0,28.2,5.0,10.6,0.472,0.2,0.8,0.241,4.8,9.9,0.491,0.481,3.7,4.6,0.788,1.5,5.3,6.8,2.5,1.0,0.7,1.8,2.1,13.9,,2018
201.0,Rondae Hollis-Jefferson,24.0,BRK,SF,59.0,21.0,20.9,3.4,8.3,0.411,0.2,0.8,0.184,3.2,7.4,0.436,0.42,2.0,3.1,0.645,1.4,3.8,5.3,1.6,0.7,0.5,1.2,1.8,8.9,,2019
266.0,Rondae Hollis-Jefferson,25.0,TOR,PF,60.0,6.0,18.7,2.6,5.5,0.471,0.1,0.4,0.13,2.5,5.1,0.497,0.476,1.8,2.4,0.734,1.8,2.9,4.7,1.8,0.8,0.4,1.0,1.9,7.0,,2020
321.0,Ronnie Price,31.0,LAL,PG,43.0,20.0,22.8,1.8,5.2,0.345,0.7,2.5,0.284,1.1,2.7,0.404,0.415,0.8,1.0,0.8,0.4,1.2,1.6,3.8,1.6,0.1,1.2,2.7,5.1,,2015
312.0,Ronnie Price,32.0,PHO,PG,62.0,18.0,19.5,1.9,4.9,0.384,1.1,3.2,0.347,0.8,1.7,0.453,0.497,0.5,0.7,0.756,0.4,1.2,1.6,2.4,1.2,0.2,1.1,2.6,5.3,,2016
138.0,Roy Hibbert,28.0,IND,C,76.0,76.0,25.3,4.2,9.3,0.446,0.0,0.0,0.0,4.2,9.3,0.448,0.446,2.2,2.7,0.824,2.1,5.1,7.1,1.1,0.2,1.6,1.4,2.8,10.6,,2015
287.0,Roy Hibbert,29.0,LAL,C,81.0,81.0,23.2,2.2,5.1,0.443,0.0,0.0,0.0,2.2,5.0,0.445,0.443,1.4,1.8,0.807,1.6,3.3,4.9,1.2,0.4,1.4,0.9,3.1,5.9,,2016
346.0,Royce O'Neale,24.0,UTA,SF,69.0,4.0,16.7,1.7,4.1,0.423,0.6,1.7,0.356,1.1,2.4,0.47,0.496,0.9,1.1,0.803,0.4,3.1,3.4,1.4,0.5,0.2,0.8,1.5,5.0,,2018
348.0,Royce O'Neale,25.0,UTA,SF,82.0,16.0,20.4,2.0,4.2,0.475,0.8,2.1,0.386,1.2,2.0,0.569,0.574,0.4,0.5,0.762,0.3,3.2,3.5,1.5,0.7,0.3,0.9,2.1,5.2,,2019
299.0,Royce O'Neale,26.0,UTA,SF,71.0,62.0,28.9,2.2,5.1,0.433,1.3,3.4,0.377,0.9,1.7,0.545,0.559,0.6,0.8,0.764,0.4,5.1,5.5,2.5,0.8,0.5,0.9,2.8,6.3,,2020
287.0,Royce O'Neale,27.0,UTA,SF,71.0,71.0,31.6,2.5,5.5,0.444,1.5,3.9,0.385,1.0,1.6,0.586,0.58,0.5,0.6,0.848,1.2,5.6,6.8,2.5,0.8,0.5,1.2,2.6,7.0,,2021
283.0,Royce O'Neale,28.0,UTA,SF,77.0,77.0,31.2,2.6,5.8,0.457,1.5,4.0,0.389,1.1,1.8,0.609,0.591,0.6,0.7,0.804,0.8,3.9,4.8,2.5,1.1,0.4,1.0,2.4,7.4,,2022
221.0,Royce O'Neale,29.0,BRK,SF,76.0,53.0,31.7,3.0,7.8,0.386,2.1,5.5,0.389,0.9,2.3,0.379,0.524,0.7,0.9,0.725,0.7,4.3,5.1,3.7,0.9,0.6,1.5,3.1,8.8,,2023
235.0,Royce O'Neale,30.0,PHO,SF,30.0,8.0,25.1,2.9,7.1,0.411,2.0,5.2,0.376,1.0,1.9,0.509,0.549,0.3,0.4,0.692,0.7,4.5,5.2,2.7,0.9,0.5,0.7,1.8,8.1,,2024
221.0,Royce O'Neale,31.0,PHO,SF,75.0,22.0,24.5,3.2,7.6,0.423,2.4,5.9,0.406,0.8,1.7,0.481,0.58,0.3,0.3,0.731,0.7,3.9,4.7,2.2,0.9,0.5,0.9,2.0,9.1,,2025
16.0,Rudy Gay,28.0,SAC,SF,68.0,67.0,35.4,7.5,16.4,0.455,1.2,3.2,0.359,6.3,13.2,0.479,0.491,5.0,5.8,0.858,1.4,4.4,5.9,3.7,1.0,0.6,2.7,2.3,21.1,,2015
40.0,Rudy Gay,29.0,SAC,SF,70.0,70.0,34.0,6.7,14.4,0.463,1.1,3.1,0.344,5.6,11.3,0.495,0.5,2.8,3.6,0.78,1.5,5.0,6.5,1.7,1.4,0.7,2.0,2.6,17.2,,2016
38.0,Rudy Gay,30.0,SAC,SF,30.0,30.0,33.8,6.7,14.7,0.455,1.4,3.8,0.372,5.3,11.0,0.483,0.502,3.9,4.6,0.855,1.2,5.2,6.3,2.8,1.5,0.9,2.5,2.6,18.7,,2017
142.0,Rudy Gay,31.0,SAS,PF,57.0,6.0,21.6,4.4,9.4,0.471,0.6,2.1,0.314,3.8,7.4,0.516,0.506,2.0,2.5,0.772,1.3,3.8,5.1,1.3,0.8,0.7,1.4,1.7,11.5,,2018
99.0,Rudy Gay,32.0,SAS,PF,69.0,51.0,26.7,5.4,10.8,0.504,1.1,2.7,0.402,4.4,8.1,0.537,0.554,1.7,2.1,0.816,0.9,5.9,6.8,2.6,0.8,0.5,1.7,2.3,13.7,,2019
159.0,Rudy Gay,33.0,SAS,PF,67.0,5.0,21.8,4.0,8.9,0.446,1.1,3.3,0.336,2.9,5.6,0.511,0.508,1.8,2.0,0.882,0.9,4.5,5.4,1.7,0.5,0.5,1.3,1.5,10.8,,2020
151.0,Rudy Gay,34.0,SAS,PF,63.0,1.0,21.6,4.2,10.0,0.42,1.7,4.4,0.381,2.5,5.6,0.451,0.505,1.3,1.6,0.804,0.7,4.1,4.8,1.4,0.7,0.6,1.0,1.8,11.4,,2021
252.0,Rudy Gay,35.0,UTA,PF,55.0,1.0,18.9,2.9,6.9,0.414,1.3,3.7,0.345,1.6,3.2,0.494,0.507,1.1,1.4,0.785,1.0,3.4,4.4,1.0,0.5,0.3,0.9,1.7,8.1,,2022
197.0,Rudy Gobert,22.0,UTA,C,82.0,37.0,26.3,3.1,5.2,0.604,0.0,0.0,0.0,3.1,5.2,0.607,0.604,2.1,3.3,0.623,3.2,6.2,9.5,1.3,0.8,2.3,1.4,2.1,8.4,,2015
172.0,Rudy Gobert,23.0,UTA,C,61.0,60.0,31.7,3.2,5.8,0.559,0.0,0.0,,3.2,5.8,0.559,0.559,2.6,4.6,0.569,3.4,7.5,11.0,1.5,0.7,2.2,1.9,2.7,9.1,,2016
77.0,Rudy Gobert,24.0,UTA,C,81.0,81.0,33.9,5.1,7.7,0.661,0.0,0.0,0.0,5.1,7.7,0.662,0.661,3.8,5.9,0.653,3.9,8.9,12.8,1.2,0.6,2.6,1.8,3.0,14.0,,2017
94.0,Rudy Gobert,25.0,UTA,C,56.0,56.0,32.4,4.9,7.9,0.622,0.0,0.0,,4.9,7.9,0.622,0.622,3.6,5.3,0.682,2.9,7.8,10.7,1.4,0.8,2.3,1.9,2.7,13.5,,2018
70.0,Rudy Gobert,26.0,UTA,C,81.0,80.0,31.8,5.9,8.8,0.669,0.0,0.0,,5.9,8.8,0.669,0.669,4.1,6.4,0.636,3.8,9.0,12.9,2.0,0.8,2.3,1.6,2.9,15.9,,2019
87.0,Rudy Gobert,27.0,UTA,C,68.0,68.0,34.3,5.7,8.2,0.693,0.0,0.0,,5.7,8.2,0.693,0.693,3.7,5.9,0.63,3.4,10.1,13.5,1.5,0.8,2.0,1.9,3.2,15.1,,2020
98.0,Rudy Gobert,28.0,UTA,C,71.0,71.0,30.8,5.5,8.2,0.675,0.0,0.1,0.0,5.5,8.1,0.68,0.675,3.3,5.3,0.623,3.4,10.1,13.5,1.3,0.6,2.7,1.7,2.3,14.3,,2021
82.0,Rudy Gobert,29.0,UTA,C,66.0,66.0,32.1,5.5,7.7,0.713,0.0,0.1,0.0,5.5,7.6,0.718,0.713,4.6,6.7,0.69,3.7,11.0,14.7,1.1,0.7,2.1,1.8,2.7,15.6,,2022
116.0,Rudy Gobert,30.0,MIN,C,70.0,70.0,30.7,5.1,7.8,0.659,0.0,0.0,0.0,5.1,7.8,0.663,0.659,3.1,4.9,0.644,3.3,8.3,11.6,1.2,0.8,1.4,1.7,3.0,13.4,,2023
106.0,Rudy Gobert,31.0,MIN,C,76.0,76.0,34.1,5.3,8.1,0.661,0.0,0.0,0.0,5.3,8.0,0.664,0.661,3.3,5.1,0.638,3.8,9.2,12.9,1.3,0.7,2.1,1.6,3.1,14.0,,2024
145.0,Rudy Gobert,32.0,MIN,C,72.0,72.0,33.2,4.7,7.1,0.669,0.0,0.0,,4.7,7.1,0.669,0.669,2.6,3.8,0.674,3.7,7.2,10.9,1.8,0.8,1.4,1.2,2.5,12.0,,2025
105.0,Rui Hachimura,21.0,WAS,PF,48.0,48.0,30.1,5.3,11.4,0.466,0.5,1.8,0.287,4.8,9.5,0.5,0.489,2.4,2.9,0.829,1.6,4.5,6.1,1.8,0.8,0.2,1.1,2.2,13.5,,2020
105.0,Rui Hachimura,22.0,WAS,PF,57.0,57.0,31.5,5.4,11.4,0.478,0.8,2.4,0.328,4.6,9.0,0.519,0.513,2.2,2.8,0.77,0.9,4.6,5.5,1.4,0.8,0.1,1.2,2.1,13.8,,2021
146.0,Rui Hachimura,23.0,WAS,PF,42.0,13.0,22.5,4.5,9.1,0.491,1.3,2.9,0.447,3.1,6.1,0.512,0.563,1.1,1.6,0.697,0.6,3.2,3.8,1.1,0.5,0.2,0.8,1.3,11.3,,2022
150.0,Rui Hachimura,24.0,WAS,PF,30.0,0.0,24.3,5.3,10.8,0.488,1.0,3.0,0.337,4.3,7.8,0.545,0.534,1.5,1.9,0.759,0.6,3.6,4.3,1.2,0.4,0.4,1.2,1.3,13.0,,2023
116.0,Rui Hachimura,25.0,LAL,PF,68.0,39.0,26.9,5.3,9.9,0.537,1.4,3.4,0.422,3.9,6.5,0.597,0.609,1.5,2.0,0.739,0.9,3.5,4.3,1.2,0.6,0.4,0.7,1.5,13.6,,2024
123.0,Rui Hachimura,26.0,LAL,PF,59.0,57.0,31.7,5.0,9.8,0.509,1.7,4.2,0.413,3.2,5.6,0.581,0.597,1.5,1.9,0.77,1.3,3.7,5.0,1.4,0.8,0.4,0.8,1.8,13.1,,2025
1.0,Russell Westbrook,26.0,OKC,PG,67.0,67.0,34.4,9.4,22.0,0.426,1.3,4.3,0.299,8.1,17.7,0.457,0.455,8.1,9.8,0.835,1.9,5.4,7.3,8.6,2.1,0.2,4.4,2.7,28.1,,2015
9.0,Russell Westbrook,27.0,OKC,PG,80.0,80.0,34.4,8.2,18.1,0.454,1.3,4.3,0.296,6.9,13.8,0.503,0.489,5.8,7.2,0.812,1.8,6.0,7.8,10.4,2.0,0.3,4.3,2.5,23.5,,2016
1.0,Russell Westbrook,28.0,OKC,PG,81.0,81.0,34.6,10.2,24.0,0.425,2.5,7.2,0.343,7.7,16.8,0.459,0.476,8.8,10.4,0.845,1.7,9.0,10.7,10.4,1.6,0.4,5.4,2.3,31.6,,2017
8.0,Russell Westbrook,29.0,OKC,PG,80.0,80.0,36.4,9.5,21.1,0.449,1.2,4.1,0.298,8.3,17.0,0.485,0.477,5.2,7.1,0.737,1.9,8.2,10.1,10.3,1.8,0.3,4.8,2.5,25.4,,2018
19.0,Russell Westbrook,30.0,OKC,PG,73.0,73.0,36.0,8.6,20.2,0.428,1.6,5.6,0.29,7.0,14.5,0.481,0.468,4.1,6.2,0.656,1.5,9.6,11.1,10.7,1.9,0.5,4.5,3.4,22.9,,2019
8.0,Russell Westbrook,31.0,HOU,PG,57.0,57.0,35.9,10.6,22.5,0.472,1.0,3.7,0.258,9.6,18.7,0.514,0.493,5.1,6.7,0.763,1.8,6.2,7.9,7.0,1.6,0.4,4.5,3.5,27.2,,2020
30.0,Russell Westbrook,32.0,WAS,PG,65.0,65.0,36.4,8.4,19.0,0.439,1.3,4.2,0.315,7.0,14.8,0.475,0.474,4.2,6.4,0.656,1.7,9.9,11.5,11.7,1.4,0.4,4.8,2.9,22.2,,2021
48.0,Russell Westbrook,33.0,LAL,PG,78.0,78.0,34.3,7.0,15.8,0.444,1.0,3.4,0.298,6.0,12.4,0.485,0.476,3.4,5.1,0.667,1.4,6.0,7.4,7.1,1.0,0.3,3.8,3.0,18.5,,2022
87.0,Russell Westbrook,34.0,LAL,PG,52.0,3.0,28.7,5.8,14.0,0.417,1.2,4.1,0.296,4.6,9.9,0.467,0.46,3.0,4.6,0.655,1.1,5.0,6.2,7.5,1.0,0.4,3.5,2.3,15.9,,2023
154.0,Russell Westbrook,35.0,LAC,PG,68.0,11.0,22.5,4.4,9.8,0.454,0.6,2.3,0.273,3.8,7.5,0.509,0.486,1.6,2.4,0.688,1.4,3.7,5.0,4.5,1.1,0.3,2.1,1.8,11.1,,2024
120.0,Russell Westbrook,36.0,DEN,PG,75.0,36.0,27.9,5.0,11.1,0.449,1.3,3.9,0.323,3.7,7.2,0.517,0.505,2.1,3.1,0.661,1.4,3.6,4.9,6.1,1.4,0.5,3.2,2.5,13.3,,2025
81.0,Ryan Anderson,26.0,NOP,PF,61.0,5.0,27.5,4.8,12.0,0.399,2.0,5.9,0.34,2.8,6.1,0.457,0.483,2.1,2.5,0.854,1.8,3.1,4.8,0.9,0.5,0.3,1.0,1.9,13.7,,2015
42.0,Ryan Anderson,27.0,NOP,PF,66.0,7.0,30.4,6.0,14.1,0.427,2.0,5.4,0.366,4.0,8.7,0.466,0.498,3.0,3.5,0.873,2.0,4.0,6.0,1.1,0.6,0.4,1.4,1.7,17.0,,2016
86.0,Ryan Anderson,28.0,HOU,PF,72.0,72.0,29.4,4.5,10.7,0.418,2.8,7.0,0.403,1.7,3.7,0.446,0.55,1.8,2.1,0.86,1.6,3.0,4.6,0.9,0.4,0.2,0.8,2.0,13.6,,2017
185.0,Ryan Anderson,29.0,HOU,PF,66.0,50.0,26.1,3.1,7.3,0.431,2.0,5.1,0.386,1.2,2.1,0.539,0.568,1.1,1.4,0.774,1.4,3.6,5.0,0.9,0.4,0.3,0.6,1.9,9.3,,2018
464.0,Ryan Anderson,30.0,PHO,PF,15.0,8.0,18.5,1.3,4.0,0.317,0.5,2.3,0.206,0.8,1.7,0.462,0.375,0.7,0.9,0.786,0.9,2.1,3.0,1.1,0.2,0.1,0.8,1.5,3.7,,2019
281.0,Ryan Arcidiacono,24.0,CHI,PG,81.0,32.0,24.2,2.3,5.2,0.447,1.0,2.7,0.373,1.3,2.5,0.527,0.544,1.1,1.3,0.873,0.3,2.4,2.7,3.3,0.8,0.0,0.8,2.1,6.7,,2019
379.0,Ryan Arcidiacono,25.0,CHI,PG,58.0,4.0,16.0,1.6,3.8,0.409,0.9,2.4,0.391,0.6,1.4,0.439,0.532,0.5,0.7,0.711,0.3,1.6,1.9,1.7,0.5,0.1,0.6,1.7,4.5,,2020
515.0,Ryan Arcidiacono,28.0,POR,PG,9.0,4.0,16.2,0.9,3.6,0.25,0.8,2.2,0.35,0.1,1.3,0.083,0.359,0.0,0.0,,0.0,1.2,1.2,2.3,0.3,0.0,0.7,1.6,2.6,,2023
302.0,Ryan Dunn,22.0,PHO,SF,74.0,44.0,19.1,2.8,6.4,0.43,1.1,3.6,0.311,1.7,2.9,0.577,0.516,0.3,0.5,0.487,1.2,2.4,3.6,0.8,0.6,0.5,0.5,2.2,6.9,,2025
259.0,Ryan Kelly,23.0,LAL,PF,52.0,34.0,23.7,2.0,5.9,0.337,0.9,2.6,0.336,1.1,3.4,0.337,0.409,1.5,1.8,0.832,0.3,2.6,2.8,1.8,0.6,0.5,0.7,2.3,6.4,,2015
338.0,Saben Lee,21.0,DET,PG,48.0,7.0,16.3,2.1,4.4,0.471,0.2,0.5,0.348,1.9,3.9,0.487,0.49,1.3,1.9,0.685,0.4,1.6,2.0,3.6,0.7,0.3,1.1,1.6,5.6,,2021
364.0,Saben Lee,22.0,DET,PG,37.0,0.0,16.3,1.9,4.8,0.39,0.4,1.6,0.233,1.5,3.2,0.47,0.429,1.5,1.9,0.789,0.5,1.9,2.4,2.9,1.0,0.3,1.0,1.2,5.6,,2022
322.0,Saben Lee,23.0,PHO,PG,23.0,1.0,15.8,2.0,5.1,0.393,0.5,1.3,0.379,1.5,3.8,0.398,0.44,1.8,2.5,0.737,0.6,1.4,2.0,2.8,0.8,0.0,0.9,1.3,6.3,,2023
138.0,Saddiq Bey,21.0,DET,SF,70.0,53.0,27.3,4.0,9.9,0.404,2.5,6.6,0.38,1.5,3.3,0.45,0.53,1.8,2.1,0.844,0.6,3.9,4.5,1.4,0.7,0.2,0.9,1.6,12.2,,2021
77.0,Saddiq Bey,22.0,DET,SF,82.0,82.0,33.0,5.5,13.9,0.396,2.6,7.4,0.346,2.9,6.4,0.454,0.489,2.6,3.1,0.827,1.3,4.1,5.4,2.8,0.9,0.2,1.2,1.6,16.1,,2022
113.0,Saddiq Bey,23.0,DET,SF,52.0,30.0,28.8,4.7,11.7,0.404,1.9,5.6,0.345,2.8,6.0,0.46,0.488,3.5,4.0,0.861,1.1,3.5,4.7,1.6,1.0,0.2,1.0,1.7,14.8,,2023
113.0,Saddiq Bey,24.0,ATL,SF,63.0,51.0,32.7,4.6,11.1,0.416,1.8,5.7,0.316,2.8,5.4,0.522,0.497,2.7,3.2,0.837,2.7,3.9,6.5,1.5,0.8,0.2,0.9,1.4,13.7,,2024
259.0,Sam Dekker,22.0,HOU,PF,77.0,2.0,18.4,2.6,5.6,0.473,0.8,2.4,0.321,1.9,3.1,0.591,0.543,0.5,0.9,0.559,1.2,2.5,3.7,1.0,0.5,0.3,0.5,1.1,6.5,,2017
308.0,Sam Dekker,24.0,WAS,PF,38.0,0.0,16.3,2.6,5.5,0.471,0.4,1.3,0.286,2.2,4.2,0.528,0.505,0.5,0.9,0.556,1.2,1.9,3.0,1.0,0.7,0.2,0.5,0.9,6.1,,2019
307.0,Sam Hauser,25.0,BOS,SF,80.0,8.0,16.1,2.3,5.0,0.455,1.8,4.2,0.418,0.5,0.8,0.656,0.631,0.2,0.2,0.706,0.4,2.1,2.6,0.9,0.4,0.3,0.4,1.2,6.4,,2023
203.0,Sam Hauser,26.0,BOS,SF,79.0,13.0,22.0,3.2,7.1,0.446,2.5,5.9,0.424,0.7,1.2,0.559,0.623,0.2,0.2,0.895,0.6,2.9,3.5,1.0,0.5,0.3,0.4,1.3,9.0,,2024
249.0,Sam Hauser,27.0,BOS,PF,71.0,19.0,21.7,3.0,6.7,0.451,2.3,5.6,0.416,0.7,1.1,0.64,0.627,0.2,0.2,1.0,0.6,2.5,3.2,0.9,0.6,0.2,0.3,1.2,8.5,,2025
227.0,Sam Merrill,27.0,CLE,SG,61.0,1.0,17.5,2.6,6.4,0.402,2.3,5.8,0.404,0.2,0.6,0.385,0.584,0.4,0.5,0.929,0.4,1.6,2.0,1.8,0.3,0.1,0.3,1.2,8.0,,2024
288.0,Sam Merrill,28.0,CLE,SG,71.0,4.0,19.7,2.4,6.0,0.406,1.9,5.2,0.372,0.5,0.8,0.625,0.567,0.4,0.4,0.966,0.5,1.7,2.2,1.5,0.7,0.2,0.5,1.7,7.2,,2025
369.0,Samuel Dalembert,33.0,NYK,C,32.0,21.0,17.0,1.8,4.1,0.438,0.0,0.0,,1.8,4.1,0.438,0.438,0.4,0.6,0.7,1.7,3.6,5.3,0.9,0.4,1.3,1.2,2.2,4.0,,2015
317.0,Sandro Mamukelashvili,23.0,SAS,C,19.0,7.0,23.3,4.1,9.1,0.453,1.2,3.5,0.343,2.9,5.5,0.524,0.52,1.4,2.1,0.692,2.7,4.1,6.8,2.4,0.5,0.4,1.4,1.7,10.8,,2023
213.0,Santi Aldama,22.0,MEM,PF,77.0,20.0,21.8,3.2,6.8,0.47,1.2,3.5,0.353,2.0,3.4,0.591,0.56,1.4,1.9,0.75,1.1,3.7,4.8,1.3,0.6,0.6,0.8,1.9,9.0,,2023
166.0,Santi Aldama,23.0,MEM,PF,61.0,35.0,26.5,4.0,9.3,0.435,1.7,5.0,0.349,2.3,4.3,0.534,0.528,0.9,1.4,0.621,1.2,4.6,5.8,2.3,0.7,0.9,1.1,1.5,10.7,,2024
132.0,Santi Aldama,24.0,MEM,PF,65.0,16.0,25.5,4.8,10.0,0.483,1.8,5.0,0.368,3.0,5.0,0.599,0.576,1.0,1.4,0.691,1.4,5.0,6.4,2.9,0.8,0.4,1.1,1.2,12.5,,2025
107.0,Scoot Henderson,19.0,POR,PG,62.0,32.0,28.5,5.0,12.9,0.385,1.4,4.3,0.325,3.5,8.5,0.416,0.44,2.7,3.3,0.819,0.9,2.3,3.1,5.4,0.8,0.2,3.4,3.1,14.0,,2024
128.0,Scoot Henderson,20.0,POR,PG,66.0,10.0,26.7,4.3,10.4,0.419,1.6,4.5,0.354,2.8,5.9,0.469,0.496,2.4,3.1,0.767,0.8,2.2,3.0,5.1,1.0,0.2,2.7,2.7,12.7,,2025
86.0,Scottie Barnes,20.0,TOR,PF,74.0,74.0,35.4,6.2,12.6,0.492,0.8,2.6,0.301,5.4,10.0,0.543,0.524,2.1,2.9,0.735,2.6,4.9,7.5,3.5,1.1,0.7,1.8,2.6,15.3,,2022
91.0,Scottie Barnes,21.0,TOR,SF,77.0,76.0,34.8,6.0,13.2,0.456,0.8,2.9,0.281,5.2,10.3,0.505,0.487,2.5,3.2,0.772,2.3,4.3,6.6,4.8,1.1,0.8,2.0,2.2,15.3,,2023
51.0,Scottie Barnes,22.0,TOR,SG,60.0,60.0,34.9,7.5,15.7,0.475,1.7,4.9,0.341,5.8,10.8,0.536,0.528,3.3,4.2,0.781,2.4,5.9,8.2,6.1,1.3,1.5,2.8,2.0,19.9,,2024
52.0,Scottie Barnes,23.0,TOR,PF,65.0,65.0,32.8,7.3,16.4,0.446,1.2,4.3,0.271,6.1,12.0,0.508,0.482,3.5,4.6,0.755,1.7,6.0,7.7,5.8,1.4,1.0,2.8,1.7,19.3,,2025
431.0,Scotty Hopson,32.0,OKC,SG,1.0,0.0,18.0,2.0,4.0,0.5,0.0,1.0,0.0,2.0,3.0,0.667,0.5,0.0,0.0,,0.0,1.0,1.0,1.0,0.0,0.0,2.0,1.0,4.0,,2022
124.0,Scotty Pippen Jr.,23.0,MEM,PG,21.0,16.0,25.1,4.8,9.7,0.493,1.4,3.4,0.417,3.3,6.2,0.534,0.567,2.0,2.6,0.745,1.0,2.1,3.2,4.7,1.7,0.5,2.7,2.9,12.9,,2024
196.0,Scotty Pippen Jr.,24.0,MEM,PG,79.0,21.0,21.3,3.6,7.5,0.48,1.1,2.8,0.397,2.5,4.7,0.528,0.553,1.5,2.2,0.713,0.8,2.5,3.3,4.4,1.3,0.4,1.7,2.6,9.9,,2025
300.0,Sean Kilpatrick,25.0,MIN,SG,4.0,0.0,18.0,1.8,5.0,0.35,1.0,3.3,0.308,0.8,1.8,0.429,0.45,1.0,1.0,1.0,0.3,1.3,1.5,1.0,0.8,0.0,0.5,0.8,5.5,,2015
95.0,Sean Kilpatrick,27.0,BRK,SG,70.0,24.0,25.1,4.4,10.5,0.415,1.5,4.4,0.341,2.9,6.1,0.468,0.486,2.9,3.5,0.843,0.3,3.7,4.0,2.2,0.6,0.1,1.9,1.7,13.1,,2017
198.0,Sebastian Telfair,29.0,OKC,PG,16.0,1.0,20.4,2.9,7.8,0.368,1.1,3.8,0.3,1.8,4.1,0.431,0.44,1.5,2.1,0.706,0.1,1.8,1.9,2.8,0.6,0.0,1.1,1.8,8.4,,2015
288.0,Sekou Doumbouya,19.0,DET,PF,38.0,19.0,19.8,2.4,6.2,0.39,0.7,2.6,0.286,1.7,3.6,0.464,0.449,0.8,1.2,0.674,0.5,2.6,3.1,0.5,0.5,0.2,0.9,2.1,6.4,,2020
366.0,Sekou Doumbouya,20.0,DET,PF,56.0,11.0,15.5,1.9,5.0,0.379,0.5,2.1,0.226,1.4,3.0,0.485,0.426,0.8,1.1,0.703,0.7,1.9,2.6,0.8,0.4,0.2,0.8,1.7,5.1,,2021
406.0,Semaj Christon,24.0,OKC,PG,64.0,1.0,15.2,1.2,3.5,0.345,0.2,1.0,0.19,1.0,2.5,0.406,0.372,0.3,0.5,0.548,0.3,1.1,1.4,2.0,0.4,0.1,0.7,1.2,2.9,,2017
447.0,Semi Ojeleye,23.0,BOS,PF,73.0,0.0,15.8,0.9,2.6,0.346,0.5,1.7,0.32,0.3,0.9,0.397,0.452,0.3,0.6,0.61,0.5,1.7,2.2,0.3,0.3,0.1,0.3,1.2,2.7,,2018
388.0,Semi Ojeleye,26.0,BOS,PF,56.0,15.0,17.0,1.6,3.9,0.403,1.0,2.8,0.367,0.6,1.1,0.492,0.534,0.4,0.6,0.75,0.6,2.1,2.6,0.7,0.3,0.0,0.4,1.0,4.6,,2021
464.0,Semi Ojeleye,27.0,MIL,PF,20.0,0.0,15.4,0.9,3.5,0.257,0.6,2.1,0.268,0.4,1.5,0.241,0.336,0.5,0.7,0.769,1.3,1.7,2.9,0.3,0.3,0.3,0.3,1.3,2.9,,2022
72.0,Serge Ibaka,25.0,OKC,PF,64.0,64.0,33.1,5.8,12.3,0.476,1.2,3.2,0.376,4.6,9.1,0.511,0.525,1.4,1.7,0.836,2.1,5.7,7.8,0.9,0.5,2.4,1.5,3.0,14.3,,2015
100.0,Serge Ibaka,26.0,OKC,PF,78.0,78.0,32.1,5.3,11.1,0.479,0.8,2.4,0.326,4.6,8.8,0.52,0.513,1.2,1.6,0.752,1.8,5.0,6.8,0.8,0.5,1.9,1.4,2.7,12.6,,2016
64.0,Serge Ibaka,27.0,TOR,PF,23.0,23.0,31.0,5.6,12.1,0.459,1.8,4.5,0.398,3.8,7.7,0.494,0.532,1.3,1.5,0.882,1.3,5.5,6.8,0.7,0.3,1.4,1.7,3.3,14.2,,2017
117.0,Serge Ibaka,28.0,TOR,PF,76.0,76.0,27.5,5.0,10.3,0.483,1.4,3.9,0.36,3.6,6.4,0.559,0.552,1.2,1.6,0.797,1.0,5.3,6.3,0.8,0.4,1.3,1.2,2.8,12.6,,2018
83.0,Serge Ibaka,29.0,TOR,C,74.0,51.0,27.2,6.3,11.9,0.529,0.7,2.3,0.29,5.6,9.6,0.586,0.557,1.8,2.4,0.763,2.1,6.0,8.1,1.3,0.4,1.4,1.5,2.9,15.0,,2019
81.0,Serge Ibaka,30.0,TOR,C,55.0,27.0,27.0,6.2,12.2,0.512,1.3,3.3,0.385,5.0,8.9,0.559,0.564,1.6,2.3,0.718,2.1,6.1,8.2,1.4,0.5,0.8,2.0,2.8,15.4,,2020
162.0,Serge Ibaka,31.0,LAC,C,41.0,39.0,23.3,4.5,8.9,0.51,1.0,2.8,0.339,3.6,6.1,0.588,0.563,1.0,1.3,0.811,1.8,4.9,6.7,1.8,0.2,1.1,1.1,1.9,11.1,,2021
305.0,Serge Ibaka,32.0,MIL,C,19.0,2.0,17.8,2.8,5.5,0.519,0.7,1.9,0.351,2.2,3.5,0.612,0.582,0.6,0.8,0.8,1.2,4.1,5.3,0.7,0.2,0.4,0.5,2.4,7.0,,2022
338.0,Sergey Karasev,21.0,BRK,SG,33.0,16.0,16.8,1.6,4.1,0.403,0.5,1.6,0.296,1.2,2.4,0.475,0.463,0.9,1.2,0.763,0.7,1.3,2.0,1.4,0.7,0.0,0.7,1.4,4.6,,2015
209.0,Sergio Rodríguez,30.0,PHI,PG,68.0,30.0,22.3,3.1,7.9,0.392,1.4,3.7,0.365,1.7,4.2,0.415,0.478,0.3,0.4,0.667,0.3,2.0,2.3,5.1,0.7,0.1,1.9,1.4,7.8,,2017
251.0,Seth Curry,25.0,SAC,PG,44.0,9.0,15.7,2.3,5.1,0.455,1.1,2.5,0.45,1.2,2.6,0.46,0.567,1.0,1.2,0.833,0.2,1.2,1.4,1.5,0.5,0.1,0.8,0.9,6.8,,2016
97.0,Seth Curry,26.0,DAL,PG,70.0,42.0,29.0,4.8,10.0,0.481,2.0,4.6,0.425,2.9,5.4,0.528,0.578,1.2,1.4,0.85,0.4,2.2,2.6,2.7,1.1,0.1,1.3,1.8,12.8,,2017
230.0,Seth Curry,28.0,POR,SG,74.0,2.0,18.9,2.9,6.3,0.456,1.5,3.4,0.45,1.3,2.9,0.463,0.577,0.6,0.7,0.846,0.4,1.3,1.6,0.9,0.5,0.2,0.8,1.3,7.9,,2019
118.0,Seth Curry,29.0,DAL,SG,64.0,25.0,24.6,4.4,9.0,0.495,2.3,5.0,0.452,2.2,4.0,0.549,0.621,1.3,1.5,0.825,0.4,1.8,2.3,1.9,0.6,0.1,1.0,1.8,12.4,,2020
134.0,Seth Curry,30.0,PHI,SG,57.0,57.0,28.7,4.5,9.7,0.467,2.2,4.9,0.45,2.3,4.8,0.485,0.582,1.2,1.4,0.896,0.2,2.2,2.4,2.7,0.8,0.1,1.1,1.7,12.5,,2021
90.0,Seth Curry,31.0,PHI,SG,45.0,45.0,34.8,5.7,11.7,0.485,2.2,5.6,0.4,3.5,6.2,0.561,0.58,1.4,1.6,0.877,0.4,3.0,3.4,4.0,0.8,0.2,1.9,2.2,15.0,,2022
205.0,Seth Curry,32.0,BRK,SG,61.0,7.0,19.9,3.4,7.4,0.463,1.5,3.8,0.405,1.9,3.6,0.525,0.568,0.8,0.9,0.927,0.2,1.4,1.6,1.6,0.6,0.1,0.8,1.6,9.2,,2023
320.0,Seth Curry,34.0,CHO,SG,68.0,14.0,15.6,2.4,5.0,0.478,1.2,2.7,0.456,1.2,2.4,0.503,0.599,0.5,0.6,0.846,0.4,1.3,1.7,0.9,0.4,0.1,0.5,0.9,6.5,,2025
84.0,Shabazz Muhammad,22.0,MIN,SG,38.0,13.0,22.8,5.1,10.4,0.489,0.5,1.3,0.392,4.6,9.1,0.503,0.514,2.7,3.8,0.717,1.7,2.4,4.1,1.2,0.5,0.2,0.9,1.3,13.5,,2015
136.0,Shabazz Muhammad,23.0,MIN,SF,82.0,0.0,20.5,3.9,8.3,0.465,0.5,1.9,0.289,3.3,6.5,0.516,0.498,2.3,3.0,0.764,1.2,2.0,3.3,0.6,0.3,0.1,0.9,1.1,10.5,,2016
153.0,Shabazz Muhammad,24.0,MIN,SF,78.0,1.0,19.4,3.7,7.7,0.482,0.6,1.9,0.338,3.1,5.8,0.528,0.523,1.9,2.4,0.774,1.1,1.7,2.8,0.4,0.3,0.1,0.7,1.1,9.9,,2017
320.0,Shabazz Napier,23.0,MIA,PG,51.0,10.0,19.8,1.7,4.5,0.382,0.8,2.3,0.364,0.9,2.2,0.4,0.476,0.9,1.1,0.786,0.3,1.9,2.2,2.5,0.8,0.1,1.6,1.5,5.1,,2015
200.0,Shabazz Napier,26.0,POR,PG,74.0,9.0,20.7,3.0,7.2,0.42,1.1,2.9,0.376,1.9,4.2,0.45,0.497,1.6,1.9,0.841,0.4,1.9,2.3,2.0,1.1,0.2,1.2,1.1,8.7,,2018
191.0,Shabazz Napier,27.0,BRK,PG,56.0,2.0,17.6,3.0,7.8,0.389,1.4,4.1,0.333,1.7,3.7,0.449,0.476,2.1,2.5,0.833,0.3,1.5,1.8,2.6,0.7,0.3,1.2,1.2,9.4,,2019
168.0,Shabazz Napier,28.0,WAS,PG,20.0,10.0,24.4,3.7,8.7,0.428,1.5,4.1,0.358,2.3,4.6,0.489,0.512,2.7,3.3,0.831,0.5,2.0,2.4,3.8,1.5,0.2,2.6,2.0,11.6,,2020
181.0,Shaedon Sharpe,19.0,POR,SG,80.0,15.0,22.2,3.8,8.1,0.472,1.3,3.5,0.36,2.6,4.6,0.559,0.551,0.9,1.3,0.714,0.8,2.2,3.0,1.2,0.5,0.3,1.0,1.7,9.9,,2023
84.0,Shaedon Sharpe,20.0,POR,SG,32.0,25.0,33.1,5.5,13.6,0.406,1.9,5.6,0.333,3.6,7.9,0.457,0.475,3.1,3.7,0.824,1.3,3.7,5.0,2.9,0.9,0.4,2.3,2.8,15.9,,2024
64.0,Shaedon Sharpe,21.0,POR,SG,72.0,52.0,31.3,6.9,15.3,0.452,2.0,6.6,0.311,4.9,8.8,0.557,0.519,2.6,3.4,0.785,0.9,3.6,4.5,2.8,0.9,0.2,2.1,1.7,18.5,,2025
156.0,Shai Gilgeous-Alexander,20.0,LAC,PG,82.0,73.0,26.5,4.2,8.7,0.476,0.6,1.7,0.367,3.5,7.0,0.503,0.512,1.9,2.4,0.8,0.7,2.1,2.8,3.3,1.2,0.5,1.7,2.1,10.8,,2019
45.0,Shai Gilgeous-Alexander,21.0,OKC,SG,70.0,70.0,34.7,6.8,14.5,0.471,1.2,3.6,0.347,5.6,10.9,0.512,0.514,4.1,5.1,0.807,0.7,5.2,5.9,3.3,1.1,0.7,1.9,1.7,19.0,,2020
25.0,Shai Gilgeous-Alexander,22.0,OKC,SG,35.0,35.0,33.7,8.2,16.1,0.508,2.0,4.9,0.418,6.2,11.3,0.547,0.571,5.3,6.5,0.808,0.5,4.2,4.7,5.9,0.8,0.7,3.0,2.0,23.7,,2021
16.0,Shai Gilgeous-Alexander,23.0,OKC,PG,56.0,56.0,34.7,8.5,18.8,0.453,1.6,5.3,0.3,6.9,13.5,0.514,0.496,5.9,7.2,0.81,0.7,4.3,5.0,5.9,1.3,0.8,2.8,2.5,24.5,,2022
4.0,Shai Gilgeous-Alexander,24.0,OKC,PG,68.0,68.0,35.5,10.4,20.3,0.51,0.9,2.5,0.345,9.5,17.8,0.533,0.531,9.8,10.9,0.905,0.9,4.0,4.8,5.5,1.6,1.0,2.8,2.8,31.4,,2023
4.0,Shai Gilgeous-Alexander,25.0,OKC,PG,75.0,75.0,34.0,10.6,19.8,0.535,1.3,3.6,0.353,9.3,16.2,0.576,0.567,7.6,8.7,0.874,0.9,4.7,5.5,6.2,2.0,0.9,2.2,2.5,30.1,,2024
1.0,Shai Gilgeous-Alexander,26.0,OKC,PG,76.0,76.0,34.2,11.3,21.8,0.519,2.1,5.7,0.375,9.2,16.1,0.571,0.569,7.9,8.8,0.898,0.9,4.1,5.0,6.4,1.7,1.0,2.4,2.2,32.7,,2025
190.0,Shake Milton,23.0,PHI,SG,40.0,24.0,20.1,3.4,6.9,0.484,1.5,3.4,0.43,1.9,3.6,0.535,0.588,1.3,1.6,0.785,0.4,1.8,2.2,2.6,0.5,0.2,1.2,2.3,9.4,,2020
122.0,Shake Milton,24.0,PHI,SG,63.0,4.0,23.2,4.8,10.6,0.45,1.1,3.2,0.35,3.6,7.4,0.494,0.503,2.3,2.8,0.83,0.5,1.8,2.3,3.1,0.6,0.3,1.6,2.1,13.0,,2021
248.0,Shake Milton,25.0,PHI,SG,55.0,6.0,21.4,3.1,7.3,0.429,0.8,2.4,0.323,2.4,4.9,0.481,0.483,1.1,1.3,0.836,0.5,2.0,2.6,2.5,0.5,0.3,0.8,1.8,8.2,,2022
230.0,Shake Milton,26.0,PHI,SG,76.0,11.0,20.6,3.2,6.6,0.479,0.7,1.9,0.378,2.4,4.7,0.521,0.535,1.3,1.5,0.853,0.5,2.0,2.5,3.2,0.3,0.2,1.2,1.6,8.4,,2023
271.0,Shane Larkin,22.0,NYK,PG,76.0,22.0,24.5,2.5,5.7,0.433,0.5,1.5,0.302,2.0,4.2,0.481,0.473,0.8,1.0,0.782,0.4,1.9,2.3,3.0,1.2,0.1,1.1,2.0,6.2,,2015
224.0,Shane Larkin,23.0,BRK,PG,78.0,17.0,22.4,2.8,6.4,0.442,0.5,1.4,0.361,2.3,5.1,0.464,0.481,1.1,1.4,0.776,0.4,1.9,2.3,4.4,1.2,0.2,1.9,1.6,7.3,,2016
368.0,Shannon Brown,29.0,MIA,SG,5.0,2.0,17.8,1.4,3.8,0.368,0.6,1.4,0.429,0.8,2.4,0.333,0.447,0.6,0.8,0.75,0.0,0.2,0.2,0.6,0.8,0.0,0.8,1.6,4.0,,2015
277.0,Shaquille Harrison,24.0,PHO,PG,23.0,2.0,16.7,2.6,5.4,0.476,0.3,1.1,0.231,2.3,4.3,0.541,0.5,1.2,1.7,0.737,0.4,2.3,2.7,2.4,1.1,0.3,1.0,1.8,6.6,,2018
291.0,Shaquille Harrison,25.0,CHI,SG,73.0,11.0,19.6,2.5,5.8,0.432,0.3,1.2,0.27,2.2,4.6,0.475,0.46,1.1,1.7,0.667,0.5,2.6,3.0,1.9,1.2,0.4,0.8,1.7,6.5,,2019
219.0,Shaquille Harrison,29.0,POR,SG,5.0,0.0,24.0,3.0,7.2,0.417,0.6,2.0,0.3,2.4,5.2,0.462,0.458,2.2,3.0,0.733,0.2,4.2,4.4,6.0,2.2,0.4,1.2,2.4,8.8,,2023
285.0,Shaun Livingston,29.0,GSW,PG,78.0,2.0,18.8,2.5,5.1,0.5,0.0,0.0,0.0,2.5,5.1,0.503,0.5,0.8,1.2,0.714,0.6,1.8,2.3,3.3,0.6,0.3,1.3,1.4,5.9,,2015
266.0,Shaun Livingston,30.0,GSW,PG,78.0,3.0,19.5,2.6,4.9,0.536,0.0,0.2,0.167,2.6,4.7,0.548,0.538,1.0,1.2,0.86,0.5,1.6,2.2,3.0,0.7,0.3,1.0,1.8,6.3,,2016
324.0,Shaun Livingston,31.0,GSW,PG,76.0,3.0,17.7,2.3,4.2,0.547,0.0,0.0,0.333,2.3,4.1,0.55,0.549,0.6,0.8,0.7,0.4,1.6,2.0,1.8,0.5,0.3,0.8,1.6,5.1,,2017
322.0,Shaun Livingston,32.0,GSW,PG,71.0,7.0,15.9,2.4,4.8,0.501,0.0,0.1,0.0,2.4,4.8,0.509,0.501,0.7,0.9,0.82,0.5,1.4,1.8,2.0,0.5,0.3,0.8,1.6,5.5,,2018
401.0,Shaun Livingston,33.0,GSW,PG,64.0,0.0,15.1,1.7,3.3,0.519,0.0,0.0,0.0,1.7,3.3,0.524,0.519,0.6,0.8,0.784,0.7,1.2,1.8,1.8,0.5,0.4,0.6,1.2,4.0,,2019
332.0,Shawn Marion,36.0,CLE,SF,57.0,24.0,19.3,2.1,4.7,0.446,0.2,0.8,0.261,1.9,3.9,0.484,0.468,0.5,0.6,0.765,1.1,2.4,3.5,0.9,0.5,0.5,0.6,1.0,4.8,,2015
301.0,Shawne Williams,28.0,MIA,SF,44.0,22.0,21.0,2.3,5.5,0.425,1.4,3.5,0.395,1.0,2.0,0.477,0.55,0.6,0.8,0.848,0.6,2.5,3.2,0.8,0.5,0.4,0.5,2.6,6.6,,2015
304.0,Shelvin Mack,24.0,ATL,PG,55.0,0.0,15.1,2.1,5.3,0.401,0.7,2.3,0.315,1.4,3.0,0.467,0.469,0.5,0.6,0.806,0.1,1.3,1.4,2.8,0.5,0.0,0.9,0.6,5.4,,2015
188.0,Shelvin Mack,25.0,UTA,PG,28.0,27.0,31.4,5.1,11.4,0.444,1.3,3.5,0.357,3.8,7.9,0.482,0.498,1.3,1.8,0.735,0.4,3.4,3.8,5.3,0.9,0.1,2.9,2.3,12.7,,2016
208.0,Shelvin Mack,26.0,UTA,PG,55.0,9.0,21.9,3.1,6.9,0.446,0.7,2.2,0.308,2.4,4.7,0.51,0.495,1.0,1.4,0.688,0.4,1.9,2.3,2.8,0.8,0.1,1.6,1.8,7.8,,2017
264.0,Shelvin Mack,27.0,ORL,PG,69.0,3.0,19.8,2.6,6.0,0.43,0.7,2.0,0.345,1.9,4.0,0.473,0.488,1.0,1.4,0.711,0.3,2.1,2.4,3.9,0.8,0.1,1.3,1.3,6.9,,2018
244.0,Shelvin Mack,28.0,MEM,PG,53.0,3.0,22.7,3.0,7.3,0.414,0.9,2.4,0.359,2.2,4.9,0.441,0.473,1.0,1.4,0.707,0.3,1.6,1.9,3.4,0.8,0.1,1.2,1.5,7.9,,2019
167.0,Simone Fontecchio,28.0,UTA,SF,50.0,34.0,23.2,3.2,7.2,0.45,1.8,4.7,0.391,1.4,2.5,0.56,0.577,0.6,0.8,0.8,1.0,2.5,3.5,1.5,0.6,0.4,1.0,1.6,8.9,,2024
350.0,Simone Fontecchio,29.0,DET,SF,75.0,0.0,16.5,2.0,5.0,0.402,1.0,3.0,0.335,1.0,1.9,0.507,0.504,0.9,1.1,0.833,0.7,2.2,2.9,0.9,0.4,0.2,0.7,1.3,5.9,,2025
403.0,Sindarius Thornwell,23.0,LAC,SG,73.0,16.0,15.8,1.4,3.2,0.429,0.3,0.8,0.377,1.1,2.4,0.448,0.479,0.8,1.2,0.67,0.5,1.5,1.9,0.9,0.7,0.3,0.7,1.7,3.9,,2018
236.0,Sindarius Thornwell,25.0,NOP,SF,2.0,0.0,17.5,3.0,5.5,0.545,1.0,2.0,0.5,2.0,3.5,0.571,0.636,1.0,2.0,0.5,0.0,2.0,2.0,2.0,0.5,0.5,1.0,1.0,8.0,,2020
488.0,Sindarius Thornwell,26.0,ORL,SG,7.0,0.0,20.6,1.1,3.6,0.32,0.6,2.0,0.286,0.6,1.6,0.364,0.4,0.6,0.9,0.667,0.3,1.6,1.9,2.4,1.1,0.1,0.4,1.7,3.4,,2021
184.0,Skal Labissière,20.0,SAC,PF,33.0,12.0,18.5,3.5,6.6,0.537,0.1,0.2,0.375,3.5,6.4,0.543,0.544,1.6,2.2,0.703,1.5,3.4,4.9,0.8,0.5,0.4,1.1,1.9,8.8,,2017
198.0,Skal Labissière,21.0,SAC,PF,60.0,29.0,20.7,3.4,7.6,0.448,0.3,0.9,0.353,3.1,6.8,0.459,0.467,1.6,2.0,0.805,1.7,3.2,4.8,1.2,0.4,0.8,1.2,2.2,8.7,,2018
320.0,Skal Labissière,23.0,POR,C,33.0,1.0,17.2,2.5,4.5,0.551,0.1,0.4,0.231,2.4,4.1,0.582,0.561,0.8,1.0,0.758,2.0,3.2,5.1,1.3,0.2,0.9,0.9,2.7,5.8,,2020
92.0,Skylar Mays,25.0,POR,PG,6.0,6.0,31.5,5.7,11.3,0.5,2.0,4.3,0.462,3.7,7.0,0.524,0.588,2.0,2.2,0.923,0.3,2.8,3.2,8.3,1.0,0.2,1.7,1.8,15.3,,2023
391.0,Skylar Mays,26.0,POR,PG,21.0,5.0,17.0,2.5,6.6,0.384,0.7,2.3,0.286,1.9,4.2,0.438,0.435,0.6,0.8,0.765,0.4,1.3,1.8,3.6,0.7,0.1,0.9,1.0,6.3,,2024
182.0,Solomon Hill,23.0,IND,SF,82.0,78.0,29.0,3.1,7.7,0.396,0.8,2.5,0.327,2.2,5.2,0.43,0.45,1.9,2.4,0.824,0.9,3.0,3.8,2.2,0.8,0.2,1.4,2.2,8.9,,2015
236.0,Solomon Hill,25.0,NOP,SF,80.0,71.0,29.7,2.3,6.0,0.383,1.2,3.4,0.348,1.1,2.6,0.428,0.481,1.3,1.6,0.805,0.6,3.2,3.8,1.8,0.9,0.4,1.0,2.3,7.0,,2017
455.0,Solomon Hill,26.0,NOP,SF,12.0,1.0,15.6,0.9,3.4,0.268,0.3,1.8,0.19,0.6,1.7,0.35,0.317,0.3,0.5,0.5,0.8,2.3,3.0,1.8,0.6,0.1,0.8,1.8,2.4,,2018
387.0,Solomon Hill,27.0,NOP,SF,44.0,15.0,20.0,1.5,4.0,0.382,0.7,2.3,0.317,0.8,1.8,0.468,0.472,0.5,0.7,0.719,0.8,2.3,3.0,1.3,0.5,0.2,0.7,1.8,4.3,,2019
331.0,Solomon Hill,28.0,MIA,PF,11.0,1.0,17.0,1.3,4.1,0.311,0.6,2.2,0.292,0.6,1.9,0.333,0.389,1.3,1.5,0.875,0.5,1.5,1.9,0.9,1.1,0.5,1.0,1.1,4.5,,2020
392.0,Solomon Hill,29.0,ATL,PF,71.0,16.0,21.3,1.5,4.2,0.359,1.0,3.0,0.321,0.5,1.2,0.453,0.473,0.5,0.6,0.761,0.6,2.4,3.0,1.1,0.7,0.2,0.6,1.6,4.5,,2021
223.0,Spencer Dinwiddie,23.0,BRK,PG,59.0,18.0,22.6,2.3,5.1,0.444,0.6,1.7,0.376,1.6,3.4,0.478,0.507,2.1,2.7,0.792,0.5,2.3,2.8,3.1,0.7,0.4,1.1,2.0,7.3,,2017
116.0,Spencer Dinwiddie,24.0,BRK,PG,80.0,58.0,28.8,4.1,10.5,0.387,1.8,5.4,0.326,2.3,5.1,0.452,0.471,2.7,3.4,0.813,0.5,2.7,3.2,6.6,0.9,0.3,1.6,2.3,12.6,,2018
59.0,Spencer Dinwiddie,25.0,BRK,PG,68.0,4.0,28.1,5.4,12.2,0.442,1.8,5.4,0.335,3.6,6.7,0.528,0.517,4.2,5.2,0.806,0.4,2.1,2.4,4.6,0.6,0.3,2.2,2.8,16.8,,2019
31.0,Spencer Dinwiddie,26.0,BRK,PG,64.0,49.0,31.2,6.6,16.0,0.415,1.9,6.3,0.308,4.7,9.7,0.485,0.476,5.4,7.0,0.778,0.5,3.0,3.5,6.8,0.6,0.3,2.7,2.8,20.6,,2020
299.0,Spencer Dinwiddie,27.0,BRK,SG,3.0,3.0,21.3,2.0,5.3,0.375,0.7,2.3,0.286,1.3,3.0,0.444,0.438,2.0,2.0,1.0,0.0,4.3,4.3,3.0,0.7,0.3,1.7,1.3,6.7,,2021
105.0,Spencer Dinwiddie,28.0,WAS,PG,44.0,44.0,30.2,4.2,11.2,0.376,1.6,5.1,0.31,2.6,6.0,0.432,0.447,2.6,3.3,0.811,0.8,3.9,4.7,5.8,0.6,0.2,1.7,2.4,12.6,,2022
74.0,Spencer Dinwiddie,29.0,DAL,SG,53.0,53.0,34.1,6.0,13.1,0.455,2.6,6.4,0.405,3.4,6.7,0.504,0.555,3.2,3.9,0.821,0.4,2.7,3.1,5.3,0.7,0.3,1.7,2.3,17.7,,2023
168.0,Spencer Dinwiddie,30.0,LAL,PG,28.0,4.0,24.2,2.0,5.0,0.397,1.3,3.2,0.389,0.8,1.8,0.412,0.521,1.6,1.8,0.88,0.1,1.5,1.7,2.4,0.5,0.5,1.0,1.9,6.8,,2024
160.0,Spencer Dinwiddie,31.0,DAL,PG,79.0,30.0,27.0,3.6,8.6,0.416,1.4,4.1,0.334,2.2,4.5,0.492,0.496,2.5,3.1,0.802,0.2,2.4,2.6,4.4,0.9,0.2,1.3,1.5,11.0,,2025
287.0,Spencer Hawes,26.0,LAC,PF,73.0,15.0,17.5,2.2,5.7,0.393,0.8,2.4,0.313,1.5,3.3,0.452,0.459,0.6,0.9,0.647,0.4,3.1,3.5,1.2,0.3,0.7,0.8,2.4,5.8,,2015
281.0,Spencer Hawes,27.0,CHO,PF,57.0,6.0,18.2,2.2,5.4,0.405,0.7,1.8,0.373,1.5,3.6,0.422,0.467,0.9,1.1,0.831,0.9,3.4,4.3,1.9,0.4,0.5,1.0,1.9,6.0,,2016
203.0,Stanley Johnson,19.0,DET,SF,73.0,6.0,23.1,3.1,8.2,0.375,0.9,2.8,0.307,2.2,5.4,0.41,0.428,1.1,1.4,0.784,0.8,3.4,4.2,1.6,0.8,0.2,1.6,2.4,8.1,,2016
353.0,Stanley Johnson,20.0,DET,SF,77.0,1.0,17.8,1.7,4.7,0.353,0.6,2.0,0.292,1.1,2.7,0.398,0.415,0.5,0.7,0.679,0.5,2.0,2.5,1.4,0.7,0.3,0.9,1.6,4.4,,2017
197.0,Stanley Johnson,21.0,DET,SF,69.0,50.0,27.4,3.0,8.1,0.375,1.0,3.4,0.286,2.1,4.7,0.439,0.435,1.6,2.1,0.772,0.5,3.2,3.7,1.6,1.4,0.2,1.1,2.4,8.7,,2018
397.0,Stanley Johnson,24.0,TOR,PF,61.0,13.0,16.5,1.5,3.8,0.382,0.7,2.2,0.328,0.7,1.6,0.458,0.479,0.7,0.9,0.8,0.5,2.0,2.5,1.5,0.9,0.3,0.9,1.9,4.4,,2021
309.0,Stanley Johnson,25.0,LAL,PF,48.0,27.0,22.8,2.4,5.2,0.466,0.7,2.2,0.314,1.8,3.0,0.575,0.532,1.1,1.5,0.716,0.7,2.5,3.2,1.7,0.9,0.3,0.7,2.3,6.7,,2022
329.0,Stanley Johnson,26.0,SAS,SF,30.0,0.0,15.6,2.2,4.1,0.533,0.6,1.3,0.45,1.6,2.7,0.573,0.607,0.9,1.3,0.667,0.7,2.4,3.2,2.2,0.5,0.2,1.1,1.6,5.8,,2023
8.0,Stephen Curry,26.0,GSW,PG,80.0,80.0,32.7,8.2,16.8,0.487,3.6,8.1,0.443,4.6,8.7,0.528,0.594,3.9,4.2,0.914,0.7,3.6,4.3,7.7,2.0,0.2,3.1,2.0,23.8,,2015
1.0,Stephen Curry,27.0,GSW,PG,79.0,79.0,34.2,10.2,20.2,0.504,5.1,11.2,0.454,5.1,9.0,0.566,0.63,4.6,5.1,0.908,0.9,4.6,5.4,6.7,2.1,0.2,3.3,2.0,30.1,,2016
10.0,Stephen Curry,28.0,GSW,PG,79.0,79.0,33.4,8.5,18.3,0.468,4.1,10.0,0.411,4.4,8.3,0.537,0.58,4.1,4.6,0.898,0.8,3.7,4.5,6.6,1.8,0.2,3.0,2.3,25.3,,2017
6.0,Stephen Curry,29.0,GSW,PG,51.0,51.0,32.0,8.4,16.9,0.495,4.2,9.8,0.423,4.2,7.1,0.595,0.618,5.5,5.9,0.921,0.7,4.4,5.1,6.1,1.6,0.2,3.0,2.2,26.4,,2018
6.0,Stephen Curry,30.0,GSW,PG,69.0,69.0,33.8,9.2,19.4,0.472,5.1,11.7,0.437,4.0,7.7,0.525,0.604,3.8,4.2,0.916,0.7,4.7,5.3,5.2,1.3,0.4,2.8,2.4,27.3,,2019
29.0,Stephen Curry,31.0,GSW,PG,5.0,5.0,27.8,6.6,16.4,0.402,2.4,9.8,0.245,4.2,6.6,0.636,0.476,5.2,5.2,1.0,0.8,4.4,5.2,6.6,1.0,0.4,3.2,2.2,20.8,,2020
1.0,Stephen Curry,32.0,GSW,PG,63.0,63.0,34.2,10.4,21.7,0.482,5.3,12.7,0.421,5.1,9.0,0.569,0.605,5.7,6.3,0.916,0.5,5.0,5.5,5.8,1.2,0.1,3.4,1.9,32.0,,2021
14.0,Stephen Curry,33.0,GSW,PG,64.0,64.0,34.5,8.4,19.1,0.437,4.5,11.7,0.38,3.9,7.4,0.527,0.554,4.3,4.7,0.923,0.5,4.7,5.2,6.3,1.3,0.4,3.2,2.0,25.5,,2022
7.0,Stephen Curry,34.0,GSW,PG,56.0,56.0,34.7,10.0,20.2,0.493,4.9,11.4,0.427,5.1,8.8,0.579,0.614,4.6,5.0,0.915,0.7,5.4,6.1,6.3,0.9,0.4,3.2,2.1,29.4,,2023
11.0,Stephen Curry,35.0,GSW,PG,74.0,74.0,32.7,8.8,19.5,0.45,4.8,11.8,0.408,4.0,7.7,0.515,0.573,4.0,4.4,0.923,0.5,4.0,4.5,5.1,0.7,0.4,2.8,1.6,26.4,,2024
18.0,Stephen Curry,36.0,GSW,PG,70.0,70.0,32.2,8.1,18.0,0.448,4.4,11.2,0.397,3.6,6.8,0.534,0.572,4.0,4.3,0.933,0.6,3.9,4.4,6.0,1.1,0.4,2.9,1.4,24.5,,2025
97.0,Stephon Castle,20.0,SAS,PG,81.0,47.0,26.7,5.2,12.2,0.428,1.2,4.1,0.285,4.0,8.1,0.501,0.476,3.1,4.2,0.724,1.1,2.6,3.7,4.1,0.9,0.3,2.2,2.0,14.7,,2025
296.0,Sterling Brown,23.0,MIL,SG,58.0,7.0,17.8,2.5,5.4,0.465,0.9,2.5,0.361,1.6,2.8,0.558,0.55,0.5,0.7,0.69,0.5,2.7,3.2,1.4,0.4,0.1,0.8,1.5,6.4,,2019
237.0,Sterling Brown,25.0,HOU,SG,51.0,14.0,24.1,2.9,6.6,0.448,1.8,4.2,0.423,1.2,2.4,0.492,0.584,0.5,0.6,0.806,0.7,3.6,4.4,1.4,0.7,0.2,0.8,1.9,8.2,,2021
351.0,Steve Blake,34.0,POR,PG,81.0,0.0,18.9,1.5,4.0,0.373,1.0,2.7,0.352,0.6,1.3,0.417,0.491,0.4,0.5,0.707,0.2,1.5,1.7,3.6,0.5,0.1,1.3,1.5,4.3,,2015
341.0,Steve Blake,35.0,DET,PG,58.0,2.0,17.0,1.6,4.1,0.388,0.9,2.6,0.344,0.7,1.5,0.461,0.496,0.3,0.3,0.8,0.2,1.4,1.5,3.4,0.4,0.1,1.4,1.2,4.4,,2016
219.0,Steven Adams,21.0,OKC,C,70.0,67.0,25.3,3.1,5.7,0.544,0.0,0.0,0.0,3.1,5.7,0.547,0.544,1.5,2.9,0.502,2.8,4.6,7.5,0.9,0.5,1.2,1.4,3.2,7.7,,2015
204.0,Steven Adams,22.0,OKC,C,80.0,80.0,25.2,3.3,5.3,0.613,0.0,0.0,,3.3,5.3,0.613,0.613,1.4,2.5,0.582,2.7,3.9,6.7,0.8,0.5,1.1,1.1,2.8,8.0,,2016
113.0,Steven Adams,23.0,OKC,C,80.0,80.0,29.9,4.7,8.2,0.571,0.0,0.0,0.0,4.7,8.2,0.572,0.571,2.0,3.2,0.611,3.5,4.2,7.7,1.1,1.1,1.0,1.8,2.4,11.3,,2017
87.0,Steven Adams,24.0,OKC,C,76.0,76.0,32.7,5.9,9.4,0.629,0.0,0.0,0.0,5.9,9.3,0.631,0.629,2.1,3.8,0.559,5.1,4.0,9.0,1.2,1.2,1.0,1.7,2.8,13.9,,2018
94.0,Steven Adams,25.0,OKC,C,80.0,80.0,33.4,6.0,10.1,0.595,0.0,0.0,0.0,6.0,10.1,0.596,0.595,1.8,3.7,0.5,4.9,4.6,9.5,1.6,1.5,1.0,1.7,2.6,13.9,,2019
155.0,Steven Adams,26.0,OKC,C,63.0,63.0,26.7,4.5,7.6,0.592,0.0,0.0,0.333,4.5,7.5,0.594,0.593,1.9,3.2,0.582,3.3,6.0,9.3,2.3,0.8,1.1,1.5,1.9,10.9,,2020
259.0,Steven Adams,27.0,NOP,C,58.0,58.0,27.7,3.3,5.3,0.614,0.0,0.1,0.0,3.3,5.3,0.62,0.614,1.0,2.3,0.444,3.7,5.2,8.9,1.9,0.9,0.7,1.3,1.9,7.6,,2021
302.0,Steven Adams,28.0,MEM,C,76.0,75.0,26.3,2.8,5.1,0.547,0.0,0.0,0.0,2.8,5.0,0.548,0.547,1.4,2.6,0.543,4.6,5.4,10.0,3.4,0.9,0.8,1.5,2.0,6.9,,2022
227.0,Steven Adams,29.0,MEM,C,42.0,42.0,27.0,3.7,6.3,0.597,0.0,0.0,0.0,3.7,6.2,0.599,0.597,1.1,3.1,0.364,5.1,6.5,11.5,2.3,0.9,1.1,1.9,2.3,8.6,,2023
206.0,Svi Mykhailiuk,22.0,DET,SF,56.0,27.0,22.6,3.0,7.2,0.41,2.1,5.1,0.404,0.9,2.1,0.425,0.552,1.0,1.3,0.814,0.3,1.6,1.9,1.9,0.7,0.1,1.1,1.6,9.0,,2020
229.0,Svi Mykhailiuk,23.0,OKC,SF,30.0,9.0,23.0,4.1,9.4,0.438,1.6,4.8,0.336,2.5,4.7,0.543,0.523,0.5,0.7,0.7,0.4,2.5,3.0,1.8,0.8,0.2,1.6,1.0,10.3,,2021
234.0,Svi Mykhailiuk,27.0,UTA,SF,38.0,13.0,20.0,3.1,7.9,0.391,1.8,5.3,0.345,1.3,2.6,0.485,0.507,0.7,0.9,0.8,0.6,1.8,2.4,2.0,0.5,0.2,1.4,1.1,8.8,,2025
275.0,T.J. McConnell,23.0,PHI,PG,81.0,17.0,19.8,2.7,5.7,0.47,0.4,1.1,0.348,2.3,4.6,0.499,0.503,0.3,0.5,0.634,0.5,2.6,3.1,4.5,1.2,0.1,1.7,1.4,6.1,,2016
239.0,T.J. McConnell,24.0,PHI,PG,81.0,51.0,26.3,2.9,6.3,0.461,0.1,0.7,0.2,2.8,5.6,0.492,0.472,0.9,1.1,0.811,0.5,2.6,3.1,6.6,1.7,0.1,2.0,1.7,6.9,,2017
291.0,T.J. McConnell,25.0,PHI,PG,76.0,1.0,22.4,2.8,5.5,0.499,0.4,0.8,0.435,2.4,4.7,0.51,0.531,0.4,0.5,0.795,0.5,2.5,3.0,4.0,1.2,0.2,1.5,1.6,6.3,,2018
298.0,T.J. McConnell,26.0,PHI,PG,76.0,3.0,19.3,2.9,5.5,0.525,0.2,0.6,0.333,2.7,5.0,0.546,0.542,0.4,0.5,0.784,0.4,1.9,2.3,3.4,1.0,0.2,1.2,1.4,6.4,,2019
286.0,T.J. McConnell,27.0,IND,PG,71.0,3.0,18.7,3.0,5.8,0.516,0.1,0.2,0.294,2.9,5.5,0.525,0.522,0.5,0.6,0.833,0.5,2.1,2.7,5.0,0.8,0.2,1.4,1.0,6.5,,2020
226.0,T.J. McConnell,28.0,IND,PG,69.0,3.0,26.0,4.0,7.1,0.559,0.2,0.7,0.313,3.8,6.4,0.586,0.574,0.5,0.7,0.688,0.8,2.9,3.7,6.6,1.9,0.3,2.0,1.6,8.6,,2021
232.0,T.J. McConnell,29.0,IND,PG,27.0,8.0,24.1,3.7,7.7,0.481,0.4,1.2,0.303,3.3,6.5,0.514,0.505,0.7,0.9,0.826,0.7,2.6,3.3,4.9,1.1,0.4,1.1,2.0,8.5,,2022
224.0,T.J. McConnell,30.0,IND,PG,75.0,6.0,20.3,3.8,6.9,0.543,0.3,0.8,0.441,3.4,6.2,0.556,0.568,0.8,0.9,0.853,0.6,2.5,3.1,5.3,1.1,0.1,1.9,1.4,8.7,,2023
176.0,T.J. McConnell,31.0,IND,PG,71.0,4.0,18.2,4.6,8.4,0.556,0.3,0.6,0.409,4.4,7.7,0.568,0.572,0.7,0.9,0.79,0.5,2.2,2.7,5.5,1.0,0.1,1.5,1.1,10.2,,2024
219.0,T.J. McConnell,32.0,IND,PG,79.0,1.0,17.9,4.1,7.9,0.519,0.2,0.6,0.306,3.9,7.3,0.537,0.531,0.7,1.0,0.74,0.6,1.9,2.4,4.4,1.1,0.3,1.4,1.0,9.1,,2025
274.0,T.J. Warren,21.0,PHO,SF,40.0,1.0,15.4,2.8,5.4,0.528,0.1,0.5,0.238,2.7,4.8,0.56,0.54,0.4,0.5,0.737,1.0,1.1,2.1,0.6,0.5,0.2,0.7,1.3,6.1,,2015
131.0,T.J. Warren,22.0,PHO,SF,47.0,4.0,22.8,4.7,9.4,0.501,0.6,1.5,0.4,4.1,7.9,0.52,0.533,1.0,1.4,0.703,1.2,1.9,3.1,0.9,0.8,0.3,0.7,2.0,11.0,,2016
72.0,T.J. Warren,23.0,PHO,SF,66.0,59.0,31.0,6.1,12.3,0.495,0.4,1.5,0.265,5.7,10.8,0.527,0.511,1.8,2.3,0.773,1.9,3.2,5.1,1.1,1.2,0.6,0.9,2.7,14.4,,2017
29.0,T.J. Warren,24.0,PHO,SF,65.0,65.0,33.0,8.1,16.4,0.498,0.3,1.4,0.222,7.8,15.0,0.523,0.507,3.0,3.9,0.757,1.9,3.2,5.1,1.3,1.0,0.6,1.3,2.3,19.6,,2018
51.0,T.J. Warren,25.0,PHO,SF,43.0,36.0,31.6,6.9,14.2,0.486,1.8,4.2,0.428,5.1,10.0,0.51,0.549,2.3,2.9,0.815,0.7,3.3,4.0,1.5,1.2,0.7,1.2,2.8,18.0,,2019
38.0,T.J. Warren,26.0,IND,SF,67.0,67.0,32.9,8.0,14.9,0.536,1.4,3.4,0.403,6.6,11.5,0.575,0.581,2.5,3.0,0.819,1.0,3.2,4.2,1.5,1.2,0.5,1.3,2.8,19.8,,2020
81.0,T.J. Warren,27.0,IND,SF,4.0,4.0,29.3,6.8,12.8,0.529,0.0,1.8,0.0,6.8,11.0,0.614,0.529,2.0,2.5,0.8,0.5,3.0,3.5,1.3,0.5,0.0,1.0,4.0,15.5,,2021
144.0,Taj Gibson,29.0,CHI,PF,62.0,17.0,27.3,4.1,8.2,0.502,0.0,0.0,,4.1,8.2,0.502,0.502,2.1,3.0,0.717,2.6,3.8,6.4,1.1,0.6,1.2,1.2,2.6,10.3,,2015
190.0,Taj Gibson,30.0,CHI,PF,73.0,55.0,26.5,3.6,6.8,0.526,0.0,0.0,0.0,3.6,6.8,0.529,0.526,1.4,2.0,0.692,2.8,4.1,6.9,1.5,0.6,1.1,1.1,2.5,8.6,,2016
125.0,Taj Gibson,31.0,OKC,PF,23.0,16.0,21.2,3.9,7.8,0.497,0.0,0.0,1.0,3.8,7.7,0.494,0.5,1.2,1.7,0.718,1.7,2.8,4.5,0.6,0.6,0.7,1.2,1.7,9.0,,2017
123.0,Taj Gibson,32.0,MIN,PF,82.0,82.0,33.2,5.2,9.0,0.577,0.1,0.4,0.2,5.1,8.6,0.595,0.581,1.7,2.3,0.768,2.4,4.8,7.1,1.2,0.8,0.7,1.1,2.7,12.2,,2018
155.0,Taj Gibson,33.0,MIN,PF,70.0,57.0,24.1,4.3,7.7,0.566,0.2,0.5,0.324,4.2,7.2,0.583,0.576,1.9,2.5,0.757,2.5,4.1,6.5,1.2,0.8,0.6,1.0,2.7,10.8,,2019
301.0,Taj Gibson,34.0,NYK,C,62.0,56.0,16.5,2.7,4.6,0.584,0.1,0.2,0.286,2.6,4.4,0.599,0.591,0.7,0.9,0.732,1.8,2.5,4.3,0.8,0.4,0.5,0.8,2.0,6.1,,2020
348.0,Taj Gibson,35.0,NYK,C,45.0,3.0,20.8,2.2,3.5,0.627,0.1,0.3,0.2,2.1,3.2,0.671,0.636,0.9,1.2,0.727,2.2,3.4,5.6,0.8,0.7,1.1,0.5,2.2,5.4,,2021
403.0,Taj Gibson,36.0,NYK,C,52.0,4.0,18.2,1.7,3.2,0.518,0.3,0.7,0.395,1.4,2.5,0.555,0.563,0.8,1.0,0.808,1.7,2.7,4.4,0.6,0.4,0.8,0.5,2.6,4.4,,2022
210.0,Talen Horton-Tucker,20.0,LAL,SG,65.0,4.0,20.1,3.4,7.5,0.458,0.6,2.0,0.282,2.9,5.5,0.522,0.496,1.5,2.0,0.775,0.4,2.2,2.6,2.8,1.0,0.3,1.6,2.0,9.0,,2021
185.0,Talen Horton-Tucker,21.0,LAL,SG,60.0,19.0,25.2,3.7,9.0,0.416,0.8,3.0,0.269,2.9,5.9,0.492,0.462,1.7,2.1,0.8,0.6,2.6,3.2,2.7,1.0,0.5,1.4,2.5,10.0,,2022
159.0,Talen Horton-Tucker,22.0,UTA,SG,65.0,20.0,20.2,4.0,9.4,0.419,0.9,3.1,0.286,3.1,6.3,0.485,0.467,1.9,2.6,0.75,0.6,2.6,3.2,3.8,0.6,0.4,1.9,1.7,10.7,,2023
180.0,Talen Horton-Tucker,23.0,UTA,PG,51.0,11.0,19.8,3.6,9.1,0.396,1.2,3.6,0.33,2.4,5.5,0.438,0.46,1.7,2.1,0.807,0.4,2.0,2.4,3.5,0.9,0.4,1.3,1.8,10.1,,2024
202.0,Tari Eason,21.0,HOU,PF,82.0,5.0,21.5,3.6,8.0,0.448,0.7,2.1,0.343,2.9,6.0,0.486,0.493,1.3,1.8,0.752,2.4,3.7,6.0,1.1,1.2,0.6,1.2,2.3,9.3,,2023
189.0,Tari Eason,22.0,HOU,PF,22.0,0.0,21.8,4.0,8.6,0.466,0.8,2.3,0.36,3.2,6.3,0.504,0.513,1.0,1.5,0.636,2.1,4.9,7.0,1.2,1.4,0.9,0.9,2.3,9.8,,2024
144.0,Tari Eason,23.0,HOU,PF,57.0,16.0,24.9,4.8,9.8,0.487,1.1,3.2,0.342,3.7,6.6,0.557,0.543,1.4,1.8,0.76,2.2,4.1,6.4,1.5,1.7,0.9,1.1,2.4,12.0,,2025
275.0,Tarik Black,23.0,LAL,C,38.0,27.0,21.1,2.9,5.0,0.589,0.0,0.0,,2.9,5.0,0.589,0.589,1.3,2.3,0.562,2.2,4.1,6.3,0.9,0.3,0.6,0.8,2.7,7.2,,2015
294.0,Tarik Black,25.0,LAL,C,67.0,16.0,16.3,2.2,4.4,0.51,0.0,0.0,0.5,2.2,4.4,0.51,0.512,1.2,1.6,0.752,2.1,3.0,5.1,0.6,0.4,0.7,0.9,2.6,5.7,,2017
296.0,Taurean Prince,22.0,ATL,SF,59.0,10.0,16.6,1.9,4.8,0.4,0.6,1.7,0.324,1.4,3.1,0.443,0.458,1.3,1.6,0.787,0.4,2.2,2.7,0.9,0.7,0.5,1.0,1.6,5.7,,2017
84.0,Taurean Prince,23.0,ATL,SF,82.0,82.0,30.0,5.1,11.9,0.426,2.1,5.6,0.385,2.9,6.3,0.461,0.516,1.9,2.2,0.844,0.6,4.1,4.7,2.6,1.0,0.5,2.3,2.0,14.1,,2018
106.0,Taurean Prince,24.0,ATL,SF,55.0,47.0,28.2,4.8,10.8,0.441,2.2,5.7,0.39,2.5,5.1,0.498,0.545,1.7,2.1,0.819,0.4,3.2,3.6,2.1,1.0,0.3,1.8,2.6,13.5,,2019
127.0,Taurean Prince,25.0,BRK,PF,64.0,61.0,29.0,4.3,11.5,0.376,2.3,6.7,0.339,2.1,4.8,0.429,0.475,1.1,1.4,0.798,0.8,5.2,6.0,1.8,0.9,0.4,2.0,2.5,12.1,,2020
196.0,Taurean Prince,26.0,CLE,PF,29.0,6.0,23.7,3.5,8.7,0.399,1.7,4.1,0.415,1.8,4.7,0.385,0.496,1.4,1.7,0.837,0.6,3.1,3.7,2.4,0.7,0.5,1.2,1.9,10.1,,2021
287.0,Taurean Prince,27.0,MIN,PF,69.0,8.0,17.1,2.6,5.7,0.454,1.2,3.3,0.376,1.3,2.3,0.565,0.564,0.9,1.2,0.756,0.4,2.1,2.5,1.0,0.7,0.3,0.8,1.7,7.3,,2022
211.0,Taurean Prince,28.0,MIN,PF,54.0,4.0,22.1,3.3,7.0,0.467,1.4,3.6,0.381,1.9,3.4,0.557,0.565,1.2,1.4,0.844,0.3,2.2,2.4,1.6,0.5,0.3,1.3,2.3,9.1,,2023
204.0,Taurean Prince,29.0,LAL,PF,78.0,49.0,27.0,3.2,7.3,0.442,1.8,4.6,0.396,1.4,2.8,0.519,0.566,0.6,0.9,0.735,0.3,2.7,2.9,1.5,0.7,0.4,0.9,1.9,8.9,,2024
260.0,Taurean Prince,30.0,MIL,SF,80.0,73.0,27.1,2.9,6.4,0.457,1.8,4.2,0.439,1.1,2.2,0.492,0.6,0.5,0.6,0.813,0.4,3.2,3.6,1.9,1.0,0.2,1.0,2.1,8.2,,2025
245.0,Taylor Hendricks,20.0,UTA,PF,40.0,23.0,21.4,2.7,6.0,0.45,1.3,3.5,0.379,1.4,2.5,0.55,0.56,0.6,0.7,0.793,1.2,3.5,4.6,0.8,0.7,0.8,0.7,1.9,7.3,,2024
389.0,Taylor Hendricks,21.0,UTA,PF,3.0,3.0,25.0,1.3,6.0,0.222,1.0,4.0,0.25,0.3,2.0,0.167,0.306,1.0,1.3,0.75,1.7,3.3,5.0,0.7,1.7,1.3,0.7,2.7,4.7,,2025
225.0,Tayshaun Prince,34.0,MEM,SF,26.0,9.0,24.2,2.9,7.0,0.41,0.6,1.3,0.455,2.3,5.8,0.4,0.451,1.0,1.2,0.833,0.8,2.4,3.2,1.4,0.3,0.2,0.6,0.8,7.3,,2015
402.0,Tayshaun Prince,35.0,MIN,SF,77.0,44.0,19.0,1.3,3.0,0.445,0.1,0.3,0.174,1.3,2.7,0.476,0.454,0.2,0.2,0.684,0.4,1.5,1.9,0.9,0.5,0.2,0.4,0.8,2.9,,2016
286.0,Terance Mann,24.0,LAC,SG,67.0,10.0,18.9,2.7,5.2,0.509,0.6,1.4,0.418,2.1,3.9,0.541,0.563,1.2,1.4,0.83,0.8,2.8,3.6,1.6,0.4,0.2,0.6,1.9,7.0,,2021
159.0,Terance Mann,25.0,LAC,SF,81.0,33.0,28.6,4.1,8.5,0.484,0.9,2.6,0.365,3.2,6.0,0.535,0.539,1.6,2.0,0.78,1.3,4.0,5.2,2.6,0.7,0.3,1.0,2.2,10.8,,2022
220.0,Terance Mann,26.0,LAC,SG,81.0,36.0,23.1,3.4,6.5,0.519,1.0,2.4,0.389,2.4,4.0,0.598,0.593,1.1,1.5,0.78,1.0,2.5,3.4,2.3,0.5,0.3,1.0,1.8,8.8,,2023
208.0,Terance Mann,27.0,LAC,SG,75.0,71.0,25.0,3.4,6.6,0.515,0.9,2.7,0.348,2.4,3.9,0.633,0.587,1.1,1.3,0.832,1.2,2.2,3.4,1.6,0.6,0.2,0.6,1.9,8.8,,2024
269.0,Terance Mann,28.0,LAC,SG,37.0,12.0,19.8,2.4,5.3,0.446,0.7,2.0,0.347,1.6,3.2,0.508,0.513,0.6,0.9,0.719,0.9,2.0,2.9,1.6,0.8,0.3,0.7,1.8,6.0,,2025
244.0,Terence Davis,22.0,TOR,SG,72.0,4.0,16.8,2.8,6.1,0.456,1.3,3.4,0.388,1.5,2.7,0.541,0.564,0.7,0.8,0.864,0.7,2.6,3.3,1.6,0.5,0.2,1.1,1.7,7.5,,2020
171.0,Terence Davis,24.0,SAC,SG,30.0,11.0,17.9,3.8,8.9,0.423,1.6,5.0,0.329,2.1,3.9,0.542,0.515,1.2,1.5,0.818,0.4,2.8,3.1,1.3,0.8,0.4,1.1,2.3,10.4,,2022
274.0,Terrance Ferguson,20.0,OKC,SG,74.0,74.0,26.1,2.5,5.8,0.429,1.4,3.9,0.366,1.1,1.9,0.56,0.552,0.5,0.7,0.725,0.4,1.5,1.9,1.0,0.5,0.2,0.6,3.1,6.9,,2019
397.0,Terrance Ferguson,21.0,OKC,SF,56.0,38.0,22.4,1.4,3.9,0.355,0.9,3.0,0.292,0.5,0.9,0.558,0.466,0.3,0.4,0.75,0.4,0.9,1.3,0.9,0.5,0.3,0.6,2.8,3.9,,2020
122.0,Terrence Jones,23.0,HOU,PF,33.0,24.0,26.9,4.8,9.1,0.528,0.4,1.1,0.351,4.4,7.9,0.553,0.55,1.7,2.8,0.606,2.4,4.3,6.7,1.1,0.5,1.8,1.1,2.4,11.7,,2015
185.0,Terrence Jones,24.0,HOU,PF,50.0,11.0,20.9,3.3,7.3,0.452,0.5,1.6,0.316,2.8,5.8,0.49,0.486,1.5,2.3,0.664,1.2,3.0,4.2,0.8,0.5,0.8,1.0,1.7,8.7,,2016
126.0,Terrence Jones,25.0,NOP,PF,51.0,12.0,24.8,4.5,9.6,0.472,0.4,1.5,0.253,4.2,8.1,0.512,0.492,2.0,3.3,0.606,1.3,4.7,5.9,1.2,0.8,1.0,0.9,1.3,11.5,,2017
162.0,Terrence Ross,23.0,TOR,SF,82.0,61.0,25.5,3.8,9.2,0.41,1.8,4.8,0.372,2.0,4.4,0.452,0.507,0.5,0.7,0.786,0.4,2.4,2.8,1.0,0.6,0.3,0.8,1.7,9.8,,2015
153.0,Terrence Ross,24.0,TOR,SF,73.0,7.0,23.9,3.7,8.6,0.431,1.8,4.6,0.386,1.9,3.9,0.484,0.536,0.7,0.8,0.79,0.3,2.2,2.5,0.8,0.7,0.3,0.6,1.6,9.9,,2016
117.0,Terrence Ross,25.0,TOR,SF,54.0,0.0,22.4,3.9,8.9,0.441,1.8,4.7,0.375,2.1,4.1,0.516,0.541,0.8,0.9,0.82,0.3,2.3,2.6,0.8,1.0,0.4,0.6,1.5,10.4,,2017
201.0,Terrence Ross,26.0,ORL,SG,24.0,20.0,25.0,3.2,8.0,0.398,1.3,3.9,0.323,1.9,4.1,0.469,0.476,1.1,1.5,0.75,0.4,2.6,3.0,1.6,1.1,0.5,1.2,1.9,8.7,,2018
82.0,Terrence Ross,27.0,ORL,SG,81.0,0.0,26.5,5.4,12.7,0.428,2.7,7.0,0.383,2.8,5.7,0.484,0.534,1.6,1.8,0.875,0.3,3.1,3.5,1.7,0.9,0.4,1.1,1.5,15.1,,2019
92.0,Terrence Ross,28.0,ORL,SG,69.0,0.0,27.4,4.9,12.3,0.403,2.6,7.3,0.351,2.4,5.0,0.48,0.508,2.3,2.7,0.853,0.2,3.0,3.2,1.2,1.1,0.3,1.0,1.6,14.7,,2020
80.0,Terrence Ross,29.0,ORL,SG,46.0,2.0,29.3,5.5,13.4,0.412,1.9,5.7,0.337,3.6,7.7,0.469,0.485,2.6,3.0,0.87,0.3,3.1,3.4,2.3,1.0,0.5,1.6,1.9,15.6,,2021
187.0,Terrence Ross,30.0,ORL,SG,63.0,0.0,23.0,3.5,8.8,0.397,1.2,4.2,0.292,2.3,4.6,0.493,0.467,1.8,2.1,0.862,0.3,2.2,2.6,1.8,0.4,0.2,1.2,1.1,10.0,,2022
232.0,Terrence Ross,31.0,PHO,SG,21.0,0.0,18.4,3.4,7.9,0.428,1.6,4.7,0.347,1.8,3.2,0.544,0.53,0.6,0.7,0.857,0.6,2.7,3.3,2.0,0.5,0.1,0.3,2.1,9.0,,2023
307.0,Terry Rozier,22.0,BOS,PG,74.0,0.0,17.1,2.0,5.6,0.367,0.8,2.4,0.318,1.3,3.1,0.405,0.437,0.7,0.9,0.773,0.5,2.5,3.1,1.8,0.6,0.1,0.6,0.9,5.5,,2017
148.0,Terry Rozier,23.0,BOS,PG,80.0,16.0,25.9,4.0,10.0,0.395,1.9,5.0,0.381,2.0,5.0,0.41,0.491,1.4,1.9,0.772,0.8,3.9,4.7,2.9,1.0,0.2,1.0,1.5,11.3,,2018
198.0,Terry Rozier,24.0,BOS,PG,79.0,14.0,22.7,3.3,8.4,0.387,1.5,4.3,0.353,1.8,4.2,0.422,0.477,0.9,1.2,0.785,0.4,3.5,3.9,2.9,0.9,0.3,0.9,1.3,9.0,,2019
59.0,Terry Rozier,25.0,CHO,PG,63.0,63.0,34.3,6.3,14.9,0.423,2.7,6.7,0.407,3.6,8.2,0.436,0.514,2.6,3.0,0.874,0.8,3.6,4.4,4.1,1.0,0.2,2.2,2.0,18.0,,2020
40.0,Terry Rozier,26.0,CHO,SG,69.0,69.0,34.5,7.4,16.4,0.45,3.2,8.3,0.389,4.2,8.2,0.512,0.548,2.4,2.9,0.817,0.7,3.7,4.4,4.2,1.3,0.4,1.9,1.7,20.4,,2021
41.0,Terry Rozier,27.0,CHO,SG,73.0,73.0,33.7,7.1,16.0,0.444,3.0,8.1,0.374,4.1,7.9,0.516,0.539,2.1,2.4,0.852,0.8,3.5,4.3,4.5,1.3,0.3,1.3,1.6,19.3,,2022
41.0,Terry Rozier,28.0,CHO,SG,63.0,63.0,35.3,7.8,18.9,0.415,2.6,8.0,0.327,5.2,10.8,0.48,0.484,2.8,3.5,0.809,0.8,3.3,4.1,5.1,1.2,0.3,2.1,1.9,21.1,,2023
52.0,Terry Rozier,29.0,MIA,PG,31.0,30.0,31.5,6.1,14.5,0.423,2.1,5.7,0.371,4.0,8.7,0.458,0.497,2.0,2.2,0.913,0.6,3.6,4.2,4.6,1.0,0.3,1.3,1.6,16.4,,2024
171.0,Terry Rozier,30.0,MIA,PG,64.0,23.0,25.9,3.9,9.9,0.391,1.4,4.8,0.295,2.5,5.1,0.48,0.462,1.4,1.7,0.852,0.7,3.0,3.7,2.6,0.6,0.2,1.2,1.1,10.6,,2025
195.0,Terry Taylor,22.0,IND,PF,33.0,7.0,21.6,4.1,6.7,0.614,0.4,1.2,0.316,3.7,5.5,0.676,0.641,1.1,1.5,0.706,2.9,2.3,5.2,1.2,0.4,0.2,0.7,1.8,9.6,,2022
311.0,Thabo Sefolosha,30.0,ATL,SF,52.0,7.0,18.8,2.0,4.8,0.418,0.5,1.5,0.321,1.5,3.3,0.462,0.468,0.9,1.1,0.776,1.0,3.3,4.3,1.4,1.0,0.4,0.7,1.3,5.3,,2015
263.0,Thabo Sefolosha,31.0,ATL,SF,75.0,11.0,23.4,2.5,5.0,0.505,0.6,1.6,0.341,1.9,3.3,0.586,0.562,0.8,1.3,0.626,0.7,3.8,4.5,1.4,1.1,0.5,0.9,1.5,6.4,,2016
227.0,Thabo Sefolosha,32.0,ATL,SF,62.0,42.0,25.7,2.8,6.4,0.441,0.7,1.9,0.342,2.1,4.4,0.484,0.492,0.9,1.2,0.733,0.9,3.5,4.4,1.7,1.5,0.5,0.9,1.6,7.2,,2017
218.0,Thabo Sefolosha,33.0,UTA,SF,38.0,6.0,21.2,3.1,6.3,0.492,0.8,2.2,0.381,2.3,4.1,0.551,0.558,1.2,1.4,0.815,0.8,3.5,4.2,0.9,1.4,0.3,0.8,1.6,8.2,,2018
74.0,Thaddeus Young,26.0,MIN,PF,48.0,48.0,33.4,6.0,13.4,0.451,0.4,1.4,0.292,5.6,12.0,0.469,0.466,1.8,2.7,0.682,1.6,3.5,5.1,2.8,1.8,0.4,1.6,2.4,14.3,,2015
64.0,Thaddeus Young,27.0,BRK,PF,73.0,73.0,33.0,6.8,13.2,0.514,0.1,0.4,0.233,6.7,12.8,0.523,0.518,1.4,2.2,0.644,2.4,6.6,9.0,1.9,1.5,0.5,1.9,2.5,15.1,,2016
122.0,Thaddeus Young,28.0,IND,PF,74.0,74.0,30.2,4.9,9.3,0.527,0.6,1.6,0.381,4.3,7.7,0.557,0.56,0.6,1.2,0.523,1.8,4.3,6.1,1.6,1.5,0.4,1.3,1.8,11.0,,2017
135.0,Thaddeus Young,29.0,IND,PF,81.0,81.0,32.2,5.2,10.7,0.487,0.7,2.2,0.32,4.5,8.4,0.531,0.521,0.7,1.1,0.598,2.3,4.0,6.3,1.9,1.7,0.4,1.3,2.2,11.8,,2018
118.0,Thaddeus Young,30.0,IND,PF,81.0,81.0,30.7,5.5,10.4,0.527,0.6,1.8,0.349,4.8,8.6,0.564,0.557,1.1,1.7,0.644,2.4,4.1,6.5,2.5,1.5,0.4,1.5,2.4,12.6,,2019
173.0,Thaddeus Young,31.0,CHI,PF,64.0,16.0,24.9,4.2,9.4,0.448,1.2,3.5,0.356,3.0,5.9,0.501,0.513,0.7,1.1,0.583,1.5,3.5,4.9,1.8,1.4,0.4,1.6,2.1,10.3,,2020
143.0,Thaddeus Young,32.0,CHI,PF,68.0,23.0,24.3,5.4,9.7,0.559,0.2,0.7,0.267,5.3,9.1,0.58,0.568,1.0,1.7,0.628,2.5,3.8,6.2,4.3,1.1,0.6,2.0,2.2,12.1,,2021
329.0,Thaddeus Young,33.0,TOR,PF,26.0,0.0,18.3,2.6,5.5,0.465,0.7,1.7,0.395,1.9,3.9,0.495,0.524,0.5,1.0,0.481,1.5,2.9,4.4,1.7,1.2,0.4,0.8,1.7,6.3,,2022
384.0,Thaddeus Young,35.0,TOR,PF,23.0,6.0,15.2,2.3,3.8,0.621,0.0,0.3,0.167,2.3,3.5,0.654,0.626,0.2,0.5,0.417,1.3,2.0,3.3,2.2,0.8,0.1,0.5,1.7,5.0,,2024
163.0,Thomas Bryant,21.0,WAS,C,72.0,53.0,20.8,4.3,7.0,0.616,0.5,1.4,0.333,3.8,5.6,0.685,0.648,1.5,1.9,0.781,1.6,4.7,6.3,1.3,0.3,0.9,0.8,1.8,10.5,,2019
108.0,Thomas Bryant,22.0,WAS,C,46.0,36.0,24.9,5.3,9.1,0.581,0.8,2.0,0.407,4.5,7.1,0.63,0.626,1.9,2.5,0.741,2.1,5.1,7.2,1.8,0.5,1.1,1.2,2.2,13.2,,2020
97.0,Thomas Bryant,23.0,WAS,C,10.0,10.0,27.1,5.9,9.1,0.648,0.9,2.1,0.429,5.0,7.0,0.714,0.698,1.6,2.4,0.667,1.8,4.3,6.1,1.5,0.4,0.8,1.1,3.1,14.3,,2021
279.0,Thomas Bryant,24.0,WAS,C,27.0,9.0,16.3,2.9,5.5,0.52,0.4,1.6,0.286,2.4,3.9,0.613,0.561,1.3,1.5,0.875,1.0,3.0,4.0,0.9,0.2,0.8,0.7,1.6,7.4,,2022
183.0,Thomas Bryant,25.0,LAL,C,41.0,25.0,21.4,4.8,7.3,0.654,0.5,1.2,0.44,4.3,6.1,0.697,0.691,2.0,2.6,0.741,1.6,5.2,6.8,0.7,0.3,0.6,0.7,1.9,12.1,,2023
355.0,Thon Maker,20.0,MIL,C,74.0,12.0,16.7,1.8,4.3,0.411,0.4,1.4,0.298,1.3,2.9,0.467,0.46,0.9,1.3,0.699,1.0,2.0,3.0,0.6,0.5,0.7,0.6,2.2,4.8,,2018
183.0,Théo Maledon,19.0,OKC,PG,65.0,49.0,27.4,3.5,9.4,0.368,1.6,4.8,0.335,1.9,4.6,0.402,0.454,1.6,2.1,0.748,0.4,2.9,3.2,3.5,0.9,0.2,2.2,1.9,10.1,,2021
295.0,Théo Maledon,20.0,OKC,PG,51.0,7.0,17.8,2.3,6.2,0.375,0.9,2.9,0.293,1.5,3.3,0.449,0.445,1.5,2.0,0.79,0.4,2.2,2.6,2.2,0.6,0.2,1.3,1.3,7.1,,2022
291.0,Théo Maledon,21.0,CHO,PG,44.0,7.0,19.4,2.3,5.8,0.402,0.6,2.2,0.295,1.7,3.6,0.465,0.457,1.4,1.7,0.851,0.3,2.5,2.8,3.5,0.8,0.3,1.3,1.4,6.7,,2023
203.0,Tiago Splitter,30.0,SAS,C,52.0,35.0,19.8,3.3,5.8,0.558,0.0,0.0,,3.3,5.8,0.558,0.558,1.7,2.3,0.75,1.8,3.1,4.8,1.5,0.7,0.7,1.2,2.0,8.2,,2015
304.0,Tiago Splitter,31.0,ATL,C,36.0,2.0,16.1,2.3,4.3,0.523,0.0,0.1,0.0,2.3,4.3,0.529,0.523,1.1,1.3,0.813,1.3,2.1,3.3,0.8,0.6,0.3,0.7,2.0,5.6,,2016
352.0,Tidjane Salaün,19.0,CHO,PF,60.0,10.0,20.7,1.9,5.8,0.33,1.0,3.4,0.283,0.9,2.3,0.4,0.414,1.1,1.6,0.713,1.2,3.5,4.7,1.2,0.5,0.2,1.0,1.4,5.9,,2025
79.0,Tim Duncan,38.0,SAS,C,77.0,77.0,28.9,5.4,10.6,0.512,0.0,0.1,0.286,5.4,10.5,0.514,0.513,3.0,4.0,0.74,2.2,6.9,9.1,3.0,0.8,2.0,1.7,2.1,13.9,,2015
189.0,Tim Duncan,39.0,SAS,C,61.0,60.0,25.2,3.5,7.2,0.488,0.0,0.0,0.0,3.5,7.2,0.49,0.488,1.5,2.1,0.702,1.9,5.4,7.3,2.7,0.8,1.3,1.5,2.0,8.6,,2016
232.0,Tim Frazier,26.0,NOP,PG,65.0,35.0,23.5,2.5,6.2,0.403,0.6,2.0,0.313,1.9,4.2,0.446,0.453,1.5,2.0,0.76,0.5,2.1,2.7,5.2,0.9,0.1,1.6,2.0,7.1,,2017
342.0,Tim Frazier,28.0,NOP,PG,47.0,17.0,19.3,1.9,4.1,0.451,0.6,1.6,0.351,1.3,2.5,0.517,0.521,0.7,0.9,0.78,0.7,2.2,2.9,4.4,0.5,0.1,1.3,2.0,5.0,,2019
466.0,Tim Frazier,31.0,ORL,PG,10.0,3.0,20.0,1.3,4.3,0.302,0.6,1.7,0.353,0.7,2.6,0.269,0.372,0.5,0.9,0.556,0.5,1.4,1.9,3.3,0.3,0.1,1.3,2.4,3.7,,2022
127.0,Tim Hardaway Jr.,22.0,NYK,SG,70.0,30.0,24.0,4.0,10.2,0.389,1.7,5.1,0.342,2.3,5.2,0.435,0.474,1.8,2.2,0.801,0.2,2.1,2.2,1.8,0.3,0.2,1.2,1.7,11.5,,2015
261.0,Tim Hardaway Jr.,23.0,ATL,SG,51.0,1.0,16.9,2.2,5.2,0.43,0.9,2.8,0.336,1.3,2.4,0.541,0.521,1.0,1.1,0.893,0.1,1.5,1.7,1.0,0.4,0.1,0.5,0.9,6.4,,2016
68.0,Tim Hardaway Jr.,24.0,ATL,SG,79.0,30.0,27.3,5.3,11.5,0.455,1.9,5.3,0.357,3.4,6.3,0.537,0.537,2.1,2.7,0.766,0.4,2.4,2.8,2.3,0.7,0.2,1.3,1.3,14.5,,2017
45.0,Tim Hardaway Jr.,25.0,NYK,SG,57.0,54.0,33.1,6.3,15.0,0.421,2.3,7.2,0.317,4.0,7.8,0.516,0.496,2.6,3.1,0.816,0.6,3.4,3.9,2.7,1.1,0.2,1.6,2.2,17.5,,2018
46.0,Tim Hardaway Jr.,26.0,NYK,SG,46.0,46.0,32.6,6.1,15.8,0.388,2.5,7.3,0.347,3.6,8.5,0.424,0.469,4.3,5.1,0.854,0.6,2.9,3.5,2.7,0.9,0.1,1.8,2.3,19.1,,2019
75.0,Tim Hardaway Jr.,27.0,DAL,SG,71.0,58.0,29.5,5.4,12.5,0.434,2.9,7.2,0.398,2.5,5.2,0.485,0.55,2.1,2.6,0.819,0.4,2.9,3.3,1.9,0.6,0.1,1.0,1.8,15.8,,2020
68.0,Tim Hardaway Jr.,28.0,DAL,SG,70.0,31.0,28.4,5.8,13.0,0.447,3.0,7.6,0.391,2.9,5.5,0.524,0.56,2.0,2.5,0.816,0.3,3.0,3.3,1.8,0.4,0.2,0.9,1.6,16.6,,2021
102.0,Tim Hardaway Jr.,29.0,DAL,SG,42.0,20.0,29.6,5.0,12.6,0.394,2.4,7.2,0.336,2.5,5.4,0.473,0.491,1.9,2.5,0.757,0.3,3.4,3.7,2.2,0.9,0.1,0.8,1.8,14.2,,2022
103.0,Tim Hardaway Jr.,30.0,DAL,SF,71.0,45.0,30.3,4.8,11.9,0.401,3.0,7.7,0.385,1.8,4.2,0.431,0.527,1.8,2.3,0.77,0.3,3.2,3.5,1.8,0.7,0.2,0.8,1.7,14.4,,2023
104.0,Tim Hardaway Jr.,31.0,DAL,SF,79.0,12.0,26.8,5.0,12.4,0.402,2.7,7.6,0.353,2.3,4.8,0.478,0.51,1.8,2.1,0.852,0.3,2.9,3.2,1.8,0.5,0.1,0.9,1.3,14.4,,2024
161.0,Tim Hardaway Jr.,32.0,DET,SG,77.0,77.0,28.0,3.6,8.8,0.406,2.2,5.9,0.368,1.4,2.9,0.484,0.529,1.6,1.9,0.855,0.2,2.1,2.4,1.6,0.5,0.1,0.6,1.2,11.0,,2025
466.0,Timmy Allen,24.0,MEM,SF,5.0,0.0,25.0,1.2,4.6,0.261,0.0,1.4,0.0,1.2,3.2,0.375,0.261,0.2,0.4,0.5,0.8,2.6,3.4,1.0,0.8,0.0,0.4,3.6,2.6,,2024
164.0,Timofey Mozgov,28.0,DEN,C,35.0,35.0,25.6,3.3,6.6,0.504,0.1,0.2,0.333,3.3,6.5,0.509,0.509,1.8,2.5,0.733,2.6,5.2,7.8,0.5,0.4,1.2,1.3,3.3,8.5,,2015
267.0,Timofey Mozgov,29.0,CLE,C,76.0,48.0,17.4,2.7,4.7,0.565,0.0,0.1,0.143,2.7,4.6,0.574,0.567,0.9,1.3,0.716,1.4,3.0,4.4,0.4,0.3,0.8,0.9,2.1,6.3,,2016
219.0,Timofey Mozgov,30.0,LAL,C,54.0,52.0,20.4,3.1,6.1,0.515,0.0,0.0,0.0,3.1,6.1,0.517,0.515,1.2,1.4,0.808,1.9,3.0,4.9,0.8,0.3,0.6,1.3,2.5,7.4,,2017
262.0,Timothé Luwawu-Cabarrot,21.0,PHI,SF,69.0,19.0,17.2,2.1,5.2,0.402,0.7,2.3,0.311,1.4,2.9,0.475,0.471,1.5,1.8,0.854,0.4,1.8,2.2,1.1,0.5,0.1,1.1,2.2,6.4,,2017
311.0,Timothé Luwawu-Cabarrot,22.0,PHI,SF,52.0,7.0,15.5,1.9,5.1,0.375,1.0,3.0,0.335,0.9,2.1,0.431,0.474,0.9,1.1,0.793,0.3,1.1,1.4,1.0,0.2,0.1,0.7,1.9,5.8,,2018
239.0,Timothé Luwawu-Cabarrot,24.0,BRK,SF,47.0,2.0,18.1,2.5,5.7,0.435,1.3,3.4,0.388,1.2,2.3,0.505,0.55,1.5,1.7,0.852,0.6,2.1,2.7,0.6,0.4,0.1,0.8,2.3,7.8,,2020
317.0,Timothé Luwawu-Cabarrot,25.0,BRK,SF,58.0,7.0,18.1,2.2,6.1,0.365,1.3,4.1,0.314,0.9,2.0,0.47,0.471,0.6,0.7,0.814,0.5,1.7,2.2,1.2,0.6,0.1,0.7,1.7,6.4,,2021
34.0,Tobias Harris,22.0,ORL,SF,68.0,63.0,34.8,6.5,14.0,0.466,1.3,3.5,0.364,5.2,10.4,0.5,0.512,2.8,3.6,0.788,1.1,5.3,6.3,1.8,1.0,0.5,1.7,2.0,17.1,,2015
66.0,Tobias Harris,23.0,ORL,PF,49.0,49.0,32.9,5.1,11.0,0.464,1.0,3.1,0.311,4.2,8.0,0.523,0.507,2.4,3.1,0.784,1.4,5.5,7.0,2.0,1.0,0.6,1.6,1.9,13.7,,2016
54.0,Tobias Harris,24.0,DET,PF,82.0,48.0,31.3,6.2,13.0,0.481,1.3,3.8,0.347,4.9,9.1,0.537,0.532,2.3,2.8,0.841,0.8,4.3,5.1,1.7,0.7,0.5,1.2,1.6,16.1,,2017
35.0,Tobias Harris,25.0,LAC,PF,32.0,32.0,34.5,7.6,16.0,0.473,2.2,5.3,0.414,5.4,10.7,0.501,0.541,2.0,2.5,0.8,0.7,5.3,6.0,3.1,1.2,0.6,1.7,2.3,19.3,,2018
33.0,Tobias Harris,26.0,PHI,PF,27.0,27.0,35.0,6.9,14.8,0.469,1.6,5.0,0.326,5.3,9.8,0.542,0.524,2.7,3.3,0.841,1.2,6.7,7.9,2.9,0.4,0.5,1.6,2.3,18.2,,2019
39.0,Tobias Harris,27.0,PHI,PF,72.0,72.0,34.3,7.7,16.3,0.471,1.8,5.0,0.367,5.9,11.3,0.517,0.527,2.4,3.0,0.806,1.0,5.9,6.9,3.2,0.7,0.6,1.4,2.3,19.6,,2020
48.0,Tobias Harris,28.0,PHI,PF,62.0,62.0,32.5,7.6,14.9,0.512,1.3,3.4,0.394,6.3,11.5,0.546,0.556,2.9,3.3,0.892,1.0,5.8,6.8,3.5,0.9,0.8,1.7,1.9,19.5,,2021
64.0,Tobias Harris,29.0,PHI,PF,73.0,73.0,34.8,6.8,14.0,0.482,1.4,3.8,0.367,5.4,10.2,0.525,0.532,2.3,2.8,0.842,1.1,5.7,6.8,3.5,0.6,0.6,1.6,2.2,17.2,,2022
100.0,Tobias Harris,30.0,PHI,SF,74.0,74.0,32.9,5.7,11.4,0.501,1.7,4.4,0.389,4.0,7.0,0.57,0.575,1.5,1.7,0.876,0.9,4.8,5.7,2.5,0.9,0.5,1.2,2.0,14.7,,2023
71.0,Tobias Harris,31.0,PHI,PF,70.0,70.0,33.8,6.6,13.6,0.487,1.3,3.7,0.353,5.3,9.9,0.537,0.535,2.7,3.0,0.878,1.1,5.3,6.5,3.1,1.0,0.7,1.3,1.6,17.2,,2024
116.0,Tobias Harris,32.0,DET,PF,73.0,73.0,31.6,5.3,11.0,0.477,1.2,3.6,0.345,4.0,7.4,0.542,0.534,2.0,2.3,0.861,0.9,5.0,5.9,2.2,1.0,0.8,1.2,1.9,13.7,,2025
113.0,Tolu Smith,24.0,DET,PF,1.0,0.0,22.0,6.0,9.0,0.667,0.0,0.0,,6.0,9.0,0.667,0.667,2.0,3.0,0.667,4.0,4.0,8.0,0.0,0.0,0.0,2.0,3.0,14.0,,2025
252.0,Tomáš Satoranský,26.0,WAS,SG,73.0,30.0,22.5,2.8,5.3,0.523,0.6,1.4,0.465,2.1,3.9,0.544,0.585,1.0,1.3,0.781,1.0,2.2,3.2,3.9,0.7,0.2,1.1,1.8,7.2,,2018
203.0,Tomáš Satoranský,27.0,WAS,PG,80.0,54.0,27.1,3.2,6.6,0.485,0.8,2.0,0.395,2.4,4.6,0.524,0.545,1.6,2.0,0.819,1.0,2.5,3.5,5.0,1.0,0.2,1.5,2.2,8.9,,2019
180.0,Tomáš Satoranský,28.0,CHI,SG,65.0,64.0,28.9,3.6,8.5,0.43,1.0,3.1,0.322,2.7,5.4,0.491,0.488,1.6,1.9,0.876,1.2,2.7,3.9,5.4,1.2,0.1,2.0,2.1,9.9,,2020
257.0,Tomáš Satoranský,29.0,CHI,SG,58.0,18.0,22.5,2.9,5.7,0.514,0.7,2.0,0.356,2.2,3.6,0.602,0.578,1.2,1.4,0.848,0.5,1.9,2.4,4.7,0.7,0.2,1.7,1.5,7.7,,2021
450.0,Tomáš Satoranský,30.0,WAS,PG,22.0,10.0,18.9,1.8,3.8,0.476,0.3,1.0,0.273,1.5,2.8,0.548,0.512,1.0,1.1,0.84,0.4,2.4,2.8,4.9,0.7,0.2,1.0,1.7,4.9,,2022
182.0,Toney Douglas,29.0,NOP,PG,61.0,18.0,20.7,3.0,7.3,0.411,1.3,3.3,0.399,1.7,4.0,0.421,0.502,1.4,1.6,0.848,0.4,1.9,2.3,2.6,1.1,0.1,1.0,2.1,8.7,,2016
333.0,Toney Douglas,30.0,MEM,PG,24.0,0.0,16.4,1.8,4.9,0.368,0.3,1.8,0.167,1.5,3.1,0.48,0.397,1.0,1.2,0.828,0.5,2.0,2.5,2.3,0.8,0.2,0.9,2.1,4.9,,2017
193.0,Tony Allen,33.0,MEM,SG,63.0,41.0,26.2,3.6,7.2,0.495,0.2,0.5,0.345,3.4,6.8,0.505,0.505,1.3,2.0,0.627,1.6,2.8,4.4,1.4,2.0,0.5,1.4,2.6,8.6,,2015
196.0,Tony Allen,34.0,MEM,SG,64.0,57.0,25.3,3.4,7.3,0.458,0.2,0.7,0.357,3.1,6.7,0.468,0.474,1.4,2.2,0.652,1.6,3.0,4.6,1.1,1.7,0.3,1.2,2.7,8.4,,2016
173.0,Tony Allen,35.0,MEM,SG,71.0,66.0,27.0,3.9,8.4,0.461,0.2,0.8,0.278,3.6,7.6,0.479,0.473,1.1,1.8,0.615,2.3,3.2,5.5,1.4,1.6,0.4,1.4,2.5,9.1,,2017
71.0,Tony Parker,32.0,SAS,PG,68.0,68.0,28.7,5.9,12.2,0.486,0.6,1.3,0.427,5.4,10.9,0.493,0.508,1.9,2.4,0.783,0.2,1.7,1.9,4.9,0.6,0.0,2.1,1.6,14.4,,2015
111.0,Tony Parker,33.0,SAS,PG,72.0,72.0,27.5,4.9,9.9,0.493,0.4,0.9,0.415,4.5,9.0,0.501,0.512,1.8,2.4,0.76,0.2,2.2,2.4,5.3,0.8,0.2,1.8,1.6,11.9,,2016
147.0,Tony Parker,34.0,SAS,PG,63.0,63.0,25.2,4.2,9.0,0.466,0.4,1.1,0.333,3.8,7.9,0.484,0.486,1.3,1.9,0.726,0.1,1.7,1.8,4.5,0.5,0.0,1.4,1.5,10.1,,2017
240.0,Tony Parker,35.0,SAS,PG,55.0,21.0,19.5,3.2,7.1,0.459,0.2,0.7,0.27,3.1,6.4,0.479,0.472,1.0,1.4,0.705,0.1,1.6,1.7,3.5,0.5,0.0,1.2,0.9,7.7,,2018
185.0,Tony Parker,36.0,CHO,PG,56.0,0.0,17.9,3.8,8.3,0.46,0.2,0.9,0.255,3.6,7.4,0.485,0.474,1.6,2.2,0.734,0.3,1.2,1.5,3.7,0.4,0.1,1.3,0.9,9.5,,2019
279.0,Tony Snell,23.0,CHI,SF,72.0,22.0,19.6,2.2,5.2,0.429,1.0,2.7,0.371,1.2,2.4,0.494,0.527,0.6,0.8,0.8,0.4,2.0,2.4,0.9,0.4,0.2,0.7,1.2,6.0,,2015
313.0,Tony Snell,24.0,CHI,SF,64.0,33.0,20.3,2.0,5.3,0.372,0.9,2.4,0.361,1.1,2.9,0.38,0.454,0.5,0.5,0.909,0.3,2.8,3.1,1.0,0.3,0.3,0.8,1.6,5.3,,2016
191.0,Tony Snell,25.0,MIL,SG,80.0,80.0,29.2,3.1,6.8,0.455,1.8,4.4,0.406,1.3,2.3,0.548,0.588,0.6,0.7,0.81,0.3,2.8,3.1,1.2,0.7,0.2,0.7,1.6,8.5,,2017
266.0,Tony Snell,26.0,MIL,SG,75.0,59.0,27.4,2.5,5.7,0.435,1.4,3.6,0.403,1.0,2.1,0.49,0.562,0.5,0.6,0.792,0.1,1.8,1.9,1.3,0.6,0.4,0.5,1.5,6.9,,2018
315.0,Tony Snell,27.0,MIL,SF,74.0,12.0,17.6,2.2,4.9,0.452,1.1,2.8,0.397,1.1,2.1,0.522,0.564,0.5,0.6,0.881,0.4,1.7,2.1,0.9,0.4,0.2,0.3,1.2,6.0,,2019
235.0,Tony Snell,28.0,DET,SF,59.0,57.0,27.8,2.9,6.5,0.445,1.7,4.3,0.402,1.2,2.2,0.531,0.579,0.5,0.5,1.0,0.2,1.7,1.9,2.2,0.5,0.3,0.5,1.7,8.0,,2020
358.0,Tony Snell,29.0,ATL,SG,47.0,23.0,21.1,1.9,3.6,0.515,1.3,2.3,0.569,0.6,1.3,0.419,0.696,0.2,0.2,1.0,0.4,2.0,2.4,1.3,0.3,0.2,0.4,1.6,5.3,,2021
38.0,Tony Wroten,21.0,PHI,PG,30.0,15.0,29.8,5.8,14.5,0.403,1.2,4.7,0.261,4.6,9.7,0.473,0.446,4.0,6.0,0.667,0.7,2.1,2.9,5.2,1.6,0.3,3.8,2.4,16.9,,2015
198.0,Tony Wroten,22.0,PHI,PG,8.0,3.0,18.0,2.8,8.1,0.338,0.4,2.1,0.176,2.4,6.0,0.396,0.362,2.5,4.6,0.541,0.3,2.4,2.6,2.5,0.4,0.0,3.6,1.4,8.4,,2016
383.0,Torrey Craig,27.0,DEN,SF,39.0,5.0,16.1,1.6,3.5,0.453,0.4,1.5,0.293,1.2,2.0,0.57,0.515,0.6,0.9,0.629,1.0,2.2,3.3,0.6,0.3,0.4,0.5,1.6,4.2,,2018
330.0,Torrey Craig,28.0,DEN,SF,75.0,37.0,20.0,2.1,4.8,0.442,0.8,2.5,0.324,1.3,2.3,0.569,0.526,0.7,0.9,0.7,1.2,2.3,3.5,1.0,0.5,0.6,0.6,2.3,5.7,,2019
337.0,Torrey Craig,29.0,DEN,SF,58.0,27.0,18.5,2.1,4.6,0.461,0.8,2.4,0.326,1.4,2.3,0.603,0.545,0.4,0.6,0.611,1.1,2.2,3.3,0.8,0.4,0.6,0.4,2.3,5.4,,2020
340.0,Torrey Craig,30.0,PHO,SF,32.0,8.0,18.8,2.8,5.7,0.503,1.0,2.6,0.369,1.9,3.0,0.619,0.588,0.5,0.6,0.8,1.4,3.4,4.8,1.0,0.6,0.6,0.6,1.8,7.2,,2021
311.0,Torrey Craig,31.0,PHO,SF,27.0,2.0,20.8,2.7,5.9,0.45,1.1,3.6,0.323,1.5,2.4,0.641,0.547,0.4,0.6,0.706,1.0,3.3,4.3,1.2,0.8,0.6,1.0,2.1,6.9,,2022
256.0,Torrey Craig,32.0,PHO,PF,79.0,60.0,24.7,2.9,6.3,0.456,1.3,3.2,0.395,1.6,3.1,0.518,0.556,0.4,0.6,0.711,1.8,3.6,5.4,1.5,0.6,0.8,0.9,2.3,7.4,,2023
309.0,Torrey Craig,33.0,CHI,SF,53.0,14.0,19.8,2.0,4.7,0.43,1.1,2.9,0.392,0.9,1.8,0.49,0.55,0.5,0.7,0.75,1.3,2.8,4.1,1.1,0.6,0.4,0.6,2.1,5.7,,2024
301.0,Tosan Evbuomwan,22.0,MEM,SF,4.0,0.0,18.5,1.0,3.8,0.267,0.5,2.0,0.25,0.5,1.8,0.286,0.333,0.0,0.0,,2.0,1.5,3.5,1.5,0.0,0.3,0.3,1.3,2.5,,2024
203.0,Tosan Evbuomwan,23.0,BRK,SF,28.0,0.0,23.8,3.4,7.9,0.427,0.9,2.8,0.312,2.5,5.1,0.49,0.482,2.0,2.6,0.753,1.1,3.1,4.3,2.0,0.9,0.4,1.4,2.0,9.5,,2025
239.0,Toumani Camara,23.0,POR,PF,70.0,49.0,24.8,2.8,6.3,0.45,0.8,2.5,0.337,2.0,3.8,0.523,0.516,1.1,1.4,0.758,2.0,2.9,4.9,1.2,0.9,0.5,1.2,2.5,7.5,,2024
154.0,Toumani Camara,24.0,POR,PF,78.0,78.0,32.7,4.2,9.2,0.458,1.7,4.6,0.375,2.5,4.6,0.542,0.552,1.2,1.6,0.722,2.2,3.6,5.8,2.2,1.5,0.6,1.4,2.9,11.3,,2025
38.0,Trae Young,20.0,ATL,PG,81.0,81.0,30.9,6.5,15.5,0.418,1.9,6.0,0.324,4.6,9.6,0.477,0.48,4.2,5.1,0.829,0.8,2.9,3.7,8.1,0.9,0.2,3.8,1.7,19.1,,2019
4.0,Trae Young,21.0,ATL,PG,60.0,60.0,35.3,9.1,20.8,0.437,3.4,9.5,0.361,5.7,11.4,0.501,0.519,8.0,9.3,0.86,0.5,3.7,4.3,9.3,1.1,0.1,4.8,1.7,29.6,,2020
15.0,Trae Young,22.0,ATL,PG,63.0,63.0,33.7,7.7,17.7,0.438,2.2,6.3,0.343,5.6,11.3,0.491,0.499,7.7,8.7,0.886,0.6,3.3,3.9,9.4,0.8,0.2,4.1,1.8,25.3,,2021
6.0,Trae Young,23.0,ATL,PG,76.0,76.0,34.9,9.4,20.3,0.46,3.1,8.0,0.382,6.3,12.3,0.512,0.536,6.6,7.3,0.904,0.7,3.1,3.7,9.7,0.9,0.1,4.0,1.7,28.4,,2022
15.0,Trae Young,24.0,ATL,PG,73.0,73.0,34.8,8.2,19.0,0.429,2.1,6.3,0.335,6.1,12.7,0.476,0.485,7.8,8.8,0.886,0.8,2.2,3.0,10.2,1.1,0.1,4.1,1.4,26.2,,2023
16.0,Trae Young,25.0,ATL,PG,54.0,54.0,36.0,8.0,18.7,0.43,3.2,8.7,0.373,4.8,10.0,0.479,0.516,6.4,7.5,0.855,0.4,2.3,2.8,10.8,1.3,0.2,4.4,2.0,25.7,,2024
23.0,Trae Young,26.0,ATL,PG,76.0,76.0,36.0,7.4,18.1,0.411,2.9,8.4,0.34,4.6,9.7,0.474,0.491,6.5,7.4,0.875,0.5,2.6,3.1,11.6,1.2,0.2,4.7,1.9,24.2,,2025
230.0,Trayce Jackson-Davis,23.0,GSW,PF,68.0,16.0,16.6,3.4,4.9,0.702,0.0,0.0,0.0,3.4,4.9,0.704,0.702,1.1,1.9,0.561,2.0,3.0,5.0,1.2,0.4,1.1,0.7,1.6,7.9,,2024
315.0,Trayce Jackson-Davis,24.0,GSW,C,62.0,37.0,15.6,2.8,4.9,0.576,0.0,0.0,0.0,2.8,4.8,0.582,0.576,1.0,1.6,0.578,2.0,3.0,5.0,1.7,0.4,0.6,0.7,1.2,6.6,,2025
602.0,Trayvon Palmer,27.0,DET,SG,1.0,0.0,17.0,0.0,1.0,0.0,0.0,0.0,,0.0,1.0,0.0,0.0,0.0,0.0,,0.0,2.0,2.0,0.0,0.0,0.0,1.0,2.0,0.0,,2022
341.0,Tre Jones,22.0,SAS,PG,69.0,11.0,16.6,2.4,4.9,0.49,0.1,0.7,0.196,2.3,4.2,0.542,0.504,1.0,1.3,0.78,0.4,1.8,2.2,3.4,0.6,0.1,0.7,1.1,6.0,,2022
122.0,Tre Jones,23.0,SAS,PG,68.0,65.0,29.2,5.0,10.9,0.459,0.7,2.3,0.285,4.4,8.6,0.506,0.489,2.2,2.5,0.86,0.8,2.8,3.6,6.6,1.3,0.1,1.6,1.4,12.9,,2023
181.0,Tre Jones,24.0,SAS,PG,77.0,48.0,27.8,3.9,7.8,0.505,0.8,2.5,0.335,3.1,5.3,0.584,0.558,1.3,1.5,0.856,0.8,3.0,3.8,6.2,1.0,0.1,1.5,1.2,10.0,,2024
283.0,Tre Jones,25.0,SAS,PG,28.0,0.0,16.1,1.6,3.3,0.484,0.3,0.9,0.308,1.3,2.4,0.552,0.527,0.9,1.2,0.758,0.5,1.5,2.1,3.7,0.6,0.2,0.8,1.2,4.4,,2025
173.0,Tre Mann,20.0,OKC,PG,60.0,26.0,22.8,3.9,9.8,0.393,1.6,4.5,0.36,2.2,5.3,0.421,0.476,1.1,1.4,0.793,0.4,2.4,2.9,1.5,0.8,0.2,1.2,1.7,10.4,,2022
250.0,Tre Mann,21.0,OKC,PG,67.0,5.0,17.7,2.9,7.5,0.393,1.2,3.8,0.315,1.7,3.6,0.475,0.474,0.6,0.8,0.764,0.4,1.9,2.3,1.8,0.6,0.2,0.9,1.5,7.7,,2023
109.0,Tre Mann,23.0,CHO,PG,13.0,0.0,24.5,5.4,12.4,0.435,1.8,4.6,0.4,3.5,7.8,0.455,0.509,1.5,1.6,0.905,0.9,2.0,2.9,3.0,0.5,0.3,1.9,1.8,14.1,,2025
273.0,Trendon Watford,21.0,POR,SF,48.0,10.0,18.1,3.0,5.6,0.532,0.2,0.8,0.237,2.8,4.8,0.581,0.549,1.5,2.0,0.755,1.2,3.0,4.1,1.7,0.5,0.6,0.9,2.4,7.6,,2022
259.0,Trendon Watford,22.0,POR,PF,62.0,12.0,19.1,2.9,5.2,0.56,0.4,1.0,0.391,2.5,4.2,0.602,0.599,1.2,1.6,0.72,0.7,3.2,3.8,2.1,0.5,0.2,1.1,1.9,7.4,,2023
184.0,Trendon Watford,24.0,BRK,PF,44.0,6.0,20.8,3.7,8.0,0.469,0.7,2.0,0.33,3.1,6.0,0.515,0.51,2.1,2.8,0.762,0.8,2.8,3.6,2.6,0.6,0.3,1.9,2.2,10.2,,2025
379.0,Treveon Graham,24.0,CHO,SG,63.0,2.0,16.7,1.5,3.5,0.434,0.6,1.5,0.412,0.9,2.0,0.452,0.525,0.7,0.9,0.695,0.7,1.3,1.9,0.9,0.5,0.0,0.4,1.7,4.3,,2018
344.0,Treveon Graham,25.0,BRK,SG,35.0,21.0,20.4,1.8,5.5,0.335,1.1,3.7,0.297,0.7,1.8,0.413,0.435,0.5,0.6,0.818,0.7,2.4,3.1,1.0,0.4,0.2,0.5,1.9,5.3,,2019
382.0,Treveon Graham,26.0,MIN,SF,33.0,20.0,20.1,1.9,5.3,0.354,0.6,2.5,0.241,1.3,2.8,0.457,0.411,0.8,1.1,0.73,0.9,2.2,3.0,0.9,0.5,0.1,0.6,2.0,5.2,,2020
91.0,Trevor Ariza,29.0,HOU,SF,82.0,82.0,35.7,4.5,11.1,0.402,2.4,6.8,0.35,2.1,4.3,0.485,0.509,1.5,1.7,0.853,0.9,4.7,5.6,2.5,1.9,0.2,1.7,2.3,12.8,,2015
95.0,Trevor Ariza,30.0,HOU,SF,81.0,81.0,35.3,4.4,10.6,0.416,2.3,6.2,0.371,2.1,4.4,0.478,0.523,1.6,2.0,0.783,0.8,3.7,4.5,2.3,2.0,0.3,1.4,2.2,12.7,,2016
110.0,Trevor Ariza,31.0,HOU,SF,80.0,80.0,34.7,4.1,10.0,0.409,2.4,6.9,0.344,1.7,3.0,0.556,0.528,1.2,1.6,0.738,0.7,5.1,5.7,2.2,1.8,0.3,0.9,1.7,11.7,,2017
136.0,Trevor Ariza,32.0,HOU,SF,67.0,67.0,33.9,4.0,9.7,0.412,2.5,6.9,0.368,1.5,2.8,0.519,0.542,1.1,1.3,0.854,0.5,3.9,4.4,1.6,1.5,0.2,0.8,2.0,11.7,,2018
119.0,Trevor Ariza,33.0,WAS,SF,43.0,43.0,34.1,4.8,11.8,0.409,2.2,6.9,0.322,2.6,5.0,0.528,0.502,2.2,2.8,0.777,0.8,4.5,5.3,3.8,1.2,0.3,1.6,2.0,14.1,,2019
231.0,Trevor Ariza,34.0,SAC,SF,32.0,0.0,24.7,2.0,5.2,0.388,1.3,3.8,0.352,0.7,1.3,0.488,0.518,0.7,0.8,0.778,0.7,3.9,4.6,1.6,1.1,0.2,0.9,2.0,6.0,,2020
199.0,Trevor Ariza,35.0,MIA,SF,30.0,27.0,28.0,3.3,8.0,0.411,1.7,4.8,0.35,1.6,3.3,0.5,0.515,1.1,1.5,0.773,0.9,3.9,4.8,1.8,1.0,0.6,0.7,1.8,9.4,,2021
430.0,Trevor Ariza,36.0,LAL,SF,24.0,11.0,19.3,1.4,4.1,0.333,0.8,3.1,0.27,0.5,1.0,0.52,0.434,0.4,0.8,0.556,0.4,3.0,3.4,1.1,0.5,0.3,0.5,0.8,4.0,,2022
237.0,Trevor Booker,27.0,UTA,PF,79.0,5.0,19.8,2.9,5.9,0.487,0.4,1.1,0.345,2.5,4.8,0.518,0.518,1.1,1.9,0.581,1.8,3.3,5.0,1.1,0.5,0.5,1.1,1.8,7.2,,2015
285.0,Trevor Booker,28.0,UTA,PF,79.0,2.0,20.7,2.4,4.9,0.49,0.2,0.5,0.293,2.3,4.4,0.513,0.505,0.9,1.3,0.67,2.1,3.6,5.7,1.1,0.7,0.5,1.0,2.1,5.9,,2016
149.0,Trevor Booker,29.0,BRK,PF,71.0,43.0,24.7,4.3,8.3,0.516,0.4,1.1,0.321,3.9,7.2,0.546,0.537,1.0,1.5,0.673,2.0,6.0,8.0,1.9,1.1,0.4,1.8,2.1,10.0,,2017
287.0,Trevor Booker,30.0,PHI,PF,33.0,0.0,15.0,1.8,3.3,0.56,0.1,0.2,0.286,1.8,3.1,0.578,0.569,1.0,1.2,0.821,1.4,2.3,3.7,0.8,0.5,0.3,0.6,1.5,4.7,,2018
92.0,Trey Burke,22.0,UTA,PG,76.0,43.0,30.1,4.9,13.2,0.368,1.6,5.1,0.318,3.2,8.1,0.4,0.43,1.4,1.9,0.752,0.4,2.3,2.7,4.3,0.9,0.2,1.6,1.6,12.8,,2015
134.0,Trey Burke,23.0,UTA,PG,64.0,0.0,21.3,4.1,9.9,0.413,1.4,4.0,0.344,2.7,5.9,0.46,0.483,1.0,1.3,0.817,0.3,1.5,1.8,2.3,0.5,0.1,1.3,1.3,10.6,,2016
109.0,Trey Burke,25.0,NYK,PG,36.0,9.0,21.8,5.4,10.7,0.503,1.1,2.9,0.362,4.3,7.8,0.556,0.552,1.0,1.6,0.649,0.4,1.6,2.0,4.7,0.7,0.1,1.2,1.2,12.8,,2018
148.0,Trey Burke,26.0,NYK,PG,33.0,7.0,20.9,4.5,10.8,0.413,0.9,2.6,0.349,3.6,8.2,0.434,0.455,1.9,2.3,0.827,0.5,1.4,1.9,2.8,0.6,0.2,0.9,1.0,11.8,,2019
274.0,Trey Lyles,20.0,UTA,PF,80.0,33.0,17.3,2.4,5.5,0.438,0.6,1.6,0.383,1.8,3.9,0.461,0.494,0.7,1.0,0.695,0.7,3.0,3.7,0.7,0.3,0.2,0.8,1.4,6.1,,2016
274.0,Trey Lyles,21.0,UTA,PF,71.0,4.0,16.3,2.2,6.2,0.362,0.9,2.9,0.319,1.3,3.3,0.4,0.436,0.8,1.1,0.722,0.7,2.6,3.3,1.0,0.4,0.3,0.9,1.4,6.2,,2017
175.0,Trey Lyles,22.0,DEN,PF,73.0,2.0,19.1,3.7,7.5,0.491,1.1,3.0,0.381,2.6,4.5,0.563,0.566,1.4,2.0,0.706,0.8,4.0,4.8,1.2,0.4,0.5,0.8,1.5,9.9,,2018
213.0,Trey Lyles,23.0,DEN,PF,64.0,2.0,17.5,3.2,7.7,0.418,0.8,3.1,0.255,2.4,4.6,0.529,0.47,1.3,1.8,0.698,0.7,3.2,3.8,1.4,0.5,0.4,1.1,1.5,8.5,,2019
291.0,Trey Lyles,24.0,SAS,PF,63.0,53.0,20.2,2.4,5.4,0.446,1.0,2.7,0.387,1.4,2.8,0.503,0.541,0.5,0.7,0.733,1.1,4.6,5.7,1.1,0.4,0.4,0.6,1.6,6.4,,2020
372.0,Trey Lyles,25.0,SAS,PF,23.0,9.0,15.6,1.9,3.9,0.478,0.6,1.7,0.35,1.3,2.2,0.58,0.556,0.7,1.0,0.652,0.4,3.3,3.7,0.6,0.3,0.0,0.3,0.6,5.0,,2021
169.0,Trey Lyles,26.0,SAC,PF,24.0,20.0,22.8,3.6,7.4,0.489,1.0,2.6,0.365,2.7,4.8,0.557,0.553,2.4,2.8,0.851,1.2,4.4,5.6,1.3,0.3,0.3,0.8,1.3,10.6,,2022
253.0,Trey Lyles,27.0,SAC,PF,74.0,0.0,16.9,2.5,5.5,0.458,1.2,3.2,0.363,1.4,2.3,0.595,0.565,1.4,1.7,0.815,0.9,3.1,4.1,0.9,0.4,0.4,0.9,1.3,7.6,,2023
250.0,Trey Lyles,28.0,SAC,PF,58.0,0.0,20.0,2.5,5.5,0.445,1.4,3.8,0.384,1.0,1.8,0.578,0.576,0.8,1.2,0.7,1.1,3.4,4.4,1.2,0.3,0.3,0.7,1.5,7.2,,2024
323.0,Trey Lyles,29.0,SAC,PF,69.0,5.0,19.6,2.3,5.4,0.42,1.2,3.4,0.34,1.1,2.0,0.559,0.528,0.8,1.2,0.7,1.2,3.4,4.6,1.2,0.6,0.3,0.6,1.2,6.5,,2025
102.0,Trey Murphy III,22.0,NOP,SF,79.0,65.0,31.0,4.9,10.1,0.484,2.6,6.3,0.406,2.3,3.8,0.611,0.61,2.2,2.4,0.905,0.7,2.8,3.6,1.4,1.1,0.5,0.8,2.0,14.5,,2023
98.0,Trey Murphy III,23.0,NOP,SF,57.0,23.0,29.6,4.8,10.9,0.443,3.0,7.8,0.38,1.9,3.1,0.602,0.579,2.2,2.6,0.815,0.7,4.2,4.9,2.2,0.9,0.5,0.6,1.2,14.8,,2024
40.0,Trey Murphy III,24.0,NOP,SF,53.0,51.0,35.0,7.2,15.8,0.454,3.0,8.3,0.361,4.2,7.6,0.556,0.548,3.8,4.3,0.887,0.9,4.2,5.1,3.5,1.1,0.7,1.9,2.1,21.2,,2025
285.0,Tristan Da Silva,23.0,ORL,SF,74.0,38.0,22.0,2.7,6.5,0.412,1.1,3.2,0.335,1.6,3.3,0.488,0.495,0.7,0.9,0.873,1.0,2.3,3.3,1.5,0.4,0.2,0.8,1.3,7.2,,2025
196.0,Tristan Thompson,23.0,CLE,PF,82.0,15.0,26.8,3.3,6.0,0.547,0.0,0.0,,3.3,6.0,0.547,0.547,1.9,3.0,0.641,3.3,4.7,8.0,0.5,0.4,0.7,1.0,2.3,8.5,,2015
211.0,Tristan Thompson,24.0,CLE,PF,82.0,34.0,27.7,3.0,5.1,0.588,0.0,0.0,,3.0,5.1,0.588,0.588,1.8,3.0,0.616,3.3,5.7,9.0,0.8,0.5,0.6,0.7,2.5,7.8,,2016
203.0,Tristan Thompson,25.0,CLE,C,78.0,78.0,29.9,3.4,5.6,0.6,0.0,0.0,0.0,3.4,5.6,0.604,0.6,1.4,2.7,0.498,3.7,5.5,9.2,1.0,0.5,1.1,0.8,2.3,8.1,,2017
313.0,Tristan Thompson,26.0,CLE,C,53.0,22.0,20.2,2.5,4.4,0.562,0.0,0.0,,2.5,4.4,0.562,0.562,0.8,1.5,0.544,2.4,4.3,6.6,0.6,0.3,0.3,0.7,1.9,5.8,,2018
152.0,Tristan Thompson,27.0,CLE,C,43.0,40.0,27.9,4.7,8.8,0.529,0.0,0.0,,4.7,8.8,0.529,0.529,1.6,2.5,0.642,4.0,6.2,10.2,2.0,0.7,0.4,1.4,2.1,10.9,,2019
131.0,Tristan Thompson,28.0,CLE,C,57.0,51.0,30.2,5.1,9.9,0.512,0.2,0.4,0.391,4.9,9.5,0.518,0.52,1.7,2.8,0.615,4.0,6.2,10.1,2.1,0.6,0.9,1.8,2.2,12.0,,2020
261.0,Tristan Thompson,29.0,BOS,C,54.0,43.0,23.8,3.1,6.0,0.518,0.0,0.1,0.0,3.1,6.0,0.523,0.518,1.3,2.2,0.592,3.1,5.0,8.1,1.2,0.4,0.6,1.1,2.2,7.6,,2021
339.0,Tristan Thompson,30.0,SAC,C,30.0,3.0,15.2,2.5,5.0,0.503,0.0,0.0,1.0,2.5,5.0,0.5,0.507,1.1,2.0,0.533,2.4,3.0,5.4,0.6,0.4,0.4,1.0,1.7,6.2,,2022
215.0,Tristan Vukcevic,20.0,WAS,C,10.0,4.0,15.3,2.9,6.7,0.433,1.0,3.6,0.278,1.9,3.1,0.613,0.507,1.7,2.2,0.773,0.6,3.0,3.6,1.3,0.5,0.7,1.0,2.8,8.5,,2024
166.0,Troy Brown Jr.,20.0,WAS,SF,69.0,22.0,25.8,4.0,9.0,0.439,0.9,2.6,0.341,3.1,6.4,0.479,0.488,1.6,2.0,0.784,1.1,4.4,5.6,2.6,1.2,0.1,1.1,1.9,10.4,,2020
411.0,Troy Brown Jr.,22.0,CHI,SF,66.0,7.0,16.0,1.6,3.9,0.419,0.7,2.0,0.353,0.9,1.9,0.488,0.51,0.3,0.4,0.769,0.6,2.5,3.1,1.0,0.5,0.1,0.4,0.9,4.3,,2022
266.0,Troy Brown Jr.,23.0,LAL,SF,76.0,45.0,24.5,2.6,6.1,0.43,1.4,3.7,0.381,1.2,2.4,0.505,0.545,0.4,0.5,0.872,0.8,3.2,4.1,1.3,0.8,0.2,0.6,1.6,7.1,,2023
195.0,Troy Daniels,25.0,MEM,SG,67.0,3.0,17.7,2.8,7.4,0.374,2.1,5.3,0.389,0.7,2.1,0.336,0.513,0.6,0.8,0.796,0.3,1.2,1.5,0.7,0.3,0.1,0.7,1.3,8.2,,2017
190.0,Troy Daniels,26.0,PHO,SG,79.0,15.0,20.5,2.9,7.3,0.403,2.3,5.8,0.4,0.6,1.5,0.419,0.563,0.7,0.8,0.875,0.2,1.5,1.6,0.6,0.3,0.1,0.7,1.7,8.9,,2018
269.0,Troy Williams,22.0,MEM,SF,24.0,13.0,17.4,2.1,5.1,0.415,0.4,1.7,0.244,1.7,3.4,0.5,0.455,0.6,1.0,0.6,0.3,1.6,1.9,0.8,1.0,0.4,1.1,1.8,5.3,,2017
288.0,Troy Williams,23.0,NYK,SF,17.0,1.0,17.1,2.9,5.9,0.49,0.6,1.9,0.333,2.2,3.9,0.567,0.545,1.1,1.6,0.704,1.2,2.2,3.5,0.9,1.1,0.2,1.1,1.9,7.5,,2018
172.0,Ty Jerome,23.0,OKC,SG,33.0,1.0,23.9,3.9,8.7,0.446,2.2,5.1,0.423,1.7,3.6,0.479,0.57,0.8,1.0,0.765,0.3,2.5,2.8,3.6,0.6,0.2,1.4,1.8,10.7,,2021
293.0,Ty Jerome,24.0,OKC,SG,48.0,4.0,16.7,2.6,6.8,0.378,1.1,3.9,0.29,1.5,3.0,0.493,0.46,0.8,1.0,0.809,0.4,1.2,1.6,2.3,0.6,0.1,0.8,1.5,7.1,,2022
279.0,Ty Jerome,25.0,GSW,SG,45.0,2.0,18.1,2.6,5.4,0.488,0.8,2.0,0.389,1.8,3.4,0.546,0.56,0.8,0.9,0.927,0.2,1.6,1.7,3.0,0.5,0.1,0.7,1.4,6.9,,2023
133.0,Ty Jerome,27.0,CLE,SG,70.0,3.0,19.9,4.6,8.8,0.516,1.6,3.6,0.439,3.0,5.2,0.57,0.606,1.8,2.1,0.872,0.7,1.8,2.5,3.4,1.1,0.0,1.3,1.5,12.5,,2025
64.0,Ty Lawson,27.0,DEN,PG,75.0,75.0,35.5,5.4,12.3,0.436,0.9,2.7,0.341,4.5,9.6,0.463,0.474,3.5,4.8,0.73,0.6,2.6,3.1,9.6,1.2,0.1,2.5,1.7,15.2,,2015
294.0,Ty Lawson,28.0,IND,PG,13.0,1.0,18.1,2.2,5.2,0.418,0.4,1.1,0.357,1.8,4.1,0.434,0.455,0.2,0.5,0.5,0.5,1.9,2.4,4.4,0.8,0.1,1.0,1.2,4.9,,2016
152.0,Ty Lawson,29.0,SAC,PG,69.0,24.0,25.1,3.4,7.6,0.454,0.5,1.7,0.288,2.9,5.9,0.502,0.487,2.5,3.1,0.797,0.6,2.0,2.6,4.8,1.1,0.1,1.9,1.7,9.9,,2017
375.0,Tyler Cook,23.0,DET,SF,28.0,1.0,15.0,2.4,3.6,0.68,0.0,0.1,0.5,2.4,3.5,0.684,0.685,0.6,1.3,0.486,1.0,2.4,3.3,0.5,0.3,0.1,0.7,1.2,5.5,,2021
251.0,Tyler Dorsey,21.0,ATL,SG,56.0,5.0,17.4,2.6,6.8,0.377,1.3,3.6,0.362,1.3,3.3,0.393,0.471,0.8,1.1,0.714,0.3,2.0,2.3,1.4,0.3,0.1,0.7,1.1,7.2,,2018
305.0,Tyler Dorsey,22.0,MEM,SG,21.0,11.0,21.3,3.6,8.3,0.429,1.6,4.4,0.366,2.0,3.9,0.5,0.526,1.0,1.7,0.629,0.9,2.5,3.3,1.9,0.3,0.0,0.8,1.6,9.8,,2019
359.0,Tyler Ennis,22.0,LAL,PG,22.0,2.0,17.8,3.0,6.5,0.451,1.0,2.5,0.389,2.0,4.1,0.489,0.524,0.9,1.0,0.864,0.2,1.0,1.2,2.4,0.9,0.1,1.0,1.3,7.7,,2017
106.0,Tyler Herro,20.0,MIA,SG,55.0,8.0,27.4,4.9,11.5,0.428,2.1,5.4,0.389,2.8,6.1,0.462,0.52,1.6,1.8,0.87,0.3,3.8,4.1,2.2,0.6,0.2,1.6,1.4,13.5,,2020
87.0,Tyler Herro,21.0,MIA,SG,54.0,15.0,30.3,5.7,12.9,0.439,2.0,5.5,0.36,3.7,7.4,0.498,0.516,1.7,2.2,0.803,0.5,4.5,5.0,3.4,0.6,0.3,1.9,1.3,15.1,,2021
32.0,Tyler Herro,22.0,MIA,SG,66.0,10.0,32.6,7.6,17.0,0.447,2.7,6.7,0.399,4.9,10.3,0.477,0.525,2.9,3.3,0.868,0.5,4.5,5.0,4.0,0.7,0.1,2.6,1.4,20.7,,2022
55.0,Tyler Herro,23.0,MIA,SG,67.0,67.0,34.9,7.3,16.6,0.439,3.0,8.0,0.378,4.2,8.5,0.497,0.531,2.5,2.7,0.934,0.4,5.0,5.4,4.2,0.8,0.2,2.4,1.5,20.1,,2023
45.0,Tyler Herro,24.0,MIA,SG,42.0,40.0,33.5,7.7,17.5,0.441,3.1,7.9,0.396,4.6,9.6,0.478,0.531,2.3,2.6,0.856,0.5,4.8,5.3,4.5,0.7,0.1,2.2,1.5,20.8,,2024
26.0,Tyler Herro,25.0,MIA,SG,77.0,77.0,35.4,8.5,17.9,0.472,3.3,8.7,0.375,5.2,9.2,0.565,0.563,3.7,4.2,0.878,0.5,4.7,5.2,5.5,0.9,0.2,2.6,1.1,23.9,,2025
283.0,Tyler Johnson,22.0,MIA,SG,32.0,2.0,18.8,2.2,5.2,0.419,0.6,1.5,0.375,1.6,3.7,0.437,0.473,1.0,1.5,0.681,0.4,2.1,2.5,1.3,1.0,0.3,0.9,1.3,5.9,,2015
184.0,Tyler Johnson,23.0,MIA,SG,36.0,5.0,24.0,3.3,6.8,0.486,0.8,2.0,0.38,2.5,4.8,0.529,0.541,1.4,1.8,0.797,0.8,2.3,3.0,2.2,0.7,0.4,1.3,1.8,8.7,,2016
85.0,Tyler Johnson,24.0,MIA,PG,73.0,0.0,29.8,4.9,11.3,0.433,1.3,3.4,0.372,3.6,7.9,0.46,0.49,2.7,3.5,0.768,0.7,3.3,4.0,3.2,1.2,0.6,1.2,2.4,13.7,,2017
137.0,Tyler Johnson,25.0,MIA,PG,72.0,39.0,28.5,4.3,9.9,0.435,1.7,4.5,0.367,2.6,5.4,0.491,0.518,1.5,1.8,0.822,0.5,3.0,3.4,2.3,0.8,0.5,1.1,2.1,11.7,,2018
149.0,Tyler Johnson,26.0,PHO,PG,13.0,12.0,31.2,3.5,9.6,0.368,1.4,4.3,0.321,2.2,5.3,0.406,0.44,2.6,3.0,0.872,1.2,2.8,4.0,4.2,1.1,0.5,1.1,1.9,11.1,,2019
264.0,Tyler Johnson,27.0,PHO,PG,31.0,3.0,16.6,2.1,5.5,0.38,0.8,2.7,0.289,1.3,2.8,0.466,0.45,0.8,1.0,0.75,0.3,1.4,1.7,1.6,0.4,0.3,0.8,1.4,5.7,,2020
349.0,Tyler Johnson,28.0,BRK,SG,39.0,3.0,17.5,1.8,4.7,0.393,1.2,3.4,0.364,0.6,1.3,0.471,0.525,0.5,0.5,0.857,0.2,1.8,2.0,1.2,0.4,0.0,0.4,1.1,5.4,,2021
494.0,Tyler Johnson,29.0,SAS,PG,3.0,0.0,17.7,0.7,3.3,0.2,0.7,2.0,0.333,0.0,1.3,0.0,0.3,0.0,0.0,,0.7,1.3,2.0,1.7,0.7,0.7,0.3,1.0,2.0,,2022
226.0,Tyler Ulis,21.0,PHO,PG,61.0,15.0,18.4,3.0,7.2,0.421,0.3,1.3,0.266,2.7,5.9,0.455,0.445,0.9,1.2,0.775,0.3,1.2,1.6,3.7,0.8,0.1,1.3,1.2,7.3,,2017
234.0,Tyler Ulis,22.0,PHO,PG,71.0,43.0,23.4,3.0,7.8,0.388,0.6,2.1,0.288,2.4,5.7,0.425,0.426,1.2,1.4,0.832,0.3,1.5,1.8,4.4,1.0,0.1,1.8,1.7,7.8,,2018
149.0,Tyler Zeller,25.0,BOS,C,82.0,59.0,21.1,4.1,7.5,0.549,0.0,0.0,,4.1,7.5,0.549,0.549,1.9,2.3,0.823,1.8,3.9,5.7,1.4,0.2,0.6,0.9,2.5,10.2,,2015
270.0,Tyler Zeller,28.0,MIL,C,24.0,1.0,16.9,2.6,4.4,0.59,0.0,0.1,0.0,2.6,4.3,0.602,0.59,0.7,0.8,0.895,2.0,2.7,4.6,0.8,0.3,0.6,0.5,2.0,5.9,,2018
236.0,Tyler Zeller,29.0,MEM,C,4.0,1.0,20.5,4.0,7.0,0.571,0.0,0.0,,4.0,7.0,0.571,0.571,3.5,4.5,0.778,2.3,2.3,4.5,0.8,0.3,0.8,1.0,4.0,11.5,,2019
40.0,Tyreke Evans,25.0,NOP,SG,79.0,76.0,34.1,6.6,14.7,0.447,0.9,2.9,0.304,5.7,11.9,0.482,0.477,2.6,3.7,0.694,1.0,4.2,5.3,6.6,1.3,0.5,3.1,2.5,16.6,,2015
61.0,Tyreke Evans,26.0,NOP,SG,25.0,25.0,30.6,5.4,12.6,0.433,1.3,3.4,0.388,4.1,9.2,0.45,0.486,3.0,3.7,0.796,0.8,4.4,5.2,6.6,1.3,0.3,2.9,2.6,15.2,,2016
139.0,Tyreke Evans,27.0,SAC,SF,14.0,6.0,22.4,4.2,10.2,0.413,1.5,3.4,0.438,2.7,6.8,0.4,0.486,1.7,2.4,0.706,0.5,3.1,3.6,2.4,0.9,0.4,1.6,1.4,11.6,,2017
30.0,Tyreke Evans,28.0,MEM,PG,52.0,32.0,30.9,7.0,15.6,0.452,2.2,5.5,0.399,4.8,10.1,0.482,0.523,3.2,4.0,0.785,0.8,4.3,5.1,5.2,1.1,0.3,2.3,1.8,19.4,,2018
169.0,Tyreke Evans,29.0,IND,SG,69.0,18.0,20.3,3.7,9.6,0.389,1.1,3.1,0.356,2.6,6.4,0.405,0.448,1.7,2.3,0.719,0.5,2.4,2.9,2.4,0.8,0.3,1.7,1.7,10.2,,2019
121.0,Tyrese Haliburton,20.0,SAC,PG,58.0,20.0,30.1,5.0,10.7,0.472,2.1,5.1,0.409,2.9,5.6,0.529,0.569,0.8,1.0,0.857,0.7,2.3,3.0,5.3,1.3,0.5,1.6,1.4,13.0,,2021
85.0,Tyrese Haliburton,21.0,SAC,SG,51.0,51.0,34.5,5.3,11.5,0.457,2.0,4.9,0.413,3.2,6.5,0.491,0.546,1.7,2.0,0.837,0.8,3.1,3.9,7.4,1.7,0.7,2.3,1.4,14.3,,2022
47.0,Tyrese Haliburton,22.0,IND,PG,56.0,56.0,33.6,7.4,15.0,0.49,2.9,7.2,0.4,4.5,7.8,0.572,0.586,3.1,3.6,0.871,0.6,3.1,3.7,10.4,1.6,0.4,2.5,1.2,20.7,,2023
48.0,Tyrese Haliburton,23.0,IND,PG,69.0,68.0,32.2,7.2,15.2,0.477,2.8,7.8,0.364,4.4,7.4,0.595,0.57,2.8,3.3,0.855,0.5,3.4,3.9,10.9,1.2,0.7,2.3,1.1,20.1,,2024
62.0,Tyrese Haliburton,24.0,IND,PG,73.0,73.0,33.6,6.5,13.8,0.473,3.0,7.7,0.388,3.5,6.1,0.581,0.582,2.6,3.0,0.851,0.6,3.0,3.5,9.2,1.4,0.7,1.6,1.3,18.6,,2025
245.0,Tyrese Martin,25.0,BRK,SG,60.0,11.0,21.9,3.2,7.8,0.406,1.7,4.7,0.351,1.5,3.1,0.492,0.513,0.8,1.0,0.793,1.0,2.7,3.7,2.0,0.6,0.2,1.2,1.3,8.7,,2025
243.0,Tyrese Maxey,20.0,PHI,SG,61.0,8.0,15.3,3.2,7.0,0.462,0.5,1.7,0.301,2.7,5.3,0.512,0.498,1.0,1.1,0.871,0.2,1.5,1.7,2.0,0.4,0.2,0.7,1.3,8.0,,2021
58.0,Tyrese Maxey,21.0,PHI,PG,75.0,74.0,35.3,6.4,13.3,0.485,1.8,4.1,0.427,4.7,9.1,0.512,0.552,2.8,3.3,0.866,0.3,2.9,3.2,4.3,0.7,0.4,1.2,2.1,17.5,,2022
52.0,Tyrese Maxey,22.0,PHI,SG,60.0,41.0,33.6,7.3,15.2,0.481,2.7,6.2,0.434,4.7,9.1,0.513,0.568,3.0,3.6,0.845,0.4,2.6,2.9,3.5,0.8,0.1,1.3,2.2,20.3,,2023
14.0,Tyrese Maxey,23.0,PHI,PG,70.0,70.0,37.5,9.1,20.3,0.45,3.0,8.1,0.373,6.1,12.1,0.501,0.524,4.7,5.4,0.868,0.5,3.2,3.7,6.2,1.0,0.5,1.7,2.2,25.9,,2024
8.0,Tyrese Maxey,24.0,PHI,PG,52.0,52.0,37.7,9.2,21.0,0.437,3.1,9.2,0.337,6.1,11.8,0.515,0.511,4.9,5.6,0.879,0.3,3.1,3.3,6.1,1.8,0.4,2.4,2.2,26.3,,2025
177.0,Tyrone Wallace,23.0,LAC,PG,30.0,19.0,28.4,3.7,8.2,0.445,0.3,1.3,0.25,3.3,6.9,0.483,0.466,2.0,2.6,0.782,0.7,2.8,3.5,2.4,0.9,0.4,1.5,2.8,9.7,,2018
143.0,Tyson Chandler,32.0,DAL,C,75.0,75.0,30.5,3.9,5.9,0.666,0.0,0.0,,3.9,5.9,0.666,0.666,2.5,3.4,0.72,3.9,7.6,11.5,1.1,0.6,1.2,1.4,2.3,10.3,,2015
231.0,Tyson Chandler,33.0,PHO,C,66.0,60.0,24.5,2.8,4.8,0.583,0.0,0.0,0.0,2.8,4.7,0.585,0.583,1.6,2.6,0.62,2.7,6.1,8.7,1.0,0.5,0.7,1.4,2.2,7.2,,2016
193.0,Tyson Chandler,34.0,PHO,C,47.0,46.0,27.6,3.3,4.9,0.671,0.0,0.0,,3.3,4.9,0.671,0.671,1.9,2.6,0.734,3.3,8.2,11.5,0.6,0.7,0.5,1.4,2.7,8.4,,2017
281.0,Tyson Chandler,35.0,PHO,C,46.0,46.0,25.0,2.6,4.1,0.647,0.0,0.0,,2.6,4.1,0.647,0.647,1.3,2.0,0.624,2.9,6.2,9.1,1.2,0.3,0.6,1.3,2.3,6.5,,2018
266.0,Tyson Etienne,25.0,BRK,PG,7.0,0.0,21.6,2.4,7.4,0.327,1.9,6.3,0.295,0.6,1.1,0.5,0.452,1.1,1.4,0.8,0.4,0.9,1.3,1.7,0.4,0.1,1.1,2.4,7.9,,2025
350.0,Tyus Jones,19.0,MIN,PG,37.0,0.0,15.5,1.5,4.2,0.359,0.4,1.4,0.302,1.1,2.8,0.388,0.41,0.8,1.1,0.718,0.2,1.1,1.3,2.9,0.8,0.1,0.9,0.9,4.2,,2016
342.0,Tyus Jones,21.0,MIN,PG,82.0,11.0,17.9,1.8,4.0,0.457,0.5,1.6,0.349,1.3,2.4,0.528,0.526,0.9,1.0,0.877,0.2,1.4,1.6,2.8,1.2,0.1,0.7,1.3,5.1,,2018
275.0,Tyus Jones,22.0,MIN,PG,68.0,23.0,22.9,2.7,6.6,0.415,0.6,1.9,0.317,2.1,4.7,0.453,0.46,0.9,1.0,0.841,0.3,1.6,2.0,4.8,1.2,0.1,0.7,1.1,6.9,,2019
252.0,Tyus Jones,23.0,MEM,PG,65.0,6.0,19.0,3.0,6.6,0.459,0.7,1.9,0.379,2.3,4.7,0.492,0.514,0.7,0.9,0.741,0.1,1.4,1.6,4.4,0.9,0.1,0.8,0.7,7.4,,2020
319.0,Tyus Jones,24.0,MEM,PG,70.0,9.0,17.5,2.5,5.9,0.431,0.6,2.0,0.321,1.9,3.9,0.487,0.485,0.6,0.6,0.911,0.3,1.7,2.0,3.7,0.9,0.1,0.7,0.4,6.3,,2021
226.0,Tyus Jones,25.0,MEM,PG,73.0,23.0,21.2,3.4,7.6,0.451,1.1,2.8,0.39,2.3,4.8,0.487,0.524,0.7,0.9,0.818,0.2,2.2,2.4,4.4,0.9,0.0,0.6,0.4,8.7,,2022
166.0,Tyus Jones,26.0,MEM,PG,80.0,22.0,24.3,3.9,8.9,0.438,1.5,4.1,0.371,2.4,4.8,0.495,0.523,1.0,1.3,0.8,0.4,2.2,2.5,5.2,1.0,0.1,0.9,0.4,10.3,,2023
140.0,Tyus Jones,27.0,WAS,PG,66.0,66.0,29.3,4.9,10.1,0.489,1.6,3.9,0.414,3.3,6.2,0.537,0.569,0.5,0.6,0.8,0.3,2.4,2.7,7.3,1.1,0.3,1.0,0.7,12.0,,2024
183.0,Tyus Jones,28.0,PHO,PG,81.0,58.0,26.8,3.8,8.4,0.448,2.0,5.0,0.414,1.7,3.5,0.496,0.57,0.6,0.7,0.895,0.5,1.9,2.4,5.3,0.9,0.1,1.1,0.8,10.2,,2025
359.0,Udonis Haslem,34.0,MIA,PF,62.0,25.0,16.0,1.7,3.9,0.448,0.0,0.2,0.2,1.7,3.7,0.459,0.452,0.7,1.0,0.703,1.1,3.0,4.2,0.7,0.3,0.2,0.7,1.8,4.2,,2015
133.0,Vander Blue,22.0,LAL,SG,2.0,1.0,37.0,4.5,15.0,0.3,1.0,5.0,0.2,3.5,10.0,0.35,0.333,1.0,2.5,0.4,1.0,3.5,4.5,4.0,1.5,0.0,3.0,2.0,11.0,,2015
26.0,Victor Oladipo,22.0,ORL,SG,72.0,71.0,35.7,6.6,15.1,0.436,1.2,3.4,0.339,5.4,11.6,0.464,0.474,3.6,4.4,0.819,0.7,3.5,4.2,4.1,1.7,0.3,2.8,2.6,17.9,,2015
52.0,Victor Oladipo,23.0,ORL,SG,72.0,52.0,33.0,5.9,13.5,0.438,1.4,3.9,0.348,4.5,9.6,0.475,0.489,2.8,3.4,0.83,0.7,4.1,4.8,3.9,1.6,0.8,2.1,2.4,16.0,,2016
55.0,Victor Oladipo,24.0,OKC,SG,67.0,67.0,33.2,6.1,13.9,0.442,1.9,5.3,0.361,4.3,8.7,0.491,0.51,1.7,2.3,0.753,0.6,3.8,4.3,2.6,1.2,0.3,1.8,2.3,15.9,,2017
13.0,Victor Oladipo,25.0,IND,SG,75.0,75.0,34.0,8.5,17.9,0.477,2.1,5.8,0.371,6.4,12.1,0.528,0.537,3.9,4.9,0.799,0.6,4.6,5.2,4.3,2.4,0.8,2.9,2.3,23.1,,2018
39.0,Victor Oladipo,26.0,IND,SG,36.0,36.0,31.9,6.9,16.3,0.423,2.1,6.0,0.343,4.9,10.3,0.47,0.486,2.9,3.9,0.73,0.6,5.0,5.6,5.2,1.7,0.3,2.3,2.0,18.8,,2019
95.0,Victor Oladipo,27.0,IND,SG,19.0,16.0,27.8,5.1,12.9,0.394,1.7,5.5,0.317,3.4,7.5,0.451,0.461,2.5,3.1,0.814,0.5,3.5,3.9,2.9,0.9,0.2,2.5,1.9,14.5,,2020
44.0,Victor Oladipo,28.0,MIA,SG,4.0,4.0,27.8,4.0,10.8,0.372,1.0,4.3,0.235,3.0,6.5,0.462,0.419,3.0,4.5,0.667,0.8,2.8,3.5,3.5,1.8,0.5,3.5,3.3,12.0,,2021
128.0,Victor Oladipo,29.0,MIA,SG,8.0,1.0,21.6,4.4,9.1,0.479,1.9,4.5,0.417,2.5,4.6,0.541,0.582,1.8,2.4,0.737,0.4,2.5,2.9,3.5,0.6,0.1,2.0,1.6,12.4,,2022
160.0,Victor Oladipo,30.0,MIA,SG,42.0,2.0,26.3,3.8,9.6,0.397,1.7,5.0,0.33,2.1,4.5,0.471,0.484,1.4,1.9,0.747,0.4,2.7,3.0,3.5,1.4,0.3,2.1,2.4,10.7,,2023
39.0,Victor Wembanyama,20.0,SAS,C,71.0,71.0,29.7,7.8,16.7,0.465,1.8,5.5,0.325,6.0,11.2,0.534,0.519,4.1,5.2,0.796,2.3,8.4,10.6,3.9,1.2,3.6,3.7,2.2,21.4,,2024
21.0,Victor Wembanyama,21.0,SAS,C,46.0,46.0,33.2,8.9,18.6,0.476,3.1,8.8,0.352,5.8,9.9,0.586,0.559,3.4,4.1,0.836,1.8,9.2,11.0,3.7,1.1,3.8,3.2,2.3,24.3,,2025
286.0,Vince Carter,38.0,MEM,SG,66.0,1.0,16.5,2.0,6.2,0.333,1.0,3.5,0.297,1.0,2.6,0.379,0.417,0.7,0.9,0.789,0.4,1.6,2.0,1.2,0.7,0.2,0.7,1.5,5.8,,2015
254.0,Vince Carter,39.0,MEM,SG,60.0,3.0,16.8,2.2,5.7,0.388,1.0,2.8,0.349,1.2,2.9,0.425,0.474,1.2,1.4,0.833,0.5,1.9,2.4,0.9,0.6,0.3,0.6,1.7,6.6,,2016
204.0,Vince Carter,40.0,MEM,SF,73.0,15.0,24.6,2.6,6.7,0.394,1.5,4.1,0.378,1.1,2.7,0.418,0.508,1.2,1.6,0.765,0.5,2.6,3.1,1.8,0.8,0.5,0.7,2.2,8.0,,2017
326.0,Vince Carter,41.0,SAC,SF,58.0,4.0,17.7,2.0,4.9,0.403,1.0,2.8,0.345,1.0,2.0,0.483,0.504,0.5,0.6,0.757,0.3,2.2,2.6,1.2,0.7,0.4,0.6,1.7,5.4,,2018
249.0,Vince Carter,42.0,ATL,PF,76.0,9.0,17.5,2.6,6.2,0.419,1.6,4.2,0.389,1.0,2.0,0.48,0.55,0.6,0.9,0.712,0.4,2.1,2.6,1.1,0.6,0.4,0.6,1.9,7.4,,2019
184.0,Vince Williams Jr.,23.0,MEM,SG,52.0,33.0,27.6,3.3,7.3,0.446,1.5,4.0,0.378,1.7,3.3,0.529,0.55,2.0,2.5,0.8,1.1,4.4,5.6,3.4,0.9,0.7,1.8,2.6,10.0,,2024
317.0,Vince Williams Jr.,24.0,MEM,SG,27.0,5.0,18.5,2.5,6.2,0.401,1.0,3.5,0.274,1.5,2.7,0.569,0.479,0.7,0.9,0.792,0.8,2.8,3.6,2.0,0.4,0.3,1.2,1.7,6.6,,2025
332.0,Vit Krejci,21.0,OKC,SG,30.0,8.0,23.0,2.3,5.6,0.407,1.1,3.3,0.327,1.2,2.3,0.522,0.503,0.6,0.7,0.864,0.6,2.8,3.4,1.9,0.6,0.3,1.0,2.2,6.2,,2022
297.0,Vit Krejci,23.0,ATL,PG,22.0,14.0,24.6,2.3,4.7,0.49,1.3,3.1,0.412,1.0,1.6,0.639,0.625,0.2,0.3,0.833,0.5,1.9,2.4,2.3,0.6,0.3,0.9,2.2,6.1,,2024
287.0,Vit Krejci,24.0,ATL,PG,57.0,16.0,20.2,2.5,5.1,0.497,1.6,3.6,0.437,1.0,1.5,0.64,0.651,0.6,0.8,0.711,0.4,2.4,2.7,2.6,0.6,0.5,0.9,1.8,7.2,,2025
206.0,Walker Kessler,21.0,UTA,C,74.0,40.0,23.0,4.0,5.6,0.72,0.0,0.0,0.333,4.0,5.6,0.723,0.721,1.1,2.1,0.516,3.1,5.3,8.4,0.9,0.4,2.3,0.8,2.3,9.2,,2023
224.0,Walker Kessler,22.0,UTA,C,64.0,22.0,23.3,3.6,5.5,0.654,0.1,0.3,0.211,3.5,5.2,0.68,0.66,0.9,1.5,0.602,2.6,4.9,7.5,0.9,0.5,2.4,1.0,2.1,8.1,,2024
158.0,Walker Kessler,23.0,UTA,C,58.0,58.0,30.0,4.8,7.2,0.663,0.1,0.6,0.176,4.7,6.6,0.706,0.671,1.4,2.6,0.52,4.6,7.6,12.2,1.7,0.6,2.4,1.5,2.2,11.1,,2025
88.0,Walt Lemon Jr.,26.0,CHI,PG,6.0,3.0,27.8,6.3,14.5,0.437,0.3,0.8,0.4,6.0,13.7,0.439,0.448,1.3,1.8,0.727,0.7,3.8,4.5,5.0,1.8,0.2,1.7,2.3,14.3,,2019
156.0,Wayne Ellington,27.0,LAL,SG,65.0,36.0,25.8,3.9,9.5,0.412,1.4,3.7,0.37,2.5,5.8,0.439,0.485,0.8,1.0,0.813,0.5,2.8,3.2,1.6,0.5,0.0,0.8,1.2,10.0,,2015
212.0,Wayne Ellington,28.0,BRK,SG,76.0,41.0,21.3,2.9,7.4,0.389,1.3,3.5,0.358,1.6,3.9,0.416,0.474,0.7,0.8,0.857,0.3,2.0,2.3,1.1,0.6,0.1,0.6,1.1,7.7,,2016
136.0,Wayne Ellington,29.0,MIA,SG,62.0,13.0,24.2,3.7,9.0,0.416,2.4,6.4,0.378,1.3,2.6,0.509,0.55,0.6,0.7,0.86,0.3,1.8,2.1,1.1,0.6,0.1,0.5,1.1,10.5,,2017
149.0,Wayne Ellington,30.0,MIA,SG,77.0,2.0,26.5,3.7,9.1,0.407,2.9,7.5,0.392,0.8,1.6,0.479,0.569,0.9,1.0,0.859,0.3,2.5,2.8,1.0,0.7,0.1,0.7,1.2,11.2,,2018
166.0,Wayne Ellington,31.0,MIA,SG,25.0,12.0,21.3,2.8,7.4,0.375,2.3,6.2,0.368,0.5,1.2,0.414,0.53,0.6,0.6,0.875,0.2,1.6,1.9,1.2,1.0,0.1,0.6,1.6,8.4,,2019
348.0,Wayne Ellington,32.0,NYK,SG,36.0,1.0,15.5,1.7,4.8,0.351,1.4,4.0,0.35,0.3,0.9,0.355,0.494,0.3,0.4,0.846,0.1,1.7,1.8,1.2,0.4,0.1,0.5,1.1,5.1,,2020
193.0,Wayne Ellington,33.0,DET,SG,46.0,31.0,22.0,3.2,7.3,0.441,2.5,6.0,0.422,0.7,1.4,0.524,0.612,0.6,0.8,0.8,0.3,1.6,1.8,1.5,0.4,0.2,0.7,1.3,9.6,,2021
308.0,Wayne Ellington,34.0,LAL,SG,43.0,9.0,18.8,2.3,5.5,0.414,1.9,4.9,0.389,0.4,0.6,0.615,0.586,0.2,0.3,0.818,0.2,1.6,1.8,0.7,0.5,0.1,0.4,1.0,6.7,,2022
321.0,Wayne Selden,22.0,NOP,SG,3.0,3.0,15.7,1.7,2.7,0.625,1.3,2.3,0.571,0.3,0.3,1.0,0.875,0.7,1.3,0.5,0.0,1.7,1.7,0.3,0.7,0.0,1.0,2.0,5.3,,2017
186.0,Wayne Selden,23.0,MEM,SG,35.0,9.0,19.8,3.3,7.7,0.431,1.4,3.5,0.402,1.9,4.2,0.456,0.522,1.3,1.7,0.746,0.5,1.1,1.6,1.9,0.5,0.1,1.5,1.7,9.3,,2018
167.0,Wendell Carter Jr.,19.0,CHI,C,44.0,44.0,25.2,4.1,8.4,0.485,0.1,0.7,0.188,4.0,7.7,0.513,0.493,2.0,2.5,0.795,2.0,5.0,7.0,1.8,0.6,1.3,1.5,3.5,10.3,,2019
143.0,Wendell Carter Jr.,20.0,CHI,C,43.0,43.0,29.2,4.3,8.0,0.534,0.1,0.7,0.207,4.1,7.3,0.564,0.542,2.6,3.5,0.737,3.2,6.2,9.4,1.2,0.8,0.8,1.7,3.8,11.3,,2020
156.0,Wendell Carter Jr.,21.0,ORL,C,22.0,19.0,26.5,4.6,9.3,0.493,0.3,1.3,0.241,4.3,8.0,0.534,0.51,2.2,3.1,0.721,2.8,6.0,8.8,1.6,0.8,0.8,1.3,2.3,11.7,,2021
89.0,Wendell Carter Jr.,22.0,ORL,PF,62.0,61.0,29.9,5.8,11.0,0.525,1.1,3.5,0.327,4.7,7.6,0.615,0.576,2.3,3.3,0.691,2.2,8.2,10.5,2.8,0.6,0.7,1.9,2.7,15.0,,2022
93.0,Wendell Carter Jr.,23.0,ORL,C,57.0,54.0,29.6,5.6,10.8,0.525,1.4,3.9,0.356,4.2,6.8,0.624,0.591,2.5,3.4,0.738,2.1,6.6,8.7,2.3,0.5,0.6,1.9,2.8,15.2,,2023
156.0,Wendell Carter Jr.,24.0,ORL,C,55.0,48.0,25.6,4.1,7.7,0.525,1.2,3.1,0.374,2.9,4.6,0.626,0.6,1.7,2.4,0.694,2.0,4.9,6.9,1.7,0.6,0.5,1.2,2.2,11.0,,2024
215.0,Wendell Carter Jr.,25.0,ORL,C,68.0,51.0,25.9,3.3,7.2,0.46,0.5,2.3,0.234,2.8,4.9,0.568,0.498,1.9,2.6,0.737,2.2,5.0,7.2,2.0,0.8,0.6,1.1,2.9,9.1,,2025
369.0,Wenyen Gabriel,24.0,LAL,PF,19.0,5.0,16.4,2.6,5.1,0.505,0.3,1.2,0.261,2.3,3.9,0.581,0.536,1.2,2.0,0.605,1.8,2.5,4.3,0.6,0.2,0.5,0.7,3.0,6.7,,2022
343.0,Wenyen Gabriel,25.0,LAL,C,68.0,2.0,15.1,2.3,3.8,0.596,0.1,0.5,0.278,2.1,3.3,0.647,0.615,0.8,1.2,0.619,1.7,2.5,4.2,0.5,0.4,0.5,0.7,2.1,5.5,,2023
431.0,Wenyen Gabriel,26.0,MEM,PF,5.0,0.0,16.2,1.6,4.4,0.364,0.2,1.2,0.167,1.4,3.2,0.438,0.386,0.0,1.0,0.0,1.4,3.6,5.0,0.6,0.4,0.4,1.6,2.0,3.4,,2024
406.0,Wes Iwundu,23.0,ORL,SF,62.0,12.0,16.5,1.5,3.5,0.427,0.1,0.7,0.196,1.4,2.8,0.488,0.447,0.5,0.8,0.723,0.6,1.6,2.2,0.9,0.5,0.2,0.5,1.3,3.7,,2018
357.0,Wes Iwundu,24.0,ORL,SF,68.0,13.0,18.1,1.7,4.0,0.412,0.4,1.2,0.367,1.2,2.9,0.431,0.465,1.2,1.5,0.816,0.5,2.2,2.7,1.1,0.4,0.3,0.6,1.8,5.0,,2019
319.0,Wes Iwundu,25.0,ORL,SF,52.0,21.0,18.3,1.9,4.5,0.416,0.5,1.6,0.341,1.3,2.9,0.457,0.476,1.5,1.9,0.804,0.5,2.1,2.5,1.2,0.5,0.3,0.5,1.5,5.8,,2020
286.0,Wes Iwundu,27.0,ATL,SF,3.0,1.0,27.3,2.7,6.0,0.444,1.0,1.7,0.6,1.7,4.3,0.385,0.528,1.0,1.3,0.75,1.0,3.3,4.3,0.0,0.3,0.0,0.3,2.7,7.3,,2022
159.0,Wesley Johnson,27.0,LAL,SF,76.0,59.0,29.5,3.8,9.1,0.414,1.2,3.4,0.351,2.6,5.7,0.451,0.48,1.2,1.5,0.804,0.9,3.3,4.2,1.6,0.8,0.6,1.1,2.1,9.9,,2015
247.0,Wesley Johnson,28.0,LAC,SF,80.0,9.0,20.8,2.6,6.4,0.404,1.3,3.9,0.333,1.3,2.6,0.51,0.504,0.4,0.6,0.652,0.5,2.6,3.1,0.6,1.1,0.7,0.7,2.2,6.9,,2016
330.0,Wesley Johnson,30.0,LAC,SF,74.0,40.0,20.1,2.0,5.0,0.408,0.8,2.4,0.339,1.2,2.6,0.471,0.489,0.6,0.8,0.741,0.4,2.5,2.9,0.8,1.0,0.8,0.7,2.0,5.4,,2018
51.0,Wesley Matthews,28.0,POR,SG,60.0,60.0,33.7,5.6,12.5,0.448,2.9,7.4,0.389,2.7,5.1,0.534,0.563,1.8,2.4,0.752,0.6,3.1,3.7,2.3,1.3,0.2,1.4,2.2,15.9,,2015
102.0,Wesley Matthews,29.0,DAL,SF,78.0,78.0,33.9,4.2,10.9,0.388,2.4,6.7,0.36,1.8,4.2,0.432,0.498,1.6,1.9,0.863,0.3,2.7,3.1,1.9,1.0,0.2,1.0,2.3,12.5,,2016
89.0,Wesley Matthews,30.0,DAL,SG,73.0,73.0,34.2,4.6,11.6,0.393,2.4,6.6,0.363,2.2,5.0,0.432,0.496,2.0,2.5,0.816,0.2,3.3,3.5,2.9,1.1,0.2,1.4,2.2,13.5,,2017
112.0,Wesley Matthews,31.0,DAL,SF,63.0,63.0,33.8,4.5,11.1,0.406,2.4,6.4,0.381,2.1,4.7,0.441,0.516,1.3,1.6,0.822,0.4,2.7,3.1,2.7,1.2,0.3,1.3,2.2,12.7,,2018
123.0,Wesley Matthews,32.0,NYK,SG,2.0,1.0,27.0,2.0,9.5,0.211,1.0,5.0,0.2,1.0,4.5,0.222,0.263,2.0,2.5,0.8,0.5,1.0,1.5,2.5,0.5,0.5,1.0,1.0,7.0,,2019
254.0,Wesley Matthews,33.0,MIL,SG,67.0,67.0,24.4,2.5,6.3,0.396,1.6,4.4,0.364,0.9,1.9,0.472,0.524,0.8,1.0,0.765,0.3,2.1,2.5,1.4,0.6,0.1,0.6,1.5,7.4,,2020
380.0,Wesley Matthews,34.0,LAL,SG,58.0,10.0,19.5,1.5,4.3,0.353,1.1,3.4,0.335,0.4,0.9,0.418,0.484,0.6,0.7,0.854,0.3,1.3,1.6,0.9,0.7,0.3,0.4,1.4,4.8,,2021
383.0,Wesley Matthews,35.0,MIL,SG,49.0,14.0,20.4,1.8,4.5,0.395,1.1,3.2,0.338,0.7,1.3,0.54,0.516,0.4,0.6,0.786,0.6,1.3,1.9,0.7,0.5,0.2,0.4,1.8,5.1,,2022
441.0,Wesley Matthews,36.0,MIL,SF,52.0,0.0,15.8,1.1,3.1,0.363,0.8,2.4,0.315,0.4,0.7,0.528,0.484,0.5,0.5,0.857,0.7,1.5,2.2,0.7,0.4,0.3,0.3,1.4,3.4,,2023
69.0,Will Barton,25.0,DEN,SG,82.0,1.0,28.7,5.2,12.0,0.432,1.4,4.0,0.345,3.8,8.0,0.476,0.489,2.6,3.3,0.806,0.7,5.1,5.8,2.5,0.9,0.5,1.7,1.8,14.4,,2016
84.0,Will Barton,26.0,DEN,SG,60.0,19.0,28.4,4.9,11.1,0.443,1.5,3.9,0.37,3.5,7.2,0.483,0.508,2.4,3.2,0.753,1.0,3.4,4.3,3.4,0.8,0.5,1.6,1.8,13.7,,2017
62.0,Will Barton,27.0,DEN,SG,81.0,40.0,33.1,5.7,12.7,0.452,1.9,5.2,0.37,3.8,7.5,0.51,0.528,2.2,2.8,0.805,0.9,4.2,5.0,4.1,1.0,0.6,1.8,2.1,15.7,,2018
135.0,Will Barton,28.0,DEN,SF,43.0,38.0,27.7,4.3,10.7,0.402,1.6,4.6,0.342,2.7,6.1,0.447,0.475,1.3,1.7,0.77,0.7,3.9,4.6,2.9,0.4,0.5,1.5,1.9,11.5,,2019
85.0,Will Barton,29.0,DEN,SF,58.0,58.0,33.0,5.7,12.7,0.45,1.9,5.0,0.375,3.9,7.8,0.498,0.523,1.8,2.3,0.767,1.3,5.0,6.3,3.7,1.1,0.5,1.5,2.1,15.1,,2020
129.0,Will Barton,30.0,DEN,SF,56.0,52.0,31.0,4.6,10.9,0.426,1.8,4.6,0.381,2.9,6.3,0.459,0.507,1.7,2.2,0.785,0.7,3.3,4.0,3.2,0.9,0.4,1.7,1.7,12.7,,2021
97.0,Will Barton,31.0,DEN,SG,71.0,71.0,32.1,5.5,12.6,0.438,2.2,6.1,0.365,3.3,6.6,0.504,0.525,1.4,1.8,0.803,0.6,4.2,4.8,3.9,0.8,0.4,1.8,1.6,14.7,,2022
283.0,Will Barton,32.0,WAS,SG,40.0,0.0,19.6,2.8,7.1,0.386,1.3,3.5,0.377,1.5,3.7,0.395,0.477,0.9,1.1,0.778,0.3,2.5,2.8,2.4,0.4,0.3,1.1,1.0,7.7,,2023
240.0,Willie Cauley-Stein,22.0,SAC,C,66.0,39.0,21.4,2.9,5.1,0.563,0.0,0.0,0.0,2.9,5.1,0.567,0.563,1.2,1.9,0.648,2.0,3.3,5.3,0.6,0.7,1.0,0.7,2.2,7.0,,2016
200.0,Willie Cauley-Stein,23.0,SAC,C,75.0,21.0,18.9,3.4,6.4,0.53,0.0,0.0,0.0,3.4,6.4,0.532,0.53,1.3,2.0,0.669,1.1,3.4,4.5,1.1,0.7,0.6,0.9,2.0,8.1,,2017
110.0,Willie Cauley-Stein,24.0,SAC,C,73.0,57.0,28.0,5.3,10.6,0.502,0.0,0.2,0.25,5.3,10.4,0.506,0.504,2.1,3.4,0.619,1.8,5.2,7.0,2.4,1.1,0.9,1.5,2.5,12.8,,2018
128.0,Willie Cauley-Stein,25.0,SAC,C,81.0,81.0,27.3,5.1,9.1,0.556,0.0,0.0,0.5,5.1,9.1,0.556,0.557,1.7,3.1,0.551,2.2,6.1,8.4,2.4,1.2,0.6,1.0,2.8,11.9,,2019
259.0,Willie Cauley-Stein,26.0,GSW,C,41.0,37.0,22.9,3.5,6.3,0.56,0.0,0.0,,3.5,6.3,0.56,0.56,0.9,1.4,0.614,1.7,4.5,6.2,1.5,1.1,1.2,0.9,2.5,7.9,,2020
355.0,Willie Cauley-Stein,27.0,DAL,C,53.0,16.0,17.1,2.2,3.4,0.632,0.0,0.2,0.091,2.2,3.2,0.667,0.635,0.9,1.5,0.628,1.2,3.2,4.5,0.7,0.4,0.8,0.5,2.4,5.3,,2021
282.0,Willie Green,33.0,ORL,SG,52.0,2.0,18.3,2.3,5.9,0.386,0.8,2.3,0.347,1.5,3.6,0.411,0.454,0.5,0.7,0.824,0.3,1.3,1.5,1.3,0.5,0.1,0.9,1.6,5.9,,2015
197.0,Willy Hernangómez,22.0,NYK,C,72.0,22.0,18.4,3.4,6.5,0.529,0.1,0.2,0.267,3.4,6.3,0.538,0.533,1.3,1.7,0.728,2.4,4.6,7.0,1.3,0.6,0.5,1.4,2.1,8.2,,2017
248.0,Willy Hernangómez,26.0,NOP,C,47.0,12.0,18.0,3.2,5.7,0.563,0.0,0.2,0.1,3.2,5.5,0.581,0.565,1.3,2.0,0.667,2.5,4.6,7.1,1.1,0.5,0.5,0.7,1.4,7.8,,2021
211.0,Willy Hernangómez,27.0,NOP,C,50.0,8.0,16.8,3.4,6.5,0.52,0.1,0.2,0.333,3.3,6.3,0.527,0.526,2.2,2.8,0.773,2.9,3.9,6.8,1.3,0.4,0.4,1.0,1.9,9.1,,2022
78.0,Wilson Chandler,27.0,DEN,SF,78.0,75.0,31.7,5.4,12.5,0.429,1.8,5.2,0.342,3.6,7.3,0.49,0.5,1.4,1.8,0.775,1.2,4.9,6.1,1.7,0.7,0.4,1.4,3.0,13.9,,2015
57.0,Wilson Chandler,29.0,DEN,SF,71.0,33.0,30.9,6.1,13.2,0.461,1.5,4.6,0.337,4.5,8.6,0.527,0.52,2.0,2.7,0.727,1.5,5.0,6.5,2.0,0.7,0.4,1.6,2.4,15.7,,2017
171.0,Wilson Chandler,30.0,DEN,SF,74.0,71.0,31.7,3.8,8.5,0.445,1.2,3.3,0.358,2.6,5.2,0.501,0.515,1.2,1.5,0.772,1.4,4.0,5.4,2.1,0.6,0.5,1.2,2.1,10.0,,2018
312.0,Wilson Chandler,31.0,PHI,PF,36.0,32.0,26.4,2.5,5.8,0.44,1.3,3.3,0.39,1.3,2.5,0.506,0.551,0.4,0.5,0.722,1.2,3.4,4.7,2.0,0.6,0.5,1.1,2.6,6.7,,2019
312.0,Wilson Chandler,32.0,BRK,PF,35.0,3.0,21.0,2.1,5.2,0.404,1.1,3.5,0.306,1.1,1.8,0.597,0.505,0.6,0.7,0.87,0.3,3.8,4.1,1.1,0.5,0.3,1.0,2.3,5.9,,2020
296.0,Xavier Munford,23.0,MEM,SG,14.0,0.0,17.4,2.3,5.5,0.416,0.6,1.6,0.391,1.6,3.9,0.426,0.474,0.5,1.0,0.5,0.2,2.0,2.2,1.6,0.9,0.2,1.1,1.8,5.7,,2016
312.0,Xavier Rathan-Mayes,23.0,MEM,SG,5.0,0.0,23.6,2.4,8.4,0.286,0.2,2.8,0.071,2.2,5.6,0.393,0.298,0.8,1.8,0.444,0.0,1.0,1.0,3.6,1.2,0.6,2.2,3.6,5.8,,2018
308.0,Xavier Tillman Sr.,22.0,MEM,PF,59.0,12.0,18.4,2.8,5.1,0.559,0.4,1.1,0.338,2.5,4.0,0.62,0.595,0.6,0.9,0.642,1.3,3.1,4.3,1.3,0.7,0.6,0.8,2.0,6.6,,2021
274.0,Xavier Tillman Sr.,24.0,MEM,C,61.0,29.0,19.3,3.1,5.0,0.614,0.1,0.2,0.267,3.0,4.8,0.632,0.621,0.8,1.5,0.551,2.0,3.0,5.0,1.6,1.0,0.5,0.7,1.6,7.0,,2023
328.0,Xavier Tillman Sr.,25.0,MEM,C,34.0,13.0,20.6,2.6,6.3,0.408,0.4,1.6,0.226,2.2,4.7,0.469,0.437,0.5,1.3,0.419,1.6,3.0,4.6,1.7,1.2,1.0,0.9,1.8,6.0,,2024
148.0,Yogi Ferrell,23.0,DAL,PG,36.0,29.0,29.1,3.9,9.6,0.412,1.7,4.1,0.403,2.3,5.4,0.418,0.499,1.8,2.0,0.877,0.4,2.3,2.8,4.3,1.1,0.2,1.6,2.2,11.3,,2017
166.0,Yogi Ferrell,24.0,DAL,SG,82.0,21.0,27.8,3.8,8.9,0.426,1.6,4.4,0.373,2.2,4.5,0.477,0.518,1.0,1.3,0.796,0.3,2.7,3.0,2.5,0.8,0.1,1.0,1.9,10.2,,2018
318.0,Yogi Ferrell,25.0,SAC,PG,71.0,3.0,15.0,2.2,5.0,0.435,0.8,2.1,0.362,1.4,2.9,0.488,0.511,0.8,0.9,0.896,0.2,1.4,1.5,1.9,0.5,0.1,0.6,0.9,5.9,,2019
340.0,Yuta Watanabe,28.0,BRK,SF,58.0,1.0,16.0,2.0,4.0,0.491,1.0,2.3,0.444,0.9,1.7,0.557,0.621,0.6,0.8,0.723,0.5,1.9,2.4,0.8,0.4,0.3,0.4,1.4,5.6,,2023
220.0,Yves Missi,20.0,NOP,C,73.0,67.0,26.8,3.7,6.7,0.547,0.0,0.0,0.0,3.7,6.7,0.548,0.547,1.7,2.8,0.623,3.5,4.7,8.2,1.4,0.5,1.3,1.1,2.0,9.1,,2025
131.0,Zaccharie Risacher,19.0,ATL,SF,75.0,73.0,24.6,4.8,10.4,0.458,1.6,4.6,0.355,3.1,5.8,0.54,0.537,1.4,2.0,0.711,1.1,2.4,3.6,1.2,0.7,0.5,1.2,2.0,12.6,,2025
372.0,Zach Collins,20.0,POR,C,66.0,1.0,15.8,1.7,4.4,0.398,0.5,1.7,0.31,1.2,2.7,0.455,0.458,0.4,0.6,0.643,0.7,2.7,3.3,0.8,0.3,0.5,0.9,2.0,4.4,,2018
288.0,Zach Collins,21.0,POR,C,77.0,0.0,17.6,2.5,5.2,0.473,0.5,1.6,0.331,1.9,3.6,0.534,0.523,1.2,1.6,0.746,1.4,2.8,4.2,0.9,0.3,0.9,1.0,2.3,6.6,,2019
265.0,Zach Collins,22.0,POR,PF,11.0,11.0,26.4,2.9,6.2,0.471,0.6,1.7,0.368,2.3,4.5,0.51,0.522,0.5,0.7,0.75,2.3,4.0,6.3,1.5,0.5,0.5,1.3,3.3,7.0,,2020
262.0,Zach Collins,24.0,SAS,C,28.0,4.0,17.9,2.7,5.5,0.49,0.5,1.5,0.341,2.2,4.1,0.544,0.535,1.9,2.3,0.8,1.6,3.8,5.5,2.2,0.5,0.8,1.6,2.4,7.8,,2022
142.0,Zach Collins,25.0,SAS,C,63.0,26.0,22.9,4.5,8.7,0.518,0.9,2.3,0.374,3.6,6.4,0.571,0.568,1.7,2.3,0.761,1.8,4.5,6.4,2.9,0.6,0.8,2.0,3.2,11.6,,2023
151.0,Zach Collins,26.0,SAS,C,69.0,29.0,22.1,4.3,8.9,0.484,0.8,2.6,0.32,3.5,6.3,0.552,0.531,1.8,2.3,0.753,1.7,3.7,5.4,2.8,0.5,0.8,1.9,3.0,11.2,,2024
214.0,Zach Edey,22.0,MEM,C,66.0,55.0,21.5,3.8,6.6,0.58,0.3,0.8,0.346,3.5,5.8,0.612,0.6,1.4,1.9,0.709,3.5,4.8,8.3,1.0,0.5,1.3,1.3,2.8,9.2,,2025
154.0,Zach LaVine,19.0,MIN,PG,77.0,40.0,24.7,3.7,8.8,0.422,0.7,2.2,0.341,3.0,6.6,0.449,0.465,1.9,2.3,0.842,0.4,2.4,2.8,3.6,0.7,0.1,2.5,2.1,10.1,,2015
80.0,Zach LaVine,20.0,MIN,SG,82.0,33.0,28.0,5.3,11.7,0.452,1.5,3.9,0.389,3.8,7.8,0.482,0.516,2.0,2.5,0.793,0.3,2.5,2.8,3.1,0.8,0.2,1.9,2.4,14.0,,2016
37.0,Zach LaVine,21.0,MIN,SG,47.0,47.0,37.2,6.9,15.1,0.459,2.6,6.6,0.387,4.4,8.5,0.515,0.544,2.5,3.0,0.836,0.4,3.0,3.4,3.0,0.9,0.2,1.8,2.2,18.9,,2017
51.0,Zach LaVine,22.0,CHI,SG,24.0,24.0,27.3,5.7,14.8,0.383,1.8,5.1,0.341,3.9,9.7,0.405,0.442,3.6,4.5,0.813,0.4,3.5,3.9,3.0,1.0,0.2,1.8,2.3,16.7,,2018
18.0,Zach LaVine,23.0,CHI,SG,63.0,62.0,34.5,8.4,18.0,0.467,1.9,5.1,0.374,6.5,12.9,0.504,0.52,5.0,6.0,0.832,0.6,4.0,4.7,4.5,1.0,0.4,3.4,2.2,23.7,,2019
13.0,Zach LaVine,24.0,CHI,SF,60.0,60.0,34.8,9.0,20.0,0.45,3.1,8.1,0.38,5.9,11.9,0.497,0.526,4.5,5.6,0.802,0.7,4.1,4.8,4.2,1.5,0.5,3.4,2.2,25.5,,2020
7.0,Zach LaVine,25.0,CHI,SG,58.0,58.0,35.1,9.8,19.4,0.507,3.4,8.2,0.419,6.4,11.1,0.571,0.596,4.4,5.1,0.849,0.6,4.4,5.0,4.9,0.8,0.5,3.5,2.4,27.4,,2021
17.0,Zach LaVine,26.0,CHI,SG,67.0,67.0,34.7,8.4,17.7,0.476,2.8,7.1,0.389,5.7,10.6,0.534,0.554,4.8,5.6,0.853,0.3,4.3,4.6,4.5,0.6,0.3,2.6,1.8,24.4,,2022
21.0,Zach LaVine,27.0,CHI,SG,77.0,77.0,35.9,8.7,18.0,0.485,2.6,7.1,0.375,6.1,11.0,0.556,0.558,4.7,5.6,0.848,0.5,3.9,4.5,4.2,0.9,0.2,2.5,2.1,24.8,,2023
56.0,Zach LaVine,28.0,CHI,SG,25.0,23.0,34.9,6.8,15.0,0.452,2.4,6.8,0.349,4.4,8.3,0.536,0.531,3.5,4.1,0.854,0.3,4.8,5.2,3.9,0.8,0.3,2.1,2.3,19.5,,2024
29.0,Zach LaVine,29.0,SAC,SG,32.0,32.0,36.6,8.2,16.0,0.511,3.2,7.2,0.446,5.0,8.8,0.564,0.611,2.8,3.2,0.874,0.3,3.2,3.5,3.8,0.6,0.1,2.7,1.8,22.4,,2025
49.0,Zach Randolph,33.0,MEM,PF,71.0,71.0,32.5,6.4,13.1,0.487,0.1,0.3,0.35,6.3,12.8,0.49,0.491,3.2,4.2,0.765,3.2,7.4,10.5,2.2,1.0,0.2,2.2,2.5,16.1,,2015
58.0,Zach Randolph,34.0,MEM,PF,68.0,53.0,29.6,6.3,13.3,0.475,0.1,0.4,0.231,6.3,13.0,0.482,0.479,2.5,3.2,0.796,2.6,5.1,7.8,2.1,0.6,0.2,1.5,2.1,15.3,,2016
76.0,Zach Randolph,35.0,MEM,PF,73.0,5.0,24.5,5.9,13.2,0.449,0.3,1.3,0.223,5.6,11.9,0.474,0.46,1.9,2.6,0.731,2.5,5.7,8.2,1.7,0.5,0.1,1.4,1.9,14.1,,2017
77.0,Zach Randolph,36.0,SAC,PF,59.0,58.0,25.6,6.1,12.9,0.473,0.9,2.5,0.347,5.3,10.4,0.503,0.507,1.4,1.8,0.785,1.6,5.1,6.7,2.2,0.7,0.2,2.0,2.0,14.5,,2018
155.0,Zavier Simpson,24.0,OKC,PG,4.0,4.0,43.5,4.8,13.0,0.365,0.3,2.0,0.125,4.5,11.0,0.409,0.375,1.3,1.3,1.0,0.5,4.8,5.3,7.5,1.3,1.0,2.5,3.8,11.0,,2022
300.0,Zavier Simpson,26.0,MEM,PG,7.0,0.0,23.0,2.4,7.7,0.315,0.7,2.4,0.294,1.7,5.3,0.324,0.361,0.4,0.6,0.75,0.6,2.3,2.9,3.6,1.0,0.4,1.4,1.6,6.0,,2024
201.0,Zaza Pachulia,30.0,MIL,C,73.0,45.0,23.7,3.3,7.2,0.454,0.0,0.0,0.0,3.3,7.2,0.456,0.454,1.7,2.2,0.788,2.7,4.2,6.8,2.4,1.1,0.3,1.8,2.3,8.3,,2015
191.0,Zaza Pachulia,31.0,DAL,C,76.0,69.0,26.4,2.9,6.2,0.466,0.0,0.0,0.0,2.9,6.1,0.469,0.466,2.8,3.6,0.768,3.3,6.2,9.4,1.7,0.8,0.3,1.6,2.4,8.6,,2016
282.0,Zaza Pachulia,32.0,GSW,C,70.0,70.0,18.1,2.3,4.4,0.534,0.0,0.0,0.0,2.3,4.4,0.538,0.534,1.4,1.8,0.778,2.0,3.9,5.9,1.9,0.8,0.5,1.2,2.4,6.1,,2017
312.0,Zeke Nnaji,21.0,DEN,PF,41.0,1.0,17.0,2.3,4.5,0.516,0.9,2.0,0.463,1.4,2.6,0.557,0.616,1.0,1.6,0.631,1.4,2.2,3.6,0.4,0.4,0.3,0.6,1.9,6.6,,2022
286.0,Zhaire Smith,19.0,PHI,SG,6.0,2.0,18.5,2.3,5.7,0.412,1.0,2.7,0.375,1.3,3.0,0.444,0.5,1.0,1.3,0.75,0.5,1.7,2.2,1.7,0.3,0.3,1.0,1.3,6.7,,2019
254.0,Ziaire Williams,20.0,MEM,SF,62.0,31.0,21.7,3.1,6.8,0.45,1.2,3.9,0.314,1.9,2.9,0.632,0.54,0.7,0.9,0.782,0.4,1.7,2.1,1.0,0.6,0.2,0.7,1.8,8.1,,2022
332.0,Ziaire Williams,21.0,MEM,SF,37.0,4.0,15.2,2.3,5.3,0.429,0.7,2.6,0.258,1.6,2.7,0.596,0.492,0.5,0.6,0.773,0.4,1.7,2.1,0.9,0.4,0.2,1.0,1.6,5.7,,2023
222.0,Ziaire Williams,22.0,MEM,SF,51.0,15.0,20.4,2.9,7.4,0.397,1.1,3.7,0.307,1.8,3.7,0.487,0.474,1.2,1.5,0.827,0.7,2.8,3.5,1.5,0.7,0.2,1.3,1.7,8.2,,2024
192.0,Ziaire Williams,23.0,BRK,SF,63.0,45.0,24.5,3.4,8.3,0.412,1.6,4.8,0.341,1.8,3.5,0.509,0.511,1.6,2.0,0.821,1.0,3.6,4.6,1.3,1.0,0.4,1.1,2.4,10.0,,2025
21.0,Zion Williamson,19.0,NOP,PF,24.0,24.0,27.8,8.8,15.0,0.583,0.3,0.6,0.429,8.5,14.4,0.59,0.592,4.8,7.4,0.64,2.7,3.6,6.3,2.1,0.7,0.4,2.5,1.8,22.5,,2020
8.0,Zion Williamson,20.0,NOP,PF,61.0,61.0,33.2,10.4,17.0,0.611,0.2,0.6,0.294,10.2,16.4,0.622,0.616,6.0,8.7,0.698,2.7,4.5,7.2,3.7,0.9,0.6,2.7,2.2,27.0,,2021
16.0,Zion Williamson,22.0,NOP,PF,29.0,29.0,33.0,9.8,16.2,0.608,0.2,0.7,0.368,9.6,15.5,0.618,0.615,6.1,8.6,0.714,2.0,5.0,7.0,4.6,1.1,0.6,3.4,2.2,26.0,,2023
28.0,Zion Williamson,23.0,NOP,PF,70.0,70.0,31.5,8.9,15.6,0.57,0.1,0.3,0.333,8.8,15.4,0.574,0.573,5.0,7.1,0.702,1.7,4.1,5.8,5.0,1.1,0.7,2.8,2.3,22.9,,2024
17.0,Zion Williamson,24.0,NOP,PF,30.0,30.0,28.6,9.6,16.9,0.567,0.1,0.4,0.231,9.5,16.5,0.576,0.57,5.3,8.0,0.656,2.5,4.7,7.2,5.3,1.2,0.9,3.0,2.7,24.6,,2025
284.0,Álex Abrines,23.0,OKC,SG,68.0,6.0,15.5,2.0,5.0,0.393,1.4,3.6,0.381,0.6,1.4,0.426,0.531,0.6,0.7,0.898,0.3,1.0,1.3,0.6,0.5,0.1,0.5,1.7,6.0,,2017
358.0,Álex Abrines,24.0,OKC,SG,75.0,8.0,15.1,1.5,3.9,0.395,1.1,2.9,0.38,0.4,0.9,0.443,0.54,0.5,0.6,0.848,0.3,1.2,1.5,0.4,0.5,0.1,0.3,1.7,4.7,,2018
343.0,Álex Abrines,25.0,OKC,SG,31.0,2.0,19.0,1.8,5.1,0.357,1.3,4.1,0.323,0.5,1.0,0.5,0.487,0.4,0.4,0.923,0.2,1.4,1.5,0.6,0.5,0.2,0.5,1.7,5.3,,2019
232.0,Ömer Aşık,28.0,NOP,C,76.0,76.0,26.1,2.8,5.4,0.517,0.0,0.0,,2.8,5.4,0.517,0.517,1.7,3.0,0.582,3.2,6.6,9.8,0.9,0.4,0.7,1.3,1.9,7.3,,2015
357.0,Ömer Aşık,29.0,NOP,C,68.0,64.0,17.3,1.5,2.9,0.533,0.0,0.0,,1.5,2.9,0.533,0.533,0.9,1.6,0.545,1.8,4.3,6.1,0.4,0.3,0.3,0.9,1.8,4.0,,2016
418.0,Ömer Aşık,30.0,NOP,C,31.0,19.0,15.5,1.0,2.1,0.477,0.0,0.0,,1.0,2.1,0.477,0.477,0.7,1.3,0.59,1.5,3.7,5.3,0.5,0.2,0.3,0.5,1.6,2.7,,2017
